Symbol,Start_Date,End_Date,Mean_Price,Volatility,Start_Price,End_Price,nday_Return,Mean_log_Return,Min_Day_Change,Max_Day_Change
SWANENERGY,2016-11-01,2016-11-07,109.91,0.02,103.8,118.55,0.13,0.03,0.0,0.06
CROMPGREAV,2016-11-01,2016-11-07,78.92,0.05,77.5,85.9,0.1,0.03,-0.0,0.11
HINDALCO,2016-11-01,2016-11-07,160.54,0.03,156.95,167.6,0.07,0.02,-0.02,0.05
ITC,2016-11-01,2016-11-07,244.62,0.02,239.95,256.5,0.07,0.02,-0.01,0.04
HCLTECH,2016-11-01,2016-11-07,782.45,0.02,772.9,817.2,0.06,0.01,-0.01,0.04
SREINFRA,2016-11-01,2016-11-07,80.95,0.05,78.4,83.4,0.06,0.02,-0.04,0.07
JSWHL,2016-11-01,2016-11-07,1231.94,0.03,1224.8,1299.8,0.06,0.01,-0.04,0.04
SONATSOFTW,2016-11-01,2016-11-07,159.29,0.03,155.75,163.4,0.05,0.01,-0.02,0.05
ZENSARTECH,2016-11-01,2016-11-07,978.79,0.07,929.85,965.4,0.04,0.01,-0.06,0.12
STAR,2016-11-01,2016-11-07,1077.01,0.05,1058.15,1092.8,0.03,0.01,-0.06,0.07
SKFINDIA,2016-11-01,2016-11-07,1455.5,0.03,1415.25,1453.6,0.03,0.01,-0.04,0.05
INFIBEAM,2016-11-01,2016-11-07,958.64,0.02,946.55,973.6,0.03,0.01,-0.02,0.03
TECHM,2016-11-01,2016-11-07,433.25,0.02,433.55,444.85,0.03,0.01,-0.01,0.03
PVR,2016-11-01,2016-11-07,1229.35,0.02,1234.95,1266.45,0.03,0.01,-0.02,0.03
THOMASCOOK,2016-11-01,2016-11-07,215.07,0.02,215.05,218.55,0.02,0.0,-0.02,0.03
DABUR,2016-11-01,2016-11-07,295.01,0.01,291.25,297.2,0.02,0.01,-0.01,0.02
APLAPOLLO,2016-11-01,2016-11-07,920.06,0.02,915.65,934.45,0.02,0.01,-0.02,0.03
AXISBANK,2016-11-01,2016-11-07,478.51,0.01,475.8,485.4,0.02,0.0,-0.0,0.01
TORNTPOWER,2016-11-01,2016-11-07,177.95,0.02,176.0,178.65,0.01,0.0,-0.02,0.02
MRF,2016-11-01,2016-11-07,50192.08,0.01,50095.4,50851.9,0.01,0.0,-0.01,0.01
SIMPLEXINF,2016-11-01,2016-11-07,324.16,0.01,325.0,328.05,0.01,0.0,-0.01,0.02
DYNAMATECH,2016-11-01,2016-11-07,3194.08,0.03,3226.5,3271.15,0.01,0.0,-0.02,0.05
SUPREMEIND,2016-11-01,2016-11-07,891.76,0.01,890.4,901.1,0.01,0.0,-0.01,0.02
SUNDRMFAST,2016-11-01,2016-11-07,326.97,0.03,322.1,324.45,0.01,0.0,-0.05,0.04
SITINET,2016-11-01,2016-11-07,35.1,0.01,34.75,35.0,0.01,0.0,-0.01,0.01
INOXLEISUR,2016-11-01,2016-11-07,244.91,0.01,245.1,247.95,0.01,0.0,-0.01,0.02
UBL,2016-11-01,2016-11-07,878.19,0.01,881.45,892.05,0.01,0.0,-0.01,0.02
KPRMILL,2016-11-01,2016-11-07,2276.28,0.02,2295.9,2322.3,0.01,0.0,-0.02,0.03
LUPIN,2016-11-01,2016-11-07,1482.16,0.04,1508.35,1518.6,0.01,0.0,-0.03,0.07
LALPATHLAB,2016-11-01,2016-11-07,1170.08,0.02,1162.05,1171.95,0.01,0.0,-0.04,0.02
OCL,2016-11-01,2016-11-07,947.47,0.03,955.45,965.9,0.01,0.0,-0.03,0.03
CCL,2016-11-01,2016-11-07,250.33,0.0,250.1,251.55,0.01,0.0,-0.0,0.01
LAKSHVILAS,2016-11-01,2016-11-07,153.57,0.02,154.8,156.15,0.01,0.0,-0.02,0.04
NLCINDIA,2016-11-01,2016-11-07,80.85,0.03,80.55,81.0,0.01,0.0,-0.03,0.04
ICICIBANK,2016-11-01,2016-11-07,273.1,0.02,275.35,278.7,0.01,0.0,-0.01,0.03
CUB,2016-11-01,2016-11-07,149.84,0.0,149.6,150.5,0.01,0.0,-0.0,0.01
GAYAPROJ,2016-11-01,2016-11-07,663.33,0.03,670.95,680.25,0.01,0.0,-0.02,0.05
KOTAKBANK,2016-11-01,2016-11-07,803.41,0.0,805.55,801.85,-0.0,-0.0,-0.01,0.0
JYOTHYLAB,2016-11-01,2016-11-07,355.48,0.02,359.5,359.8,0.0,0.0,-0.02,0.03
CERA,2016-11-01,2016-11-07,2716.03,0.01,2713.05,2706.3,-0.0,-0.0,-0.01,0.02
NIITTECH,2016-11-01,2016-11-07,402.77,0.02,404.4,404.9,0.0,0.0,-0.03,0.02
BRFL,2016-11-01,2016-11-07,154.24,0.02,153.8,153.05,-0.0,-0.0,-0.02,0.02
BLUEDART,2016-11-01,2016-11-07,5105.56,0.0,5097.8,5093.9,-0.0,-0.0,-0.01,0.0
DCBBANK,2016-11-01,2016-11-07,128.65,0.01,129.3,128.7,-0.0,-0.0,-0.02,0.02
SHILPAMED,2016-11-01,2016-11-07,584.29,0.02,589.15,590.0,0.0,0.0,-0.01,0.03
GVKPIL,2016-11-01,2016-11-07,6.64,0.06,6.6,6.6,0.0,0.0,-0.07,0.1
CAIRN,2016-11-01,2016-11-07,240.73,0.01,242.7,242.4,-0.0,-0.0,-0.01,0.02
KEC,2016-11-01,2016-11-07,124.3,0.01,125.65,125.95,0.0,0.0,-0.02,0.02
NTPC,2016-11-01,2016-11-07,154.63,0.01,155.0,155.1,0.0,0.0,-0.02,0.01
HATHWAY,2016-11-01,2016-11-07,30.25,0.01,30.3,30.35,0.0,0.0,-0.01,0.01
RELIGARE,2016-11-01,2016-11-07,268.29,0.01,268.5,268.7,0.0,0.0,-0.02,0.02
ESSELPACK,2016-11-01,2016-11-07,246.91,0.03,250.5,249.9,-0.0,-0.0,-0.03,0.04
WELSPUNIND,2016-11-01,2016-11-07,63.98,0.02,63.2,63.4,0.0,0.0,-0.02,0.04
AHLUCONT,2016-11-01,2016-11-07,287.59,0.02,290.5,289.75,-0.0,-0.0,-0.02,0.03
MONSANTO,2016-11-01,2016-11-07,2337.52,0.0,2346.15,2334.55,-0.0,-0.0,-0.0,0.0
AKZOINDIA,2016-11-01,2016-11-07,1646.67,0.01,1637.6,1640.85,0.0,0.0,-0.01,0.02
ZEEL,2016-11-01,2016-11-07,505.41,0.01,509.35,507.4,-0.0,-0.0,-0.02,0.01
VIDEOIND,2016-11-01,2016-11-07,104.11,0.0,104.05,104.25,0.0,0.0,0.0,0.0
INFRATEL,2016-11-01,2016-11-07,364.42,0.04,355.45,355.4,-0.0,-0.0,-0.05,0.04
PRAJIND,2016-11-01,2016-11-07,82.73,0.02,83.2,83.2,0.0,0.0,-0.02,0.03
VAKRANGEE,2016-11-01,2016-11-07,251.49,0.02,254.45,255.25,0.0,0.0,-0.03,0.02
HSIL,2016-11-01,2016-11-07,348.2,0.02,350.55,351.35,0.0,0.0,-0.02,0.02
ECLERX,2016-11-01,2016-11-07,1503.01,0.01,1513.5,1509.25,-0.0,-0.0,-0.01,0.01
INDUSINDBK,2016-11-01,2016-11-07,1221.9,0.01,1214.25,1215.7,0.0,0.0,-0.01,0.01
HINDUNILVR,2016-11-01,2016-11-07,840.28,0.01,835.25,837.65,0.0,0.0,-0.01,0.01
PFIZER,2016-11-01,2016-11-07,1785.45,0.01,1790.7,1782.1,-0.0,-0.0,-0.02,0.01
ABFRL,2016-11-01,2016-11-07,220.35,0.0,220.35,220.35,0.0,0.0,0.0,0.0
CONCOR,2016-11-01,2016-11-07,1372.33,0.01,1370.5,1370.65,0.0,0.0,-0.01,0.01
COLPAL,2016-11-01,2016-11-07,969.04,0.02,973.05,977.0,0.0,0.0,-0.02,0.03
HEROMOTOCO,2016-11-01,2016-11-07,3344.42,0.02,3370.2,3358.6,-0.0,-0.0,-0.03,0.02
ABB,2016-11-01,2016-11-07,1092.42,0.01,1098.1,1100.2,0.0,0.0,-0.01,0.01
OFSS,2016-11-01,2016-11-07,3196.81,0.0,3198.0,3198.4,0.0,0.0,-0.0,0.01
FSL,2016-11-01,2016-11-07,34.75,0.0,34.75,34.75,0.0,0.0,0.0,0.0
DBCORP,2016-11-01,2016-11-07,381.55,0.0,384.3,380.4,-0.01,-0.0,-0.01,0.0
GAIL,2016-11-01,2016-11-07,427.74,0.01,432.35,426.35,-0.01,-0.0,-0.01,0.01
MAHINDCIE,2016-11-01,2016-11-07,196.86,0.01,199.1,197.5,-0.01,-0.0,-0.02,0.01
PERSISTENT,2016-11-01,2016-11-07,657.4,0.01,663.9,656.2,-0.01,-0.0,-0.02,0.01
OMAXE,2016-11-01,2016-11-07,166.44,0.0,168.3,165.85,-0.01,-0.0,-0.01,0.0
GILLETTE,2016-11-01,2016-11-07,4302.79,0.02,4299.0,4277.5,-0.01,-0.0,-0.03,0.02
DEN,2016-11-01,2016-11-07,77.69,0.01,77.5,77.1,-0.01,-0.0,-0.01,0.01
LINDEINDIA,2016-11-01,2016-11-07,375.48,0.01,380.75,375.2,-0.01,-0.0,-0.01,0.01
PTC,2016-11-01,2016-11-07,73.85,0.02,74.9,74.25,-0.01,-0.0,-0.03,0.03
MFSL,2016-11-01,2016-11-07,547.88,0.01,558.2,551.65,-0.01,-0.0,-0.02,0.02
GULFOILLUB,2016-11-01,2016-11-07,741.77,0.02,758.2,749.4,-0.01,-0.0,-0.03,0.02
LAOPALA,2016-11-01,2016-11-07,548.18,0.01,555.4,547.6,-0.01,-0.0,-0.02,0.02
SANOFI,2016-11-01,2016-11-07,4269.17,0.01,4308.1,4251.95,-0.01,-0.0,-0.01,0.01
ACC,2016-11-01,2016-11-07,1495.96,0.01,1503.85,1487.65,-0.01,-0.0,-0.01,0.01
INDOCO,2016-11-01,2016-11-07,280.12,0.01,283.7,280.05,-0.01,-0.0,-0.02,0.02
ADANITRANS,2016-11-01,2016-11-07,45.9,0.02,46.8,46.15,-0.01,-0.0,-0.03,0.01
VRLLOG,2016-11-01,2016-11-07,283.95,0.01,287.1,283.15,-0.01,-0.0,-0.02,0.01
INFY,2016-11-01,2016-11-07,977.26,0.01,989.45,977.95,-0.01,-0.0,-0.01,0.01
AMBUJACEM,2016-11-01,2016-11-07,242.15,0.01,244.5,241.7,-0.01,-0.0,-0.02,0.01
TRITURBINE,2016-11-01,2016-11-07,126.97,0.0,127.1,126.4,-0.01,-0.0,-0.01,0.0
TITAN,2016-11-01,2016-11-07,373.41,0.01,372.7,370.5,-0.01,-0.0,-0.02,0.01
ASHOKLEY,2016-11-01,2016-11-07,90.32,0.01,90.1,89.45,-0.01,-0.0,-0.02,0.02
HEXAWARE,2016-11-01,2016-11-07,200.73,0.02,204.45,202.5,-0.01,-0.0,-0.02,0.02
THERMAX,2016-11-01,2016-11-07,852.87,0.0,855.9,848.2,-0.01,-0.0,-0.01,0.0
BAJAJCORP,2016-11-01,2016-11-07,400.32,0.01,403.45,400.35,-0.01,-0.0,-0.01,0.01
TATASTEEL,2016-11-01,2016-11-07,410.01,0.02,417.7,412.6,-0.01,-0.0,-0.02,0.02
ITDCEM,2016-11-01,2016-11-07,144.5,0.03,148.15,146.65,-0.01,-0.0,-0.02,0.05
HDFCBANK,2016-11-01,2016-11-07,1250.81,0.01,1259.8,1249.45,-0.01,-0.0,-0.01,0.01
NH,2016-11-01,2016-11-07,341.6,0.01,344.95,341.7,-0.01,-0.0,-0.01,0.01
BASF,2016-11-01,2016-11-07,1234.15,0.01,1243.05,1231.1,-0.01,-0.0,-0.01,0.01
NHPC,2016-11-01,2016-11-07,26.36,0.0,26.55,26.2,-0.01,-0.0,-0.01,0.0
KANSAINER,2016-11-01,2016-11-07,371.29,0.0,374.65,370.0,-0.01,-0.0,-0.01,0.0
BHARATFORG,2016-11-01,2016-11-07,852.59,0.02,866.7,858.65,-0.01,-0.0,-0.02,0.03
BIRLACORPN,2016-11-01,2016-11-07,779.78,0.01,787.45,776.1,-0.01,-0.0,-0.01,0.01
KITEX,2016-11-01,2016-11-07,428.86,0.02,428.75,425.2,-0.01,-0.0,-0.03,0.02
BRITANNIA,2016-11-01,2016-11-07,3307.84,0.0,3330.55,3302.55,-0.01,-0.0,-0.01,0.0
ORIENTCEM,2016-11-01,2016-11-07,172.05,0.01,173.65,171.95,-0.01,-0.0,-0.02,0.01
MUTHOOTFIN,2016-11-01,2016-11-07,352.57,0.02,361.75,353.75,-0.02,-0.01,-0.03,0.03
MYSOREBANK,2016-11-01,2016-11-07,533.43,0.03,550.15,538.85,-0.02,-0.01,-0.03,0.04
ZYDUSWELL,2016-11-01,2016-11-07,855.67,0.01,869.5,853.5,-0.02,-0.0,-0.02,0.01
MPHASIS,2016-11-01,2016-11-07,513.16,0.02,518.0,510.25,-0.02,-0.0,-0.03,0.01
NAVINFLUOR,2016-11-01,2016-11-07,2464.33,0.02,2495.8,2443.45,-0.02,-0.01,-0.03,0.02
INDIGO,2016-11-01,2016-11-07,930.67,0.01,940.2,925.25,-0.02,-0.0,-0.01,0.01
HONAUT,2016-11-01,2016-11-07,8830.57,0.01,8892.7,8686.85,-0.02,-0.01,-0.01,0.0
HIMATSEIDE,2016-11-01,2016-11-07,290.87,0.03,293.1,288.0,-0.02,-0.0,-0.06,0.02
HCC,2016-11-01,2016-11-07,35.68,0.03,36.6,35.85,-0.02,-0.01,-0.03,0.04
8KMILES,2016-11-01,2016-11-07,770.01,0.01,784.85,766.5,-0.02,-0.01,-0.02,0.01
GRUH,2016-11-01,2016-11-07,323.95,0.01,329.35,322.4,-0.02,-0.01,-0.01,0.01
GODREJPROP,2016-11-01,2016-11-07,361.02,0.01,365.05,357.45,-0.02,-0.01,-0.02,0.01
FAGBEARING,2016-11-01,2016-11-07,4335.5,0.02,4403.25,4312.45,-0.02,-0.01,-0.03,0.02
LAXMIMACH,2016-11-01,2016-11-07,4280.49,0.01,4298.85,4229.4,-0.02,-0.0,-0.01,0.01
GLAXO,2016-11-01,2016-11-07,2816.55,0.0,2856.2,2786.7,-0.02,-0.01,-0.01,-0.0
MANPASAND,2016-11-01,2016-11-07,707.69,0.0,716.85,701.0,-0.02,-0.01,-0.01,-0.0
MAYURUNIQ,2016-11-01,2016-11-07,420.13,0.01,428.05,419.65,-0.02,-0.0,-0.02,0.01
MINDTREE,2016-11-01,2016-11-07,431.17,0.01,439.55,429.25,-0.02,-0.01,-0.01,0.01
MMTC,2016-11-01,2016-11-07,50.36,0.04,49.8,49.05,-0.02,-0.0,-0.06,0.05
NATCOPHARM,2016-11-01,2016-11-07,581.36,0.02,594.5,583.65,-0.02,-0.0,-0.02,0.03
CRISIL,2016-11-01,2016-11-07,2211.22,0.01,2234.15,2186.85,-0.02,-0.01,-0.01,0.01
EIDPARRY,2016-11-01,2016-11-07,259.63,0.02,265.2,259.05,-0.02,-0.01,-0.02,0.02
RKFORGE,2016-11-01,2016-11-07,333.58,0.02,340.8,335.55,-0.02,-0.0,-0.04,0.01
BPCL,2016-11-01,2016-11-07,656.79,0.02,676.15,660.1,-0.02,-0.01,-0.02,0.03
SBIN,2016-11-01,2016-11-07,250.24,0.03,258.95,252.7,-0.02,-0.01,-0.03,0.04
SBT,2016-11-01,2016-11-07,533.1,0.03,550.85,538.45,-0.02,-0.01,-0.03,0.04
SCI,2016-11-01,2016-11-07,67.92,0.02,69.95,68.3,-0.02,-0.01,-0.03,0.03
SHREECEM,2016-11-01,2016-11-07,16526.2,0.03,16815.2,16400.9,-0.02,-0.01,-0.03,0.04
NAVKARCORP,2016-11-01,2016-11-07,200.1,0.02,202.3,198.1,-0.02,-0.01,-0.03,0.01
BERGEPAINT,2016-11-01,2016-11-07,259.31,0.01,260.85,255.65,-0.02,-0.01,-0.02,0.0
SOMANYCERA,2016-11-01,2016-11-07,647.66,0.01,654.65,641.95,-0.02,-0.0,-0.02,0.01
BEL,2016-11-01,2016-11-07,1307.85,0.01,1330.2,1302.0,-0.02,-0.01,-0.02,0.0
SRTRANSFIN,2016-11-01,2016-11-07,1045.85,0.01,1053.75,1035.05,-0.02,-0.0,-0.02,0.01
SUZLON,2016-11-01,2016-11-07,14.7,0.02,15.1,14.75,-0.02,-0.01,-0.03,0.03
ASTRAZEN,2016-11-01,2016-11-07,995.73,0.02,1007.6,982.85,-0.02,-0.01,-0.04,0.01
TRIDENT,2016-11-01,2016-11-07,58.66,0.03,59.6,58.6,-0.02,-0.0,-0.04,0.03
TVTODAY,2016-11-01,2016-11-07,340.81,0.02,340.7,335.5,-0.02,-0.0,-0.03,0.02
ULTRACEMCO,2016-11-01,2016-11-07,3908.51,0.01,3976.75,3908.5,-0.02,-0.0,-0.02,0.01
AMARAJABAT,2016-11-01,2016-11-07,1022.87,0.01,1038.65,1013.65,-0.02,-0.01,-0.02,0.01
ALLCARGO,2016-11-01,2016-11-07,193.35,0.01,194.5,191.6,-0.02,-0.0,-0.02,0.01
VEDL,2016-11-01,2016-11-07,216.87,0.01,219.8,215.75,-0.02,-0.0,-0.02,0.01
WABCOINDIA,2016-11-01,2016-11-07,5589.89,0.01,5657.9,5534.05,-0.02,-0.01,-0.01,0.01
WIPRO,2016-11-01,2016-11-07,453.75,0.01,460.75,450.0,-0.02,-0.01,-0.02,0.01
AARTIIND,2016-11-01,2016-11-07,738.28,0.01,746.0,730.3,-0.02,-0.01,-0.01,0.01
SBBJ,2016-11-01,2016-11-07,680.81,0.02,700.8,687.9,-0.02,-0.0,-0.03,0.04
BHEL,2016-11-01,2016-11-07,137.99,0.02,141.55,139.05,-0.02,-0.0,-0.03,0.03
IGL,2016-11-01,2016-11-07,859.67,0.01,869.35,854.1,-0.02,-0.0,-0.01,0.0
POWERGRID,2016-11-01,2016-11-07,174.9,0.01,176.9,174.0,-0.02,-0.0,-0.01,0.0
PNB,2016-11-01,2016-11-07,137.17,0.04,143.9,140.45,-0.02,-0.01,-0.05,0.06
PIDILITIND,2016-11-01,2016-11-07,698.29,0.01,711.4,693.85,-0.02,-0.01,-0.02,0.01
DHANUKA,2016-11-01,2016-11-07,692.08,0.03,702.65,690.55,-0.02,-0.0,-0.04,0.03
RAJESHEXPO,2016-11-01,2016-11-07,459.02,0.02,469.85,459.25,-0.02,-0.01,-0.02,0.02
DIVISLAB,2016-11-01,2016-11-07,1267.07,0.01,1287.6,1266.8,-0.02,-0.0,-0.02,0.01
RAMCOCEM,2016-11-01,2016-11-07,611.32,0.02,628.4,613.85,-0.02,-0.01,-0.03,0.02
CEATLTD,2016-11-01,2016-11-07,1221.11,0.03,1248.4,1220.3,-0.02,-0.01,-0.04,0.02
PGHH,2016-11-01,2016-11-07,7039.79,0.01,7049.6,6912.1,-0.02,-0.0,-0.01,0.02
CUMMINSIND,2016-11-01,2016-11-07,840.13,0.01,852.75,838.7,-0.02,-0.0,-0.01,0.01
TORNTPHARM,2016-11-01,2016-11-07,1333.74,0.02,1379.65,1333.3,-0.03,-0.01,-0.03,0.03
IPAPPM,2016-11-01,2016-11-07,299.84,0.02,304.2,294.45,-0.03,-0.01,-0.03,0.01
IOC,2016-11-01,2016-11-07,314.55,0.02,325.15,315.75,-0.03,-0.01,-0.03,0.03
TNPL,2016-11-01,2016-11-07,370.69,0.02,381.55,368.45,-0.03,-0.01,-0.03,0.02
IGARASHI,2016-11-01,2016-11-07,781.35,0.02,804.85,778.9,-0.03,-0.01,-0.02,0.01
TIMKEN,2016-11-01,2016-11-07,568.72,0.02,578.95,561.75,-0.03,-0.01,-0.03,0.01
PAGEIND,2016-11-01,2016-11-07,15967.46,0.01,16354.7,15912.2,-0.03,-0.01,-0.03,0.01
INGERRAND,2016-11-01,2016-11-07,712.58,0.01,726.1,707.55,-0.03,-0.01,-0.02,0.01
PCJEWELLER,2016-11-01,2016-11-07,484.17,0.02,497.7,481.95,-0.03,-0.01,-0.03,0.02
OIL,2016-11-01,2016-11-07,545.76,0.01,557.33,543.4,-0.03,-0.01,-0.02,0.01
VINATIORGA,2016-11-01,2016-11-07,586.72,0.02,591.45,575.95,-0.03,-0.01,-0.04,0.02
MRPL,2016-11-01,2016-11-07,89.98,0.01,91.35,88.95,-0.03,-0.01,-0.01,0.0
YESBANK,2016-11-01,2016-11-07,1214.27,0.02,1249.45,1207.35,-0.03,-0.01,-0.03,0.01
NBCC,2016-11-01,2016-11-07,235.64,0.02,240.7,234.4,-0.03,-0.01,-0.03,0.03
INDHOTEL,2016-11-01,2016-11-07,113.48,0.03,117.05,113.8,-0.03,-0.01,-0.05,0.03
IIFL,2016-11-01,2016-11-07,312.1,0.02,315.75,306.0,-0.03,-0.01,-0.04,0.01
TCS,2016-11-01,2016-11-07,2316.22,0.01,2350.0,2277.05,-0.03,-0.01,-0.02,0.01
RDEL,2016-11-01,2016-11-07,57.89,0.03,59.55,57.55,-0.03,-0.01,-0.04,0.03
JCHAC,2016-11-01,2016-11-07,1471.27,0.02,1482.2,1436.55,-0.03,-0.01,-0.03,0.02
SUPRAJIT,2016-11-01,2016-11-07,208.05,0.02,211.95,204.7,-0.03,-0.01,-0.03,0.01
RCOM,2016-11-01,2016-11-07,45.65,0.02,46.5,45.0,-0.03,-0.01,-0.05,0.02
RUCHISOYA,2016-11-01,2016-11-07,22.79,0.01,23.2,22.6,-0.03,-0.01,-0.02,0.01
SAIL,2016-11-01,2016-11-07,51.14,0.02,52.3,51.0,-0.03,-0.01,-0.02,0.02
KRBL,2016-11-01,2016-11-07,239.68,0.01,244.9,236.6,-0.03,-0.01,-0.02,0.01
MAHLIFE,2016-11-01,2016-11-07,418.06,0.02,429.85,418.95,-0.03,-0.01,-0.02,0.03
MANAPPURAM,2016-11-01,2016-11-07,100.08,0.02,102.7,99.4,-0.03,-0.01,-0.03,0.01
RADICO,2016-11-01,2016-11-07,140.74,0.03,145.85,141.65,-0.03,-0.01,-0.05,0.02
KARURVYSYA,2016-11-01,2016-11-07,473.15,0.01,482.8,467.7,-0.03,-0.01,-0.02,-0.0
PRISMCEM,2016-11-01,2016-11-07,104.29,0.01,106.35,103.0,-0.03,-0.01,-0.03,0.01
SMLISUZU,2016-11-01,2016-11-07,1291.75,0.01,1323.65,1281.8,-0.03,-0.01,-0.02,0.01
KALPATPOWR,2016-11-01,2016-11-07,247.27,0.01,253.9,245.95,-0.03,-0.01,-0.02,0.01
SOLARINDS,2016-11-01,2016-11-07,681.65,0.01,692.65,673.6,-0.03,-0.01,-0.02,0.01
MARUTI,2016-11-01,2016-11-07,5779.81,0.01,5878.1,5715.95,-0.03,-0.01,-0.02,0.0
SOUTHBANK,2016-11-01,2016-11-07,23.03,0.02,23.7,23.0,-0.03,-0.01,-0.03,0.02
MERCK,2016-11-01,2016-11-07,813.12,0.02,834.9,810.25,-0.03,-0.01,-0.02,0.02
JKCEMENT,2016-11-01,2016-11-07,893.75,0.03,924.95,901.3,-0.03,-0.01,-0.03,0.05
STCINDIA,2016-11-01,2016-11-07,131.85,0.04,132.3,128.55,-0.03,-0.01,-0.06,0.04
SUNTV,2016-11-01,2016-11-07,531.15,0.01,543.0,528.4,-0.03,-0.01,-0.02,0.01
RELCAPITAL,2016-11-01,2016-11-07,506.83,0.02,520.7,507.3,-0.03,-0.01,-0.03,0.02
JISLJALEQS,2016-11-01,2016-11-07,101.19,0.02,104.05,101.2,-0.03,-0.01,-0.02,0.03
3MINDIA,2016-11-01,2016-11-07,12960.9,0.01,13180.2,12822.8,-0.03,-0.01,-0.02,0.01
DALMIABHA,2016-11-01,2016-11-07,2033.21,0.02,2082.3,2024.65,-0.03,-0.01,-0.02,0.02
BRIGADE,2016-11-01,2016-11-07,178.54,0.01,180.1,175.3,-0.03,-0.01,-0.02,0.01
GODREJCP,2016-11-01,2016-11-07,1543.81,0.01,1573.7,1520.75,-0.03,-0.01,-0.02,-0.0
APLLTD,2016-11-01,2016-11-07,667.01,0.01,674.3,656.95,-0.03,-0.01,-0.03,0.01
GODFRYPHLP,2016-11-01,2016-11-07,1401.22,0.01,1415.9,1377.0,-0.03,-0.01,-0.02,0.01
EIHOTEL,2016-11-01,2016-11-07,108.86,0.01,111.2,108.05,-0.03,-0.01,-0.02,0.0
COALINDIA,2016-11-01,2016-11-07,324.04,0.02,330.05,319.3,-0.03,-0.01,-0.03,0.01
COFFEEDAY,2016-11-01,2016-11-07,220.81,0.01,224.25,218.05,-0.03,-0.01,-0.02,0.0
BALRAMCHIN,2016-11-01,2016-11-07,109.13,0.03,112.75,109.75,-0.03,-0.01,-0.04,0.05
BALMLAWRIE,2016-11-01,2016-11-07,3098.72,0.01,3155.6,3072.2,-0.03,-0.01,-0.02,0.01
BIOCON,2016-11-01,2016-11-07,903.53,0.02,925.05,898.1,-0.03,-0.01,-0.03,0.02
GUJGASLTD,2016-11-01,2016-11-07,558.55,0.01,575.0,556.5,-0.03,-0.01,-0.03,0.01
ARVIND,2016-11-01,2016-11-07,407.42,0.01,415.8,404.95,-0.03,-0.01,-0.02,0.02
CARBORUNIV,2016-11-01,2016-11-07,270.98,0.02,280.05,271.25,-0.03,-0.01,-0.03,0.02
HMVL,2016-11-01,2016-11-07,297.79,0.01,302.85,294.65,-0.03,-0.01,-0.02,0.01
BAJAJHLDNG,2016-11-01,2016-11-07,2180.12,0.01,2190.7,2122.4,-0.03,-0.01,-0.03,0.01
AEGISCHEM,2016-11-01,2016-11-07,155.9,0.03,157.95,153.35,-0.03,-0.01,-0.04,0.04
FLFL,2016-11-01,2016-11-07,142.8,0.02,145.45,141.0,-0.03,-0.01,-0.04,0.01
GREENPLY,2016-11-01,2016-11-07,294.74,0.01,302.25,292.95,-0.03,-0.01,-0.02,0.01
FINPIPE,2016-11-01,2016-11-07,450.0,0.01,457.3,445.85,-0.03,-0.01,-0.02,0.0
FINCABLES,2016-11-01,2016-11-07,437.69,0.01,446.05,430.95,-0.03,-0.01,-0.02,-0.0
DREDGECORP,2016-11-01,2016-11-07,407.01,0.02,411.2,399.5,-0.03,-0.01,-0.03,0.02
HDFC,2016-11-01,2016-11-07,1398.14,0.0,1417.2,1381.4,-0.03,-0.01,-0.01,-0.0
GREAVESCOT,2016-11-01,2016-11-07,136.39,0.01,140.25,134.3,-0.04,-0.01,-0.02,-0.0
BALKRISIND,2016-11-01,2016-11-07,1022.13,0.03,1048.55,1005.85,-0.04,-0.01,-0.05,0.03
KSBPUMPS,2016-11-01,2016-11-07,594.22,0.01,603.05,582.0,-0.04,-0.01,-0.02,0.01
CENTRALBK,2016-11-01,2016-11-07,90.08,0.01,91.3,87.75,-0.04,-0.01,-0.03,0.0
GRINDWELL,2016-11-01,2016-11-07,326.97,0.01,334.2,322.5,-0.04,-0.01,-0.03,0.01
BAJAJHIND,2016-11-01,2016-11-07,16.35,0.02,16.75,16.05,-0.04,-0.01,-0.04,0.01
SYMPHONY,2016-11-01,2016-11-07,1305.85,0.01,1337.05,1283.75,-0.04,-0.01,-0.03,0.01
BHARTIARTL,2016-11-01,2016-11-07,309.66,0.01,317.45,305.6,-0.04,-0.01,-0.03,-0.0
BEML,2016-11-01,2016-11-07,899.25,0.01,924.9,887.45,-0.04,-0.01,-0.03,0.01
SNOWMAN,2016-11-01,2016-11-07,63.23,0.02,64.0,61.6,-0.04,-0.01,-0.05,0.01
BHARATFIN,2016-11-01,2016-11-07,823.57,0.03,852.2,818.8,-0.04,-0.01,-0.04,0.03
CHOLAFIN,2016-11-01,2016-11-07,1140.07,0.01,1166.45,1116.7,-0.04,-0.01,-0.02,-0.0
BHUSANSTL,2016-11-01,2016-11-07,44.29,0.02,45.65,43.9,-0.04,-0.01,-0.03,0.02
CASTROLIND,2016-11-01,2016-11-07,436.96,0.02,452.15,434.35,-0.04,-0.01,-0.04,0.01
REDINGTON,2016-11-01,2016-11-07,100.9,0.02,104.05,100.2,-0.04,-0.01,-0.03,0.03
BLUESTARCO,2016-11-01,2016-11-07,550.73,0.01,564.75,541.75,-0.04,-0.01,-0.02,0.01
BOSCHLTD,2016-11-01,2016-11-07,21687.38,0.01,22314.2,21422.6,-0.04,-0.01,-0.03,0.0
CANBK,2016-11-01,2016-11-07,298.04,0.03,311.65,299.05,-0.04,-0.01,-0.06,0.03
SADBHAV,2016-11-01,2016-11-07,269.06,0.01,276.9,267.35,-0.04,-0.01,-0.03,0.01
MHRIL,2016-11-01,2016-11-07,442.18,0.01,455.9,440.15,-0.04,-0.01,-0.03,0.01
FDC,2016-11-01,2016-11-07,220.67,0.01,225.3,216.85,-0.04,-0.01,-0.03,0.01
ROLTA,2016-11-01,2016-11-07,61.17,0.01,62.65,60.4,-0.04,-0.01,-0.02,0.01
RENUKA,2016-11-01,2016-11-07,15.17,0.02,15.65,15.0,-0.04,-0.01,-0.03,0.02
KAJARIACER,2016-11-01,2016-11-07,617.42,0.02,638.35,613.4,-0.04,-0.01,-0.02,0.02
JUBLFOOD,2016-11-01,2016-11-07,972.91,0.01,999.35,963.3,-0.04,-0.01,-0.02,0.0
TATAPOWER,2016-11-01,2016-11-07,76.37,0.01,78.15,75.35,-0.04,-0.01,-0.03,0.01
TVSMOTOR,2016-11-01,2016-11-07,395.88,0.01,403.75,389.65,-0.04,-0.01,-0.02,0.0
IRB,2016-11-01,2016-11-07,224.91,0.02,233.1,223.4,-0.04,-0.01,-0.03,0.02
AJANTPHARM,2016-11-01,2016-11-07,1939.39,0.02,1998.95,1916.4,-0.04,-0.01,-0.04,0.02
VIPIND,2016-11-01,2016-11-07,138.05,0.03,143.85,138.35,-0.04,-0.01,-0.04,0.04
HINDPETRO,2016-11-01,2016-11-07,447.04,0.02,464.85,444.95,-0.04,-0.01,-0.04,0.02
IOB,2016-11-01,2016-11-07,25.91,0.01,26.65,25.5,-0.04,-0.01,-0.02,0.01
AIAENG,2016-11-01,2016-11-07,1270.41,0.01,1293.7,1238.55,-0.04,-0.01,-0.03,-0.0
PHOENIXLTD,2016-11-01,2016-11-07,376.6,0.01,381.55,368.35,-0.04,-0.01,-0.02,0.0
HINDZINC,2016-11-01,2016-11-07,265.47,0.02,272.55,262.45,-0.04,-0.01,-0.04,0.03
VTL,2016-11-01,2016-11-07,1109.83,0.01,1135.25,1091.75,-0.04,-0.01,-0.02,-0.0
OBEROIRLTY,2016-11-01,2016-11-07,352.84,0.03,356.85,342.65,-0.04,-0.01,-0.05,0.01
ICIL,2016-11-01,2016-11-07,784.13,0.03,818.1,784.9,-0.04,-0.01,-0.05,0.03
CORPBANK,2016-11-01,2016-11-07,40.9,0.01,42.2,40.4,-0.04,-0.01,-0.03,0.01
IDBI,2016-11-01,2016-11-07,70.27,0.02,72.85,70.25,-0.04,-0.01,-0.04,0.02
WHIRLPOOL,2016-11-01,2016-11-07,1127.09,0.01,1145.3,1100.7,-0.04,-0.01,-0.02,0.0
ADANIPORTS,2016-11-01,2016-11-07,294.89,0.02,305.15,293.5,-0.04,-0.01,-0.04,0.02
EVEREADY,2016-11-01,2016-11-07,251.76,0.02,259.7,250.75,-0.04,-0.01,-0.04,0.0
TVSSRICHAK,2016-11-01,2016-11-07,3769.24,0.01,3880.1,3716.8,-0.04,-0.01,-0.03,-0.0
JMFINANCIL,2016-11-01,2016-11-07,81.09,0.03,84.05,81.15,-0.04,-0.01,-0.04,0.03
ASIANPAINT,2016-11-01,2016-11-07,1051.4,0.01,1076.7,1037.35,-0.04,-0.01,-0.02,0.01
JSWSTEEL,2016-11-01,2016-11-07,16175.8,0.01,16629.0,16005.0,-0.04,-0.01,-0.02,0.01
TECHNO,2016-11-01,2016-11-07,306.0,0.01,314.5,301.7,-0.04,-0.01,-0.03,0.0
DLF,2016-11-01,2016-11-07,144.19,0.03,149.55,144.05,-0.04,-0.01,-0.03,0.03
ATUL,2016-11-01,2016-11-07,2219.6,0.01,2292.6,2196.5,-0.04,-0.01,-0.02,0.01
ASTRAL,2016-11-01,2016-11-07,436.11,0.02,451.55,433.0,-0.04,-0.01,-0.03,0.02
APARINDS,2016-11-01,2016-11-07,571.81,0.02,589.25,564.45,-0.04,-0.01,-0.03,0.01
MOTHERSUMI,2016-11-01,2016-11-07,316.64,0.03,328.75,315.65,-0.04,-0.01,-0.04,0.04
ASHOKA,2016-11-01,2016-11-07,161.19,0.02,167.05,159.75,-0.04,-0.01,-0.04,0.02
HAVELLS,2016-11-01,2016-11-07,398.05,0.02,407.3,392.3,-0.04,-0.01,-0.03,0.02
JINDALPOLY,2016-11-01,2016-11-07,411.88,0.01,423.25,408.05,-0.04,-0.01,-0.02,0.01
APOLLOHOSP,2016-11-01,2016-11-07,1296.95,0.01,1337.8,1280.55,-0.04,-0.01,-0.03,0.0
CENTURYTEX,2016-11-01,2016-11-07,991.59,0.01,1023.9,978.25,-0.05,-0.01,-0.03,0.0
CESC,2016-11-01,2016-11-07,606.16,0.03,628.6,596.35,-0.05,-0.01,-0.05,0.02
POLARIS,2016-11-01,2016-11-07,158.75,0.01,163.65,155.5,-0.05,-0.01,-0.02,-0.0
RECLTD,2016-11-01,2016-11-07,127.05,0.02,132.0,125.9,-0.05,-0.01,-0.03,0.02
PRESTIGE,2016-11-01,2016-11-07,185.74,0.02,192.0,182.1,-0.05,-0.01,-0.03,0.0
PNCINFRA,2016-11-01,2016-11-07,118.28,0.02,122.45,116.85,-0.05,-0.01,-0.03,0.02
RELIANCE,2016-11-01,2016-11-07,1021.08,0.01,1051.0,1001.15,-0.05,-0.01,-0.03,0.0
CIPLA,2016-11-01,2016-11-07,556.46,0.01,571.75,545.75,-0.05,-0.01,-0.03,0.0
CYIENT,2016-11-01,2016-11-07,470.27,0.02,485.15,459.55,-0.05,-0.01,-0.04,0.01
PEL,2016-11-01,2016-11-07,1669.18,0.03,1748.15,1664.3,-0.05,-0.01,-0.03,0.03
RAYMOND,2016-11-01,2016-11-07,626.76,0.01,643.05,611.45,-0.05,-0.01,-0.03,0.01
IFCI,2016-11-01,2016-11-07,24.95,0.02,25.9,24.55,-0.05,-0.01,-0.03,0.02
RIIL,2016-11-01,2016-11-07,405.06,0.02,418.35,398.4,-0.05,-0.01,-0.03,0.01
BAJAJELEC,2016-11-01,2016-11-07,255.39,0.01,260.85,249.35,-0.05,-0.01,-0.03,0.0
ZEELEARN,2016-11-01,2016-11-07,38.16,0.02,39.5,37.7,-0.05,-0.01,-0.03,0.02
WONDERLA,2016-11-01,2016-11-07,378.97,0.01,391.15,372.35,-0.05,-0.01,-0.03,-0.0
ADANIPOWER,2016-11-01,2016-11-07,26.22,0.02,27.15,25.8,-0.05,-0.01,-0.03,0.02
WELCORP,2016-11-01,2016-11-07,67.98,0.02,69.65,66.45,-0.05,-0.01,-0.04,0.01
VSTIND,2016-11-01,2016-11-07,2374.67,0.03,2462.6,2347.15,-0.05,-0.01,-0.04,0.03
VGUARD,2016-11-01,2016-11-07,206.11,0.03,214.7,204.4,-0.05,-0.01,-0.04,0.04
UCOBANK,2016-11-01,2016-11-07,33.61,0.01,34.65,33.0,-0.05,-0.01,-0.02,0.01
ANDHRABANK,2016-11-01,2016-11-07,53.96,0.02,56.3,53.5,-0.05,-0.01,-0.03,0.03
TIDEWATER,2016-11-01,2016-11-07,6057.55,0.01,6225.0,5950.15,-0.05,-0.01,-0.02,0.0
TEXRAIL,2016-11-01,2016-11-07,106.86,0.01,110.95,105.2,-0.05,-0.01,-0.02,0.01
AUROPHARMA,2016-11-01,2016-11-07,772.66,0.04,809.1,767.3,-0.05,-0.01,-0.06,0.05
TATAMOTORS,2016-11-01,2016-11-07,514.55,0.01,530.6,506.35,-0.05,-0.01,-0.03,0.0
CAPF,2016-11-01,2016-11-07,690.88,0.03,715.9,683.1,-0.05,-0.01,-0.05,0.04
SUNDARMFIN,2016-11-01,2016-11-07,1360.49,0.0,1397.1,1326.3,-0.05,-0.01,-0.02,-0.01
DBREALTY,2016-11-01,2016-11-07,46.55,0.02,48.15,45.85,-0.05,-0.01,-0.03,0.02
SRF,2016-11-01,2016-11-07,1741.88,0.02,1813.6,1719.0,-0.05,-0.01,-0.04,0.01
BANKINDIA,2016-11-01,2016-11-07,109.33,0.02,113.85,108.7,-0.05,-0.01,-0.04,0.02
BATAINDIA,2016-11-01,2016-11-07,466.2,0.02,483.85,460.65,-0.05,-0.01,-0.03,0.01
SOBHA,2016-11-01,2016-11-07,268.98,0.02,278.85,265.1,-0.05,-0.01,-0.02,0.02
SIEMENS,2016-11-01,2016-11-07,1134.79,0.01,1164.6,1107.15,-0.05,-0.01,-0.02,-0.0
SHOPERSTOP,2016-11-01,2016-11-07,358.46,0.01,366.8,350.05,-0.05,-0.01,-0.03,-0.0
SHK,2016-11-01,2016-11-07,311.56,0.02,321.25,306.95,-0.05,-0.01,-0.03,0.01
BOMDYEING,2016-11-01,2016-11-07,56.5,0.02,58.75,55.9,-0.05,-0.01,-0.03,0.03
RTNPOWER,2016-11-01,2016-11-07,8.18,0.01,8.45,8.0,-0.05,-0.01,-0.02,0.0
BANKBARODA,2016-11-01,2016-11-07,148.49,0.03,155.3,148.05,-0.05,-0.01,-0.03,0.04
JMTAUTOLTD,2016-11-01,2016-11-07,26.87,0.01,27.6,26.3,-0.05,-0.01,-0.03,0.0
LT,2016-11-01,2016-11-07,1434.76,0.01,1463.15,1398.0,-0.05,-0.01,-0.02,-0.0
FORTIS,2016-11-01,2016-11-07,172.35,0.01,178.65,169.1,-0.05,-0.01,-0.03,0.0
JAICORPLTD,2016-11-01,2016-11-07,70.35,0.02,72.9,69.45,-0.05,-0.01,-0.04,0.02
JAGRAN,2016-11-01,2016-11-07,189.0,0.02,194.65,186.0,-0.05,-0.01,-0.05,0.01
HEIDELBERG,2016-11-01,2016-11-07,140.73,0.02,145.05,137.9,-0.05,-0.01,-0.05,0.0
GDL,2016-11-01,2016-11-07,238.41,0.02,245.75,233.3,-0.05,-0.01,-0.03,0.01
EICHERMOT,2016-11-01,2016-11-07,24520.32,0.01,25321.0,24021.6,-0.05,-0.01,-0.03,0.0
EQUITAS,2016-11-01,2016-11-07,175.13,0.02,178.9,170.85,-0.05,-0.01,-0.03,0.01
GSPL,2016-11-01,2016-11-07,154.85,0.01,160.0,152.65,-0.05,-0.01,-0.02,0.01
LITL,2016-11-01,2016-11-07,4.07,0.01,4.2,4.0,-0.05,-0.01,-0.02,0.0
NETWORK18,2016-11-01,2016-11-07,41.12,0.01,42.25,40.3,-0.05,-0.01,-0.03,0.0
EROSMEDIA,2016-11-01,2016-11-07,187.49,0.02,195.95,185.85,-0.05,-0.01,-0.04,0.02
HINDCOPPER,2016-11-01,2016-11-07,59.96,0.02,61.9,58.95,-0.05,-0.01,-0.04,0.02
JPPOWER,2016-11-01,2016-11-07,4.35,0.02,4.5,4.3,-0.05,-0.01,-0.04,0.02
MCLEODRUSS,2016-11-01,2016-11-07,163.05,0.02,169.55,161.15,-0.05,-0.01,-0.04,0.01
ICRA,2016-11-01,2016-11-07,4220.12,0.01,4282.95,4082.25,-0.05,-0.01,-0.03,0.01
GRASIM,2016-11-01,2016-11-07,925.39,0.02,962.45,918.6,-0.05,-0.01,-0.03,0.02
KPIT,2016-11-01,2016-11-07,133.71,0.03,140.0,133.45,-0.05,-0.01,-0.05,0.01
EXIDEIND,2016-11-01,2016-11-07,195.12,0.02,202.95,193.35,-0.05,-0.01,-0.03,0.02
IDEA,2016-11-01,2016-11-07,73.96,0.02,76.6,73.2,-0.05,-0.01,-0.03,0.01
INDIACEM,2016-11-01,2016-11-07,153.15,0.02,159.9,151.5,-0.05,-0.01,-0.03,0.03
GPPL,2016-11-01,2016-11-07,166.92,0.02,169.1,160.25,-0.05,-0.01,-0.04,0.01
DHFL,2016-11-01,2016-11-07,313.19,0.04,329.05,312.2,-0.05,-0.01,-0.04,0.05
KTKBANK,2016-11-01,2016-11-07,117.31,0.02,122.05,116.45,-0.05,-0.01,-0.04,0.02
GUJFLUORO,2016-11-01,2016-11-07,506.03,0.01,522.7,490.5,-0.06,-0.02,-0.03,-0.0
SCHNEIDER,2016-11-01,2016-11-07,162.48,0.02,168.35,158.6,-0.06,-0.01,-0.03,0.01
GATI,2016-11-01,2016-11-07,140.37,0.03,143.6,135.8,-0.06,-0.01,-0.04,0.03
MARICO,2016-11-01,2016-11-07,266.12,0.01,276.0,258.85,-0.06,-0.02,-0.03,-0.01
JPINFRATEC,2016-11-01,2016-11-07,8.74,0.01,9.0,8.45,-0.06,-0.02,-0.02,-0.01
JSWENERGY,2016-11-01,2016-11-07,64.34,0.01,66.55,62.85,-0.06,-0.01,-0.02,0.0
SEQUENT,2016-11-01,2016-11-07,124.91,0.03,129.5,122.05,-0.06,-0.01,-0.06,0.02
CHENNPETRO,2016-11-01,2016-11-07,268.14,0.04,285.65,268.0,-0.06,-0.02,-0.06,0.06
AVANTIFEED,2016-11-01,2016-11-07,522.48,0.01,540.5,509.95,-0.06,-0.01,-0.03,0.01
GEPIL,2016-11-01,2016-11-07,514.75,0.0,532.05,500.25,-0.06,-0.02,-0.02,-0.01
SHRIRAMCIT,2016-11-01,2016-11-07,2487.72,0.02,2591.8,2439.95,-0.06,-0.02,-0.03,0.01
TATAMTRDVR,2016-11-01,2016-11-07,335.79,0.02,348.55,327.85,-0.06,-0.02,-0.04,0.01
RPOWER,2016-11-01,2016-11-07,45.51,0.02,47.1,44.55,-0.06,-0.01,-0.04,0.01
TATAELXSI,2016-11-01,2016-11-07,1262.84,0.01,1311.3,1231.15,-0.06,-0.02,-0.03,-0.01
TATACOMM,2016-11-01,2016-11-07,621.47,0.02,644.1,606.6,-0.06,-0.01,-0.03,0.02
TATACOFFEE,2016-11-01,2016-11-07,124.48,0.02,129.5,122.55,-0.06,-0.01,-0.04,0.02
SYNGENE,2016-11-01,2016-11-07,556.53,0.02,582.0,548.55,-0.06,-0.01,-0.03,0.01
GSKCONS,2016-11-01,2016-11-07,5904.12,0.01,6086.1,5741.0,-0.06,-0.01,-0.03,-0.0
GODREJIND,2016-11-01,2016-11-07,424.03,0.01,439.5,414.75,-0.06,-0.01,-0.03,-0.0
BBTC,2016-11-01,2016-11-07,585.2,0.02,611.2,576.6,-0.06,-0.01,-0.03,0.02
KWALITY,2016-11-01,2016-11-07,137.69,0.01,142.1,134.3,-0.06,-0.01,-0.03,0.0
GRANULES,2016-11-01,2016-11-07,116.25,0.03,122.05,114.7,-0.06,-0.02,-0.04,0.02
FEDERALBNK,2016-11-01,2016-11-07,78.41,0.02,81.9,77.25,-0.06,-0.01,-0.03,0.01
APOLLOTYRE,2016-11-01,2016-11-07,197.86,0.01,205.9,193.55,-0.06,-0.02,-0.03,0.0
JKTYRE,2016-11-01,2016-11-07,142.06,0.02,147.95,139.15,-0.06,-0.02,-0.04,0.01
RAMCOSYS,2016-11-01,2016-11-07,454.34,0.01,469.85,442.95,-0.06,-0.01,-0.03,0.0
ABIRLANUVO,2016-11-01,2016-11-07,1327.83,0.02,1385.4,1304.75,-0.06,-0.01,-0.03,0.02
ADANIENT,2016-11-01,2016-11-07,64.3,0.02,66.75,63.1,-0.06,-0.01,-0.03,0.01
PFC,2016-11-01,2016-11-07,117.01,0.02,122.2,115.2,-0.06,-0.01,-0.03,0.01
DISHMAN,2016-11-01,2016-11-07,239.88,0.04,251.3,237.55,-0.06,-0.01,-0.06,0.05
IPCALAB,2016-11-01,2016-11-07,588.1,0.02,613.8,578.35,-0.06,-0.01,-0.03,0.02
VIJAYABANK,2016-11-01,2016-11-07,42.49,0.02,44.1,41.45,-0.06,-0.02,-0.04,0.01
HFCL,2016-11-01,2016-11-07,14.71,0.01,15.3,14.45,-0.06,-0.01,-0.03,0.01
ALKEM,2016-11-01,2016-11-07,1612.09,0.01,1662.9,1565.05,-0.06,-0.02,-0.03,-0.01
UPL,2016-11-01,2016-11-07,679.31,0.02,706.25,668.35,-0.06,-0.01,-0.04,0.0
CHAMBLFERT,2016-11-01,2016-11-07,63.72,0.02,65.95,62.35,-0.06,-0.01,-0.03,0.02
JKLAKSHMI,2016-11-01,2016-11-07,478.38,0.01,496.6,466.45,-0.06,-0.02,-0.03,-0.0
UNITECH,2016-11-01,2016-11-07,5.7,0.03,6.0,5.65,-0.06,-0.02,-0.04,0.03
PUNJLLOYD,2016-11-01,2016-11-07,21.74,0.02,22.75,21.35,-0.06,-0.02,-0.03,0.02
KOLTEPATIL,2016-11-01,2016-11-07,125.34,0.01,130.1,122.5,-0.06,-0.02,-0.02,-0.0
SUNTECK,2016-11-01,2016-11-07,281.07,0.0,289.1,272.8,-0.06,-0.01,-0.02,-0.01
NATIONALUM,2016-11-01,2016-11-07,53.2,0.02,55.1,51.85,-0.06,-0.02,-0.03,0.01
TV18BRDCST,2016-11-01,2016-11-07,42.68,0.02,44.5,41.85,-0.06,-0.02,-0.04,0.02
EMAMILTD,2016-11-01,2016-11-07,1219.1,0.02,1244.15,1174.6,-0.06,-0.01,-0.04,0.01
TUBEINVEST,2016-11-01,2016-11-07,644.08,0.03,650.25,615.05,-0.06,-0.01,-0.04,0.03
ESCORTS,2016-11-01,2016-11-07,366.55,0.03,379.45,357.55,-0.06,-0.01,-0.05,0.02
TRENT,2016-11-01,2016-11-07,200.24,0.02,207.35,195.3,-0.06,-0.01,-0.03,0.01
RELAXO,2016-11-01,2016-11-07,417.25,0.0,429.8,406.45,-0.06,-0.01,-0.02,-0.01
CAPLIPOINT,2016-11-01,2016-11-07,385.26,0.04,404.35,381.0,-0.06,-0.01,-0.04,0.04
INOXWIND,2016-11-01,2016-11-07,212.0,0.02,218.65,204.55,-0.07,-0.02,-0.05,0.0
IDFC,2016-11-01,2016-11-07,64.87,0.02,68.4,63.6,-0.07,-0.02,-0.04,0.02
BAJFINANCE,2016-11-01,2016-11-07,1019.01,0.02,1060.8,990.4,-0.07,-0.02,-0.04,0.01
WABAG,2016-11-01,2016-11-07,480.47,0.02,501.0,467.55,-0.07,-0.02,-0.04,0.01
SUVEN,2016-11-01,2016-11-07,184.12,0.03,192.95,179.15,-0.07,-0.02,-0.06,0.03
TATASPONGE,2016-11-01,2016-11-07,575.36,0.01,598.0,557.35,-0.07,-0.02,-0.03,-0.0
VOLTAS,2016-11-01,2016-11-07,368.55,0.01,385.85,359.35,-0.07,-0.02,-0.03,-0.0
JUSTDIAL,2016-11-01,2016-11-07,407.93,0.02,422.2,392.65,-0.07,-0.02,-0.04,-0.0
TATACHEM,2016-11-01,2016-11-07,521.88,0.02,547.9,510.65,-0.07,-0.02,-0.04,0.0
ALBK,2016-11-01,2016-11-07,73.14,0.01,75.65,70.6,-0.07,-0.02,-0.03,0.0
TTKPRESTIG,2016-11-01,2016-11-07,6152.84,0.05,6414.15,5981.8,-0.07,-0.02,-0.11,0.02
JUBILANT,2016-11-01,2016-11-07,659.18,0.03,692.25,646.05,-0.07,-0.02,-0.06,0.04
AMTEKAUTO,2016-11-01,2016-11-07,42.28,0.03,44.0,41.1,-0.07,-0.02,-0.05,0.02
JBFIND,2016-11-01,2016-11-07,235.35,0.02,243.35,226.4,-0.07,-0.02,-0.05,-0.0
KSCL,2016-11-01,2016-11-07,416.96,0.03,432.2,401.45,-0.07,-0.02,-0.06,0.01
CARERATING,2016-11-01,2016-11-07,1406.29,0.01,1469.45,1370.45,-0.07,-0.02,-0.03,0.01
MTNL,2016-11-01,2016-11-07,19.49,0.02,20.35,18.9,-0.07,-0.02,-0.04,0.01
SFCL,2016-11-01,2016-11-07,108.43,0.01,112.65,105.45,-0.07,-0.02,-0.03,-0.0
DRREDDY,2016-11-01,2016-11-07,3207.22,0.03,3326.6,3106.65,-0.07,-0.02,-0.06,0.01
GLENMARK,2016-11-01,2016-11-07,917.05,0.03,965.25,897.1,-0.07,-0.02,-0.05,0.03
SINTEX,2016-11-01,2016-11-07,85.11,0.03,89.3,83.15,-0.07,-0.02,-0.05,0.02
IDFCBANK,2016-11-01,2016-11-07,75.3,0.01,78.55,73.05,-0.07,-0.02,-0.03,0.0
RELINFRA,2016-11-01,2016-11-07,513.94,0.02,538.35,500.4,-0.07,-0.02,-0.04,0.01
PETRONET,2016-11-01,2016-11-07,364.44,0.02,382.8,355.9,-0.07,-0.02,-0.04,0.01
BGRENERGY,2016-11-01,2016-11-07,117.85,0.02,123.45,115.5,-0.07,-0.02,-0.04,0.02
DENABANK,2016-11-01,2016-11-07,36.6,0.01,37.8,35.15,-0.07,-0.02,-0.03,-0.0
BALLARPUR,2016-11-01,2016-11-07,17.39,0.02,18.35,17.05,-0.07,-0.02,-0.04,0.01
RCF,2016-11-01,2016-11-07,48.23,0.02,50.55,46.9,-0.07,-0.02,-0.03,0.01
PIIND,2016-11-01,2016-11-07,875.19,0.04,908.5,849.15,-0.07,-0.02,-0.07,0.02
HDIL,2016-11-01,2016-11-07,76.35,0.03,80.9,74.75,-0.08,-0.02,-0.05,0.02
NITINFIRE,2016-11-01,2016-11-07,34.47,0.03,36.35,33.6,-0.08,-0.02,-0.05,0.02
ENGINERSIN,2016-11-01,2016-11-07,512.76,0.03,543.3,502.2,-0.08,-0.02,-0.04,0.02
REPCOHOME,2016-11-01,2016-11-07,736.75,0.01,768.8,711.8,-0.08,-0.02,-0.03,-0.01
UNIONBANK,2016-11-01,2016-11-07,137.42,0.01,144.2,132.85,-0.08,-0.02,-0.04,-0.01
JKIL,2016-11-01,2016-11-07,201.3,0.04,213.65,197.4,-0.08,-0.02,-0.05,0.04
NCC,2016-11-01,2016-11-07,87.64,0.03,93.6,86.35,-0.08,-0.02,-0.05,0.03
NAUKRI,2016-11-01,2016-11-07,934.39,0.01,970.55,896.3,-0.08,-0.02,-0.03,-0.0
CANFINHOME,2016-11-01,2016-11-07,1794.67,0.01,1862.1,1723.9,-0.08,-0.02,-0.04,-0.01
UNICHEMLAB,2016-11-01,2016-11-07,280.11,0.01,293.5,271.35,-0.08,-0.02,-0.03,-0.0
NMDC,2016-11-01,2016-11-07,132.87,0.02,138.35,127.4,-0.08,-0.02,-0.05,0.0
CENTURYPLY,2016-11-01,2016-11-07,238.35,0.02,251.15,232.5,-0.08,-0.02,-0.04,0.01
IBULHSGFIN,2016-11-01,2016-11-07,815.35,0.02,860.4,792.3,-0.08,-0.02,-0.04,0.01
DCMSHRIRAM,2016-11-01,2016-11-07,242.51,0.03,257.75,237.65,-0.08,-0.02,-0.04,0.03
ONGC,2016-11-01,2016-11-07,411.19,0.02,433.73,400.8,-0.08,-0.02,-0.04,0.01
WOCKPHARMA,2016-11-01,2016-11-07,834.66,0.02,880.0,811.45,-0.08,-0.02,-0.05,0.02
BFUTILITIE,2016-11-01,2016-11-07,528.45,0.02,554.85,513.75,-0.08,-0.02,-0.03,0.01
INDIANB,2016-11-01,2016-11-07,214.58,0.02,226.85,210.0,-0.08,-0.02,-0.04,0.02
COROMANDEL,2016-11-01,2016-11-07,269.41,0.03,284.25,262.65,-0.08,-0.02,-0.04,0.02
LICHSGFIN,2016-11-01,2016-11-07,557.53,0.02,589.05,542.55,-0.08,-0.02,-0.04,0.02
IBREALEST,2016-11-01,2016-11-07,81.22,0.03,86.7,80.35,-0.08,-0.02,-0.05,0.03
TATAGLOBAL,2016-11-01,2016-11-07,131.95,0.02,138.6,128.0,-0.08,-0.02,-0.03,0.01
PFS,2016-11-01,2016-11-07,40.25,0.02,42.4,39.15,-0.08,-0.02,-0.03,0.01
GESHIP,2016-11-01,2016-11-07,366.95,0.01,386.7,355.65,-0.08,-0.02,-0.04,-0.0
UFLEX,2016-11-01,2016-11-07,298.94,0.03,315.7,292.15,-0.08,-0.02,-0.05,0.03
EDELWEISS,2016-11-01,2016-11-07,115.54,0.01,121.5,111.4,-0.09,-0.02,-0.03,-0.0
DELTACORP,2016-11-01,2016-11-07,166.91,0.03,177.85,162.6,-0.09,-0.02,-0.05,0.02
DEEPAKFERT,2016-11-01,2016-11-07,216.04,0.02,227.35,207.25,-0.09,-0.02,-0.05,0.0
ALOKTEXT,2016-11-01,2016-11-07,3.32,0.01,3.5,3.2,-0.09,-0.02,-0.03,0.0
ORIENTBANK,2016-11-01,2016-11-07,118.8,0.03,127.55,116.25,-0.09,-0.02,-0.06,0.03
ANANTRAJ,2016-11-01,2016-11-07,52.92,0.02,55.75,50.7,-0.09,-0.02,-0.06,0.01
RALLIS,2016-11-01,2016-11-07,212.37,0.01,220.65,202.3,-0.09,-0.02,-0.03,-0.01
JBCHEPHARM,2016-11-01,2016-11-07,369.6,0.02,389.6,356.3,-0.09,-0.02,-0.04,0.01
JETAIRWAYS,2016-11-01,2016-11-07,452.9,0.02,474.6,435.15,-0.09,-0.02,-0.05,-0.0
JINDALSTEL,2016-11-01,2016-11-07,73.07,0.03,77.65,70.9,-0.09,-0.02,-0.06,0.03
MOTILALOFS,2016-11-01,2016-11-07,541.92,0.03,579.75,530.35,-0.09,-0.02,-0.05,0.04
MOIL,2016-11-01,2016-11-07,351.51,0.05,360.1,327.55,-0.09,-0.02,-0.07,0.05
SYNDIBANK,2016-11-01,2016-11-07,68.92,0.03,73.35,67.3,-0.09,-0.02,-0.04,0.03
MARKSANS,2016-11-01,2016-11-07,49.16,0.03,52.15,47.5,-0.09,-0.02,-0.06,0.02
SHARDACROP,2016-11-01,2016-11-07,412.81,0.01,430.45,395.35,-0.09,-0.02,-0.03,-0.01
GMRINFRA,2016-11-01,2016-11-07,12.99,0.03,13.8,12.65,-0.09,-0.02,-0.04,0.02
GMDCLTD,2016-11-01,2016-11-07,109.72,0.03,114.95,105.2,-0.09,-0.02,-0.07,0.01
SJVN,2016-11-01,2016-11-07,32.07,0.01,33.8,30.5,-0.1,-0.03,-0.03,-0.02
ORISSAMINE,2016-11-01,2016-11-07,2462.88,0.03,2616.95,2366.35,-0.1,-0.03,-0.05,0.02
SPARC,2016-11-01,2016-11-07,325.63,0.02,346.4,313.45,-0.1,-0.02,-0.04,0.01
BAJAJFINSV,2016-11-01,2016-11-07,3303.47,0.01,3458.9,3141.45,-0.1,-0.02,-0.05,-0.01
BLISSGVS,2016-11-01,2016-11-07,155.63,0.03,160.25,145.15,-0.1,-0.02,-0.07,0.02
RAIN,2016-11-01,2016-11-07,52.15,0.03,55.0,49.75,-0.1,-0.03,-0.06,0.01
DISHTV,2016-11-01,2016-11-07,90.85,0.02,97.1,87.8,-0.1,-0.03,-0.04,0.01
CADILAHC,2016-11-01,2016-11-07,400.06,0.01,424.5,383.75,-0.1,-0.03,-0.05,-0.02
JPASSOCIAT,2016-11-01,2016-11-07,10.43,0.02,11.0,9.95,-0.1,-0.03,-0.06,0.0
GSFC,2016-11-01,2016-11-07,95.65,0.02,103.2,92.25,-0.11,-0.03,-0.06,0.01
KESORAMIND,2016-11-01,2016-11-07,169.84,0.02,182.05,163.05,-0.11,-0.03,-0.05,0.0
ABAN,2016-11-01,2016-11-07,250.77,0.02,267.15,239.7,-0.11,-0.03,-0.04,0.0
SUNPHARMA,2016-11-01,2016-11-07,691.57,0.03,733.75,654.9,-0.11,-0.03,-0.08,0.01
MAGMA,2016-11-01,2016-11-07,110.78,0.06,116.75,103.25,-0.12,-0.03,-0.13,0.02
TAKE,2016-11-01,2016-11-07,150.62,0.03,161.6,142.9,-0.12,-0.03,-0.07,0.01
HTMEDIA,2016-11-01,2016-11-07,84.12,0.03,91.8,80.9,-0.13,-0.03,-0.06,0.01
NILKAMAL,2016-11-01,2016-11-07,1669.45,0.03,1748.45,1530.2,-0.13,-0.03,-0.07,0.01
INTELLECT,2016-11-01,2016-11-07,171.62,0.03,188.45,158.1,-0.18,-0.04,-0.08,-0.01
