,Start_Date,End_Date,Mean_Price,Volatility,Start_Price,End_Price,nday_Return,Mean_log_Return,Min_Day_Change,Max_Day_Change
SWANENERGY,2016-11-23,2016-12-06,149.82,0.04,123.1,170.35,0.32,0.04,-0.0,0.15
BLISSGVS,2016-11-23,2016-12-06,151.06,0.02,127.6,169.25,0.28,0.03,0.0,0.09
BALKRISIND,2016-11-23,2016-12-06,1047.21,0.06,927.3,1230.3,0.28,0.03,-0.0,0.18
ADANIPOWER,2016-11-23,2016-12-06,27.9,0.04,24.7,32.25,0.27,0.03,-0.03,0.11
TATAELXSI,2016-11-23,2016-12-06,1261.46,0.02,1088.25,1380.6,0.24,0.03,-0.0,0.07
BALMLAWRIE,2016-11-23,2016-12-06,946.9,0.02,840.4,1045.5,0.22,0.02,-0.02,0.07
JAICORPLTD,2016-11-23,2016-12-06,63.11,0.05,54.75,68.2,0.22,0.02,-0.04,0.1
HCC,2016-11-23,2016-12-06,35.93,0.06,32.2,39.1,0.19,0.02,-0.02,0.18
ANANTRAJ,2016-11-23,2016-12-06,39.38,0.02,35.85,42.95,0.18,0.02,-0.01,0.07
ZEELEARN,2016-11-23,2016-12-06,39.32,0.02,34.55,41.55,0.18,0.02,-0.0,0.07
JMFINANCIL,2016-11-23,2016-12-06,64.96,0.04,59.3,70.4,0.17,0.02,-0.05,0.09
NATIONALUM,2016-11-23,2016-12-06,56.18,0.04,51.9,61.75,0.17,0.02,-0.03,0.09
ABAN,2016-11-23,2016-12-06,229.46,0.03,211.05,247.65,0.16,0.02,-0.02,0.09
MMTC,2016-11-23,2016-12-06,47.11,0.05,42.2,49.75,0.16,0.02,-0.06,0.13
AMTEKAUTO,2016-11-23,2016-12-06,38.48,0.05,33.15,38.5,0.15,0.02,-0.05,0.1
SHILPAMED,2016-11-23,2016-12-06,636.83,0.04,558.35,649.2,0.15,0.02,-0.04,0.09
8KMILES,2016-11-23,2016-12-06,683.42,0.03,599.25,693.55,0.15,0.02,-0.03,0.08
CHAMBLFERT,2016-11-23,2016-12-06,63.27,0.03,58.25,66.75,0.14,0.02,-0.02,0.06
TATASPONGE,2016-11-23,2016-12-06,540.92,0.04,517.35,595.9,0.14,0.02,-0.02,0.12
RAIN,2016-11-23,2016-12-06,50.88,0.03,49.2,56.1,0.13,0.01,-0.03,0.05
CCL,2016-11-23,2016-12-06,259.31,0.02,242.15,276.1,0.13,0.01,-0.0,0.05
SHARDACROP,2016-11-23,2016-12-06,416.77,0.02,380.35,430.65,0.12,0.01,-0.01,0.06
BEL,2016-11-23,2016-12-06,1387.0,0.02,1294.1,1456.8,0.12,0.01,-0.01,0.06
MRPL,2016-11-23,2016-12-06,96.22,0.05,89.0,100.15,0.12,0.01,-0.04,0.14
INTELLECT,2016-11-23,2016-12-06,142.09,0.02,131.1,146.4,0.11,0.01,-0.03,0.04
MERCK,2016-11-23,2016-12-06,960.01,0.03,885.0,992.6,0.11,0.01,-0.02,0.07
EROSMEDIA,2016-11-23,2016-12-06,164.88,0.03,152.6,169.65,0.11,0.01,-0.04,0.04
CENTRALBK,2016-11-23,2016-12-06,82.55,0.01,77.95,86.75,0.11,0.01,-0.01,0.04
INOXWIND,2016-11-23,2016-12-06,184.94,0.02,178.45,198.55,0.11,0.01,-0.03,0.06
RIIL,2016-11-23,2016-12-06,376.79,0.04,350.75,392.65,0.11,0.01,-0.03,0.1
ADANIENT,2016-11-23,2016-12-06,66.33,0.02,63.35,69.8,0.1,0.01,-0.03,0.03
UPL,2016-11-23,2016-12-06,637.6,0.01,611.05,672.55,0.1,0.01,-0.01,0.03
TAKE,2016-11-23,2016-12-06,128.27,0.03,124.15,136.7,0.1,0.01,-0.02,0.1
CANFINHOME,2016-11-23,2016-12-06,1607.36,0.03,1517.7,1669.9,0.1,0.01,-0.04,0.08
RCF,2016-11-23,2016-12-06,46.14,0.02,43.5,48.25,0.1,0.01,-0.02,0.04
CEATLTD,2016-11-23,2016-12-06,1217.78,0.02,1150.0,1269.05,0.1,0.01,-0.02,0.05
TEXRAIL,2016-11-23,2016-12-06,102.66,0.02,96.1,105.75,0.1,0.01,-0.02,0.05
WELCORP,2016-11-23,2016-12-06,75.27,0.04,70.9,78.1,0.1,0.01,-0.03,0.13
BEML,2016-11-23,2016-12-06,825.46,0.02,786.05,873.0,0.1,0.01,-0.01,0.04
ALOKTEXT,2016-11-23,2016-12-06,2.61,0.04,2.45,2.7,0.1,0.01,-0.04,0.1
STCINDIA,2016-11-23,2016-12-06,115.7,0.02,107.55,118.55,0.1,0.01,-0.04,0.05
HDIL,2016-11-23,2016-12-06,60.35,0.02,58.1,63.35,0.09,0.01,-0.02,0.04
BGRENERGY,2016-11-23,2016-12-06,111.16,0.02,108.15,118.05,0.09,0.01,-0.02,0.04
BHARTIARTL,2016-11-23,2016-12-06,316.46,0.02,300.55,328.85,0.09,0.01,-0.02,0.06
BERGEPAINT,2016-11-23,2016-12-06,222.23,0.04,199.4,218.4,0.09,0.01,-0.05,0.07
HINDCOPPER,2016-11-23,2016-12-06,59.66,0.03,56.3,61.6,0.09,0.01,-0.03,0.04
MAGMA,2016-11-23,2016-12-06,100.04,0.04,95.1,103.75,0.09,0.01,-0.05,0.08
GSFC,2016-11-23,2016-12-06,87.06,0.02,83.0,90.4,0.09,0.01,-0.03,0.05
KSCL,2016-11-23,2016-12-06,404.4,0.02,381.45,417.95,0.09,0.01,-0.02,0.04
SYNGENE,2016-11-23,2016-12-06,564.74,0.02,527.75,577.8,0.09,0.01,-0.05,0.04
TIMKEN,2016-11-23,2016-12-06,556.05,0.02,527.6,579.75,0.09,0.01,-0.01,0.04
PHOENIXLTD,2016-11-23,2016-12-06,374.93,0.05,333.85,365.55,0.09,0.01,-0.05,0.13
PTC,2016-11-23,2016-12-06,71.79,0.01,68.95,75.0,0.08,0.01,-0.01,0.03
BOSCHLTD,2016-11-23,2016-12-06,19880.86,0.02,18975.2,20465.6,0.08,0.01,-0.02,0.04
SONATSOFTW,2016-11-23,2016-12-06,154.51,0.02,146.4,158.3,0.08,0.01,-0.02,0.07
IBULHSGFIN,2016-11-23,2016-12-06,721.93,0.02,673.15,731.55,0.08,0.01,-0.03,0.05
JYOTHYLAB,2016-11-23,2016-12-06,351.74,0.01,340.1,369.65,0.08,0.01,-0.02,0.02
TATAPOWER,2016-11-23,2016-12-06,72.24,0.02,69.3,75.2,0.08,0.01,-0.02,0.04
JKTYRE,2016-11-23,2016-12-06,117.6,0.03,112.8,122.3,0.08,0.01,-0.03,0.04
ICIL,2016-11-23,2016-12-06,150.78,0.04,144.9,156.6,0.08,0.01,-0.06,0.09
OBEROIRLTY,2016-11-23,2016-12-06,280.85,0.03,274.35,296.75,0.08,0.01,-0.04,0.05
SRTRANSFIN,2016-11-23,2016-12-06,899.33,0.02,852.35,920.55,0.08,0.01,-0.02,0.05
CENTURYTEX,2016-11-23,2016-12-06,772.84,0.02,732.4,791.95,0.08,0.01,-0.03,0.03
TORNTPOWER,2016-11-23,2016-12-06,174.43,0.02,168.0,181.5,0.08,0.01,-0.01,0.04
TRENT,2016-11-23,2016-12-06,184.47,0.04,183.0,198.35,0.08,0.01,-0.01,0.11
TRIDENT,2016-11-23,2016-12-06,55.08,0.02,51.7,56.2,0.08,0.01,-0.02,0.05
CERA,2016-11-23,2016-12-06,2068.54,0.02,2031.1,2198.1,0.08,0.01,-0.03,0.03
ORISSAMINE,2016-11-23,2016-12-06,2133.97,0.02,2075.4,2241.1,0.08,0.01,-0.03,0.05
KOLTEPATIL,2016-11-23,2016-12-06,96.48,0.03,91.7,99.55,0.08,0.01,-0.02,0.07
ADANITRANS,2016-11-23,2016-12-06,58.77,0.06,56.15,60.65,0.08,0.01,-0.06,0.12
DHFL,2016-11-23,2016-12-06,243.97,0.03,232.1,252.6,0.08,0.01,-0.03,0.04
KAJARIACER,2016-11-23,2016-12-06,519.85,0.02,496.65,537.4,0.08,0.01,-0.02,0.04
UNITECH,2016-11-23,2016-12-06,4.76,0.04,4.35,4.7,0.08,0.01,-0.05,0.07
WELSPUNIND,2016-11-23,2016-12-06,66.39,0.03,63.0,68.0,0.08,0.01,-0.02,0.07
SREINFRA,2016-11-23,2016-12-06,77.86,0.02,74.95,80.9,0.08,0.01,-0.03,0.03
SUPREMEIND,2016-11-23,2016-12-06,858.69,0.02,802.15,872.35,0.08,0.01,-0.04,0.05
TATACOFFEE,2016-11-23,2016-12-06,115.73,0.01,111.7,119.55,0.07,0.01,-0.01,0.03
SPARC,2016-11-23,2016-12-06,319.69,0.01,311.1,332.45,0.07,0.01,-0.01,0.02
CARERATING,2016-11-23,2016-12-06,1393.82,0.02,1374.35,1472.55,0.07,0.01,-0.01,0.05
TATACHEM,2016-11-23,2016-12-06,472.78,0.02,460.3,494.95,0.07,0.01,-0.01,0.04
JINDALPOLY,2016-11-23,2016-12-06,347.21,0.03,340.9,367.25,0.07,0.01,-0.03,0.07
NMDC,2016-11-23,2016-12-06,120.34,0.03,114.95,123.65,0.07,0.01,-0.04,0.05
DBREALTY,2016-11-23,2016-12-06,39.8,0.01,38.1,40.9,0.07,0.01,-0.02,0.03
JKCEMENT,2016-11-23,2016-12-06,711.5,0.02,681.4,731.1,0.07,0.01,-0.03,0.04
RALLIS,2016-11-23,2016-12-06,200.16,0.02,188.25,201.9,0.07,0.01,-0.02,0.04
GRASIM,2016-11-23,2016-12-06,849.72,0.01,812.25,874.15,0.07,0.01,-0.0,0.02
ABIRLANUVO,2016-11-23,2016-12-06,1223.38,0.01,1164.7,1254.55,0.07,0.01,-0.01,0.03
MOTILALOFS,2016-11-23,2016-12-06,512.13,0.02,484.4,520.95,0.07,0.01,-0.02,0.06
GULFOILLUB,2016-11-23,2016-12-06,694.73,0.03,665.65,712.9,0.07,0.01,-0.03,0.06
MTNL,2016-11-23,2016-12-06,17.16,0.01,16.45,17.7,0.07,0.01,-0.01,0.03
LITL,2016-11-23,2016-12-06,3.78,0.01,3.6,3.85,0.07,0.01,-0.01,0.03
LICHSGFIN,2016-11-23,2016-12-06,548.36,0.02,525.85,561.4,0.07,0.01,-0.03,0.04
HEXAWARE,2016-11-23,2016-12-06,201.41,0.02,189.85,203.1,0.07,0.01,-0.02,0.07
FLFL,2016-11-23,2016-12-06,126.04,0.02,119.0,127.2,0.07,0.01,-0.03,0.06
EICHERMOT,2016-11-23,2016-12-06,21483.15,0.02,20960.3,22457.5,0.07,0.01,-0.03,0.05
NCC,2016-11-23,2016-12-06,77.87,0.03,74.95,80.2,0.07,0.01,-0.03,0.05
UFLEX,2016-11-23,2016-12-06,266.85,0.03,249.2,266.25,0.07,0.01,-0.03,0.08
ESSELPACK,2016-11-23,2016-12-06,243.94,0.02,227.7,245.05,0.07,0.01,-0.03,0.04
ONGC,2016-11-23,2016-12-06,430.48,0.01,419.85,448.13,0.07,0.01,-0.01,0.02
JUBILANT,2016-11-23,2016-12-06,679.26,0.02,649.75,694.9,0.07,0.01,-0.03,0.06
HINDZINC,2016-11-23,2016-12-06,275.25,0.02,257.8,275.95,0.07,0.01,-0.03,0.06
JPINFRATEC,2016-11-23,2016-12-06,7.41,0.03,7.2,7.75,0.07,0.01,-0.03,0.05
SIEMENS,2016-11-23,2016-12-06,1083.64,0.02,1054.75,1125.5,0.06,0.01,-0.02,0.03
FDC,2016-11-23,2016-12-06,216.69,0.01,211.3,223.3,0.06,0.01,-0.01,0.02
HIMATSEIDE,2016-11-23,2016-12-06,281.6,0.01,273.3,290.25,0.06,0.01,-0.01,0.02
SJVN,2016-11-23,2016-12-06,31.6,0.02,30.15,32.0,0.06,0.01,-0.04,0.02
HEROMOTOCO,2016-11-23,2016-12-06,3134.25,0.01,3013.5,3196.95,0.06,0.01,-0.01,0.02
PFS,2016-11-23,2016-12-06,38.33,0.02,36.8,39.25,0.06,0.01,-0.02,0.04
ESCORTS,2016-11-23,2016-12-06,314.33,0.02,301.45,319.7,0.06,0.01,-0.02,0.04
GMRINFRA,2016-11-23,2016-12-06,11.6,0.02,11.25,12.0,0.06,0.01,-0.02,0.04
ENGINERSIN,2016-11-23,2016-12-06,578.94,0.02,552.9,587.8,0.06,0.01,-0.03,0.04
JINDALSTEL,2016-11-23,2016-12-06,68.56,0.03,67.05,70.9,0.06,0.01,-0.04,0.06
RPOWER,2016-11-23,2016-12-06,40.61,0.02,39.6,42.1,0.06,0.01,-0.03,0.03
INFRATEL,2016-11-23,2016-12-06,372.51,0.01,360.2,381.7,0.06,0.01,-0.01,0.03
ITDCEM,2016-11-23,2016-12-06,143.61,0.02,138.9,147.85,0.06,0.01,-0.03,0.04
NIITTECH,2016-11-23,2016-12-06,418.53,0.01,399.8,425.55,0.06,0.01,-0.01,0.04
VEDL,2016-11-23,2016-12-06,225.45,0.01,216.8,229.1,0.06,0.01,-0.02,0.02
LAKSHVILAS,2016-11-23,2016-12-06,145.67,0.02,136.9,145.25,0.06,0.01,-0.01,0.07
APOLLOTYRE,2016-11-23,2016-12-06,183.98,0.02,177.95,189.35,0.06,0.01,-0.03,0.04
VINATIORGA,2016-11-23,2016-12-06,572.56,0.02,545.5,580.45,0.06,0.01,-0.03,0.04
BIOCON,2016-11-23,2016-12-06,898.85,0.02,861.2,917.75,0.06,0.01,-0.01,0.04
TATASTEEL,2016-11-23,2016-12-06,407.81,0.01,392.7,418.45,0.06,0.01,-0.01,0.03
AMBUJACEM,2016-11-23,2016-12-06,205.51,0.01,198.05,210.6,0.06,0.01,-0.02,0.03
MRF,2016-11-23,2016-12-06,48709.11,0.02,47513.8,50304.7,0.06,0.01,-0.02,0.03
YESBANK,2016-11-23,2016-12-06,1156.86,0.02,1125.25,1193.15,0.06,0.01,-0.02,0.04
SUNTV,2016-11-23,2016-12-06,461.33,0.05,447.6,474.1,0.06,0.01,-0.06,0.12
AIAENG,2016-11-23,2016-12-06,1280.06,0.02,1196.65,1260.75,0.05,0.01,-0.02,0.05
MARUTI,2016-11-23,2016-12-06,5049.08,0.02,4880.85,5135.2,0.05,0.01,-0.04,0.04
SCI,2016-11-23,2016-12-06,58.44,0.02,57.25,60.1,0.05,0.01,-0.03,0.04
KESORAMIND,2016-11-23,2016-12-06,138.05,0.03,132.0,139.15,0.05,0.01,-0.04,0.05
SFCL,2016-11-23,2016-12-06,97.89,0.02,92.8,97.75,0.05,0.01,-0.02,0.04
GESHIP,2016-11-23,2016-12-06,358.44,0.02,355.05,371.9,0.05,0.01,-0.03,0.04
SAIL,2016-11-23,2016-12-06,50.35,0.02,48.85,51.2,0.05,0.01,-0.02,0.03
GRANULES,2016-11-23,2016-12-06,109.27,0.02,106.4,112.1,0.05,0.01,-0.02,0.04
MOTHERSUMI,2016-11-23,2016-12-06,305.17,0.01,296.7,311.25,0.05,0.01,-0.02,0.02
RDEL,2016-11-23,2016-12-06,52.31,0.02,50.45,53.0,0.05,0.01,-0.03,0.03
GAIL,2016-11-23,2016-12-06,423.38,0.02,412.35,431.4,0.05,0.01,-0.02,0.04
FINCABLES,2016-11-23,2016-12-06,405.56,0.02,390.05,410.4,0.05,0.01,-0.01,0.04
DEEPAKFERT,2016-11-23,2016-12-06,187.39,0.02,178.2,188.2,0.05,0.01,-0.02,0.05
KITEX,2016-11-23,2016-12-06,391.06,0.02,374.8,392.15,0.05,0.01,-0.02,0.03
KEC,2016-11-23,2016-12-06,139.93,0.02,134.7,141.8,0.05,0.01,-0.03,0.03
PUNJLLOYD,2016-11-23,2016-12-06,19.89,0.02,19.1,20.05,0.05,0.01,-0.03,0.03
INFY,2016-11-23,2016-12-06,962.42,0.02,920.25,966.5,0.05,0.01,-0.01,0.05
PAGEIND,2016-11-23,2016-12-06,12928.05,0.02,12738.5,13350.0,0.05,0.01,-0.03,0.05
OFSS,2016-11-23,2016-12-06,3016.87,0.01,2877.15,3036.1,0.05,0.01,-0.01,0.03
SUVEN,2016-11-23,2016-12-06,179.48,0.02,176.05,184.9,0.05,0.01,-0.02,0.03
JKIL,2016-11-23,2016-12-06,187.87,0.03,177.9,186.75,0.05,0.01,-0.03,0.08
BAJFINANCE,2016-11-23,2016-12-06,885.62,0.03,850.25,898.05,0.05,0.01,-0.04,0.07
BOMDYEING,2016-11-23,2016-12-06,45.26,0.01,43.65,45.9,0.05,0.01,-0.01,0.03
JSWENERGY,2016-11-23,2016-12-06,57.33,0.02,55.3,58.35,0.05,0.01,-0.03,0.03
TATAGLOBAL,2016-11-23,2016-12-06,120.85,0.02,117.65,123.4,0.05,0.01,-0.02,0.03
MOIL,2016-11-23,2016-12-06,358.39,0.03,337.4,353.3,0.05,0.01,-0.04,0.05
EQUITAS,2016-11-23,2016-12-06,158.53,0.02,153.05,160.35,0.05,0.01,-0.03,0.03
NILKAMAL,2016-11-23,2016-12-06,1354.79,0.02,1283.1,1343.55,0.05,0.01,-0.03,0.04
NHPC,2016-11-23,2016-12-06,27.23,0.02,26.05,27.25,0.05,0.01,-0.03,0.03
PFIZER,2016-11-23,2016-12-06,1836.58,0.01,1771.85,1852.2,0.04,0.0,-0.01,0.03
NETWORK18,2016-11-23,2016-12-06,37.43,0.02,36.45,37.9,0.04,0.0,-0.01,0.05
RELAXO,2016-11-23,2016-12-06,415.16,0.02,398.35,413.45,0.04,0.0,-0.03,0.03
IFCI,2016-11-23,2016-12-06,22.88,0.02,22.05,23.0,0.04,0.0,-0.02,0.04
KPIT,2016-11-23,2016-12-06,130.42,0.01,126.85,131.95,0.04,0.0,-0.01,0.03
IPAPPM,2016-11-23,2016-12-06,308.85,0.02,300.9,313.8,0.04,0.0,-0.02,0.03
NAVINFLUOR,2016-11-23,2016-12-06,2320.37,0.02,2252.2,2355.45,0.04,0.0,-0.03,0.03
GVKPIL,2016-11-23,2016-12-06,5.71,0.02,5.45,5.7,0.04,0.0,-0.03,0.05
JSWHL,2016-11-23,2016-12-06,1293.05,0.01,1273.45,1325.0,0.04,0.0,-0.02,0.03
KRBL,2016-11-23,2016-12-06,269.19,0.01,260.2,272.05,0.04,0.0,-0.01,0.02
OCL,2016-11-23,2016-12-06,775.5,0.03,737.65,766.15,0.04,0.0,-0.02,0.04
MARKSANS,2016-11-23,2016-12-06,43.67,0.01,42.05,43.85,0.04,0.0,-0.02,0.02
KTKBANK,2016-11-23,2016-12-06,105.21,0.02,103.8,107.75,0.04,0.0,-0.02,0.04
JPASSOCIAT,2016-11-23,2016-12-06,7.58,0.03,7.45,7.75,0.04,0.0,-0.05,0.06
HATHWAY,2016-11-23,2016-12-06,34.82,0.03,33.65,35.15,0.04,0.0,-0.03,0.06
JMTAUTOLTD,2016-11-23,2016-12-06,22.66,0.04,21.3,22.25,0.04,0.0,-0.07,0.08
RUCHISOYA,2016-11-23,2016-12-06,19.86,0.02,19.05,19.85,0.04,0.0,-0.04,0.03
CHENNPETRO,2016-11-23,2016-12-06,266.02,0.02,254.9,265.2,0.04,0.0,-0.03,0.05
BALLARPUR,2016-11-23,2016-12-06,16.18,0.04,14.85,15.45,0.04,0.0,-0.06,0.08
SUNDRMFAST,2016-11-23,2016-12-06,289.49,0.02,279.35,290.5,0.04,0.0,-0.02,0.03
CESC,2016-11-23,2016-12-06,581.08,0.01,568.75,589.4,0.04,0.0,-0.03,0.02
ULTRACEMCO,2016-11-23,2016-12-06,3541.89,0.01,3452.2,3601.9,0.04,0.0,-0.01,0.02
ATUL,2016-11-23,2016-12-06,2115.88,0.03,2028.95,2117.75,0.04,0.0,-0.03,0.05
SRF,2016-11-23,2016-12-06,1526.44,0.02,1464.5,1525.1,0.04,0.0,-0.03,0.05
ASHOKA,2016-11-23,2016-12-06,142.07,0.02,141.05,146.9,0.04,0.0,-0.02,0.04
VIPIND,2016-11-23,2016-12-06,118.65,0.01,116.65,121.9,0.04,0.0,-0.01,0.03
GLAXO,2016-11-23,2016-12-06,2707.3,0.01,2656.3,2770.2,0.04,0.0,-0.02,0.02
CIPLA,2016-11-23,2016-12-06,566.5,0.01,552.8,574.85,0.04,0.0,-0.0,0.02
VTL,2016-11-23,2016-12-06,1094.75,0.01,1067.0,1109.4,0.04,0.0,-0.0,0.02
CUB,2016-11-23,2016-12-06,135.49,0.02,134.3,139.55,0.04,0.0,-0.03,0.05
GODREJIND,2016-11-23,2016-12-06,377.35,0.02,374.25,387.95,0.04,0.0,-0.02,0.04
SUPRAJIT,2016-11-23,2016-12-06,185.66,0.02,181.25,188.95,0.04,0.0,-0.02,0.03
ACC,2016-11-23,2016-12-06,1327.16,0.01,1302.75,1350.55,0.04,0.0,-0.01,0.02
CAIRN,2016-11-23,2016-12-06,247.54,0.01,241.05,251.0,0.04,0.0,-0.02,0.03
BLUESTARCO,2016-11-23,2016-12-06,474.75,0.02,470.0,482.05,0.03,0.0,-0.02,0.04
JETAIRWAYS,2016-11-23,2016-12-06,378.38,0.03,361.55,371.8,0.03,0.0,-0.04,0.06
SUZLON,2016-11-23,2016-12-06,14.62,0.01,14.15,14.6,0.03,0.0,-0.01,0.02
CAPLIPOINT,2016-11-23,2016-12-06,359.24,0.01,346.6,355.85,0.03,0.0,-0.02,0.03
DALMIABHA,2016-11-23,2016-12-06,1562.2,0.03,1488.5,1534.05,0.03,0.0,-0.05,0.04
JKLAKSHMI,2016-11-23,2016-12-06,378.25,0.04,370.0,379.75,0.03,0.0,-0.07,0.1
CANBK,2016-11-23,2016-12-06,310.76,0.01,304.75,313.3,0.03,0.0,-0.02,0.02
TV18BRDCST,2016-11-23,2016-12-06,37.18,0.02,36.35,37.4,0.03,0.0,-0.02,0.04
TECHM,2016-11-23,2016-12-06,473.37,0.02,453.1,465.45,0.03,0.0,-0.02,0.06
BHUSANSTL,2016-11-23,2016-12-06,40.28,0.02,39.25,40.6,0.03,0.0,-0.02,0.04
TITAN,2016-11-23,2016-12-06,316.75,0.03,312.5,323.5,0.03,0.0,-0.04,0.04
TVSSRICHAK,2016-11-23,2016-12-06,3370.51,0.02,3247.25,3347.2,0.03,0.0,-0.02,0.04
UCOBANK,2016-11-23,2016-12-06,33.45,0.01,32.65,33.7,0.03,0.0,-0.01,0.02
KSBPUMPS,2016-11-23,2016-12-06,597.84,0.01,581.1,600.95,0.03,0.0,-0.01,0.03
VAKRANGEE,2016-11-23,2016-12-06,274.84,0.01,274.05,282.65,0.03,0.0,-0.02,0.02
LINDEINDIA,2016-11-23,2016-12-06,355.29,0.02,345.2,357.4,0.03,0.0,-0.02,0.04
LUPIN,2016-11-23,2016-12-06,1505.1,0.02,1486.9,1527.1,0.03,0.0,-0.02,0.03
AJANTPHARM,2016-11-23,2016-12-06,1850.45,0.02,1820.75,1875.95,0.03,0.0,-0.03,0.02
AEGISCHEM,2016-11-23,2016-12-06,143.96,0.02,139.95,143.85,0.03,0.0,-0.05,0.03
ADANIPORTS,2016-11-23,2016-12-06,269.56,0.02,263.7,271.9,0.03,0.0,-0.03,0.03
WOCKPHARMA,2016-11-23,2016-12-06,688.1,0.01,674.3,693.85,0.03,0.0,-0.02,0.01
SUNTECK,2016-11-23,2016-12-06,193.3,0.02,192.8,198.55,0.03,0.0,-0.03,0.03
SHK,2016-11-23,2016-12-06,295.5,0.01,289.0,297.7,0.03,0.0,-0.02,0.03
GEPIL,2016-11-23,2016-12-06,476.41,0.02,477.55,490.2,0.03,0.0,-0.03,0.02
SINTEX,2016-11-23,2016-12-06,75.22,0.02,73.2,75.5,0.03,0.0,-0.02,0.04
PIIND,2016-11-23,2016-12-06,847.25,0.04,804.75,833.3,0.03,0.0,-0.03,0.1
GODREJCP,2016-11-23,2016-12-06,1448.34,0.02,1419.85,1466.6,0.03,0.0,-0.03,0.03
PIDILITIND,2016-11-23,2016-12-06,630.06,0.01,616.5,636.45,0.03,0.0,-0.01,0.03
SHREECEM,2016-11-23,2016-12-06,15270.06,0.02,15010.5,15506.3,0.03,0.0,-0.04,0.03
DISHTV,2016-11-23,2016-12-06,87.17,0.03,84.45,86.95,0.03,0.0,-0.04,0.07
SOUTHBANK,2016-11-23,2016-12-06,21.02,0.01,20.55,21.25,0.03,0.0,-0.02,0.03
DHANUKA,2016-11-23,2016-12-06,703.57,0.02,685.25,706.25,0.03,0.0,-0.02,0.02
FINPIPE,2016-11-23,2016-12-06,422.77,0.02,405.45,417.8,0.03,0.0,-0.02,0.04
RAMCOCEM,2016-11-23,2016-12-06,579.95,0.02,561.6,572.75,0.02,0.0,-0.03,0.04
UNICHEMLAB,2016-11-23,2016-12-06,264.87,0.01,258.55,263.7,0.02,0.0,-0.01,0.02
NITINFIRE,2016-11-23,2016-12-06,27.73,0.02,27.2,27.7,0.02,0.0,-0.03,0.04
BAJAJFINSV,2016-11-23,2016-12-06,2966.83,0.01,2931.15,2999.0,0.02,0.0,-0.02,0.02
GDL,2016-11-23,2016-12-06,228.12,0.02,224.2,229.7,0.02,0.0,-0.03,0.05
BBTC,2016-11-23,2016-12-06,502.6,0.01,490.8,499.65,0.02,0.0,-0.01,0.03
TIDEWATER,2016-11-23,2016-12-06,5720.72,0.01,5588.4,5713.6,0.02,0.0,-0.01,0.02
JUSTDIAL,2016-11-23,2016-12-06,374.59,0.01,370.05,379.4,0.02,0.0,-0.01,0.02
DENABANK,2016-11-23,2016-12-06,34.56,0.01,33.95,34.6,0.02,0.0,-0.02,0.03
SOBHA,2016-11-23,2016-12-06,250.37,0.02,251.7,256.75,0.02,0.0,-0.03,0.03
HEIDELBERG,2016-11-23,2016-12-06,113.07,0.02,113.1,115.65,0.02,0.0,-0.03,0.05
EDELWEISS,2016-11-23,2016-12-06,96.77,0.03,93.7,95.35,0.02,0.0,-0.04,0.05
KWALITY,2016-11-23,2016-12-06,125.95,0.02,122.45,125.45,0.02,0.0,-0.02,0.05
VIJAYABANK,2016-11-23,2016-12-06,44.7,0.02,43.55,44.45,0.02,0.0,-0.02,0.03
NBCC,2016-11-23,2016-12-06,227.24,0.02,228.65,233.95,0.02,0.0,-0.02,0.03
APOLLOHOSP,2016-11-23,2016-12-06,1210.52,0.02,1190.35,1218.0,0.02,0.0,-0.02,0.03
RAMCOSYS,2016-11-23,2016-12-06,320.25,0.03,319.05,327.0,0.02,0.0,-0.04,0.06
APARINDS,2016-11-23,2016-12-06,577.73,0.01,559.3,572.05,0.02,0.0,-0.02,0.03
VOLTAS,2016-11-23,2016-12-06,305.39,0.01,300.45,305.55,0.02,0.0,-0.02,0.03
HCLTECH,2016-11-23,2016-12-06,791.93,0.02,763.45,780.9,0.02,0.0,-0.02,0.04
MAHINDCIE,2016-11-23,2016-12-06,187.47,0.02,184.2,188.85,0.02,0.0,-0.02,0.07
WABAG,2016-11-23,2016-12-06,494.1,0.01,478.05,489.9,0.02,0.0,-0.02,0.04
RCOM,2016-11-23,2016-12-06,35.92,0.03,35.65,36.2,0.02,0.0,-0.05,0.03
WIPRO,2016-11-23,2016-12-06,459.85,0.01,448.9,457.8,0.02,0.0,-0.02,0.03
GUJGASLTD,2016-11-23,2016-12-06,535.27,0.01,526.15,538.2,0.02,0.0,-0.01,0.02
GREAVESCOT,2016-11-23,2016-12-06,126.1,0.01,123.7,126.2,0.02,0.0,-0.02,0.02
BHEL,2016-11-23,2016-12-06,127.56,0.01,125.1,128.1,0.02,0.0,-0.01,0.02
JBCHEPHARM,2016-11-23,2016-12-06,346.32,0.01,341.55,347.45,0.02,0.0,-0.02,0.03
JPPOWER,2016-11-23,2016-12-06,4.04,0.02,4.0,4.1,0.02,0.0,-0.03,0.03
GREENPLY,2016-11-23,2016-12-06,257.55,0.02,251.9,256.35,0.02,0.0,-0.02,0.03
INDHOTEL,2016-11-23,2016-12-06,99.2,0.02,96.15,98.2,0.02,0.0,-0.03,0.04
INDUSINDBK,2016-11-23,2016-12-06,1068.33,0.02,1064.95,1082.7,0.02,0.0,-0.02,0.03
IIFL,2016-11-23,2016-12-06,262.15,0.02,257.4,263.05,0.02,0.0,-0.02,0.03
PERSISTENT,2016-11-23,2016-12-06,600.03,0.01,589.85,599.75,0.02,0.0,-0.02,0.01
OMAXE,2016-11-23,2016-12-06,158.77,0.01,156.8,159.7,0.02,0.0,-0.01,0.02
OIL,2016-11-23,2016-12-06,572.57,0.02,569.6,582.53,0.02,0.0,-0.03,0.03
IGARASHI,2016-11-23,2016-12-06,719.25,0.02,719.15,730.5,0.02,0.0,-0.03,0.02
CYIENT,2016-11-23,2016-12-06,492.41,0.01,486.7,496.3,0.02,0.0,-0.01,0.01
IOB,2016-11-23,2016-12-06,24.96,0.01,24.65,25.2,0.02,0.0,-0.01,0.01
CUMMINSIND,2016-11-23,2016-12-06,772.63,0.02,762.95,777.8,0.02,0.0,-0.02,0.02
PETRONET,2016-11-23,2016-12-06,376.53,0.02,376.6,383.05,0.02,0.0,-0.02,0.05
ITC,2016-11-23,2016-12-06,229.89,0.02,224.65,230.2,0.02,0.0,-0.02,0.02
COFFEEDAY,2016-11-23,2016-12-06,204.13,0.01,200.65,203.75,0.02,0.0,-0.02,0.02
PFC,2016-11-23,2016-12-06,130.7,0.02,126.95,129.85,0.02,0.0,-0.02,0.04
IRB,2016-11-23,2016-12-06,187.14,0.01,183.3,187.15,0.02,0.0,-0.01,0.02
NTPC,2016-11-23,2016-12-06,161.8,0.01,159.85,163.1,0.02,0.0,-0.02,0.03
DRREDDY,2016-11-23,2016-12-06,3175.01,0.01,3128.6,3195.9,0.02,0.0,-0.02,0.02
DYNAMATECH,2016-11-23,2016-12-06,2968.31,0.02,2902.6,2952.2,0.02,0.0,-0.02,0.03
IDEA,2016-11-23,2016-12-06,74.38,0.03,72.9,74.4,0.02,0.0,-0.06,0.04
CAPF,2016-11-23,2016-12-06,544.03,0.03,527.65,540.95,0.02,0.0,-0.04,0.07
JISLJALEQS,2016-11-23,2016-12-06,87.29,0.02,85.2,86.95,0.02,0.0,-0.02,0.05
PGHH,2016-11-23,2016-12-06,6604.94,0.01,6556.55,6691.8,0.02,0.0,-0.01,0.02
ECLERX,2016-11-23,2016-12-06,1489.76,0.02,1459.75,1486.75,0.02,0.0,-0.02,0.03
SUNPHARMA,2016-11-23,2016-12-06,709.05,0.02,701.3,706.15,0.01,0.0,-0.03,0.05
TCS,2016-11-23,2016-12-06,2231.73,0.02,2156.35,2182.35,0.01,0.0,-0.02,0.05
MPHASIS,2016-11-23,2016-12-06,518.78,0.01,509.8,517.1,0.01,0.0,-0.02,0.02
POWERGRID,2016-11-23,2016-12-06,186.33,0.02,181.65,182.9,0.01,0.0,-0.04,0.02
MUTHOOTFIN,2016-11-23,2016-12-06,295.87,0.03,296.3,298.15,0.01,0.0,-0.03,0.08
SBBJ,2016-11-23,2016-12-06,705.52,0.01,703.1,711.85,0.01,0.0,-0.03,0.02
ORIENTBANK,2016-11-23,2016-12-06,118.27,0.02,118.0,118.6,0.01,0.0,-0.03,0.03
THOMASCOOK,2016-11-23,2016-12-06,189.53,0.01,187.4,189.0,0.01,0.0,-0.02,0.03
SBT,2016-11-23,2016-12-06,555.09,0.01,553.8,559.6,0.01,0.0,-0.03,0.02
VRLLOG,2016-11-23,2016-12-06,266.76,0.02,262.05,263.85,0.01,0.0,-0.04,0.02
MYSOREBANK,2016-11-23,2016-12-06,554.79,0.01,553.4,559.0,0.01,0.0,-0.03,0.03
NATCOPHARM,2016-11-23,2016-12-06,597.45,0.01,588.7,596.6,0.01,0.0,-0.02,0.03
TORNTPHARM,2016-11-23,2016-12-06,1366.35,0.02,1338.4,1346.25,0.01,0.0,-0.03,0.03
SCHNEIDER,2016-11-23,2016-12-06,142.82,0.02,141.0,142.4,0.01,0.0,-0.05,0.03
SOLARINDS,2016-11-23,2016-12-06,655.04,0.02,652.95,656.6,0.01,0.0,-0.03,0.05
TTKPRESTIG,2016-11-23,2016-12-06,5183.96,0.01,5157.7,5201.4,0.01,0.0,-0.01,0.02
NLCINDIA,2016-11-23,2016-12-06,77.39,0.01,76.9,77.7,0.01,0.0,-0.02,0.03
TATACOMM,2016-11-23,2016-12-06,644.44,0.02,635.5,638.85,0.01,0.0,-0.06,0.04
SYNDIBANK,2016-11-23,2016-12-06,66.37,0.01,66.2,66.6,0.01,0.0,-0.01,0.02
PEL,2016-11-23,2016-12-06,1656.33,0.02,1653.75,1678.6,0.01,0.0,-0.04,0.03
3MINDIA,2016-11-23,2016-12-06,11238.33,0.01,11084.1,11145.7,0.01,0.0,-0.01,0.01
MINDTREE,2016-11-23,2016-12-06,465.86,0.02,453.5,459.8,0.01,0.0,-0.03,0.03
KALPATPOWR,2016-11-23,2016-12-06,238.19,0.01,233.8,236.8,0.01,0.0,-0.02,0.02
BRITANNIA,2016-11-23,2016-12-06,2993.21,0.01,2967.75,3004.45,0.01,0.0,-0.02,0.03
CADILAHC,2016-11-23,2016-12-06,399.14,0.02,392.05,394.15,0.01,0.0,-0.03,0.02
CASTROLIND,2016-11-23,2016-12-06,396.75,0.02,393.25,398.0,0.01,0.0,-0.02,0.03
COROMANDEL,2016-11-23,2016-12-06,254.41,0.02,252.4,255.25,0.01,0.0,-0.04,0.04
IGL,2016-11-23,2016-12-06,829.55,0.01,827.95,832.5,0.01,0.0,-0.03,0.02
DREDGECORP,2016-11-23,2016-12-06,398.41,0.03,378.6,380.8,0.01,0.0,-0.07,0.05
EXIDEIND,2016-11-23,2016-12-06,176.45,0.02,175.0,177.3,0.01,0.0,-0.02,0.03
HONAUT,2016-11-23,2016-12-06,8497.03,0.01,8446.8,8489.7,0.01,0.0,-0.01,0.01
HINDUNILVR,2016-11-23,2016-12-06,836.56,0.01,831.7,836.0,0.01,0.0,-0.02,0.02
GATI,2016-11-23,2016-12-06,120.21,0.02,117.7,118.4,0.01,0.0,-0.02,0.03
GAYAPROJ,2016-11-23,2016-12-06,621.4,0.01,615.45,621.55,0.01,0.0,-0.02,0.03
HINDALCO,2016-11-23,2016-12-06,175.44,0.02,173.7,175.4,0.01,0.0,-0.03,0.04
HDFCBANK,2016-11-23,2016-12-06,1187.95,0.01,1184.75,1194.45,0.01,0.0,-0.02,0.02
HDFC,2016-11-23,2016-12-06,1241.99,0.02,1226.9,1243.4,0.01,0.0,-0.03,0.02
HAVELLS,2016-11-23,2016-12-06,335.46,0.02,327.4,332.1,0.01,0.0,-0.03,0.03
GRINDWELL,2016-11-23,2016-12-06,325.93,0.03,321.8,326.55,0.01,0.0,-0.03,0.05
GRUH,2016-11-23,2016-12-06,306.61,0.02,302.75,306.35,0.01,0.0,-0.03,0.03
INGERRAND,2016-11-23,2016-12-06,669.01,0.01,654.6,662.45,0.01,0.0,-0.02,0.02
COALINDIA,2016-11-23,2016-12-06,305.38,0.01,304.05,305.7,0.01,0.0,-0.01,0.01
BAJAJHLDNG,2016-11-23,2016-12-06,2055.07,0.03,1999.8,2027.1,0.01,0.0,-0.04,0.06
LAXMIMACH,2016-11-23,2016-12-06,3872.28,0.01,3817.85,3864.75,0.01,0.0,-0.02,0.02
AARTIIND,2016-11-23,2016-12-06,719.08,0.01,710.15,714.7,0.01,0.0,-0.02,0.02
ASHOKLEY,2016-11-23,2016-12-06,77.49,0.02,77.2,78.05,0.01,0.0,-0.04,0.03
ALBK,2016-11-23,2016-12-06,67.9,0.01,67.35,68.0,0.01,0.0,-0.02,0.03
ANDHRABANK,2016-11-23,2016-12-06,51.4,0.01,51.4,51.55,0.0,0.0,-0.01,0.02
ARVIND,2016-11-23,2016-12-06,351.14,0.02,345.1,344.4,-0.0,-0.0,-0.04,0.05
FAGBEARING,2016-11-23,2016-12-06,4043.03,0.01,4052.15,4047.05,-0.0,-0.0,-0.01,0.01
SIMPLEXINF,2016-11-23,2016-12-06,298.47,0.03,292.4,292.05,-0.0,-0.0,-0.02,0.07
FEDERALBNK,2016-11-23,2016-12-06,69.41,0.02,69.6,69.85,0.0,0.0,-0.02,0.04
MONSANTO,2016-11-23,2016-12-06,2267.47,0.0,2262.7,2259.25,-0.0,-0.0,-0.01,0.01
APLAPOLLO,2016-11-23,2016-12-06,891.08,0.02,870.8,872.35,0.0,0.0,-0.02,0.03
FSL,2016-11-23,2016-12-06,34.75,0.0,34.75,34.75,0.0,0.0,0.0,0.0
SBIN,2016-11-23,2016-12-06,257.17,0.01,258.65,259.1,0.0,0.0,-0.03,0.02
ALLCARGO,2016-11-23,2016-12-06,170.06,0.02,164.25,164.55,0.0,0.0,-0.04,0.03
SNOWMAN,2016-11-23,2016-12-06,51.59,0.02,50.4,50.65,0.0,0.0,-0.02,0.03
GODREJPROP,2016-11-23,2016-12-06,302.31,0.01,301.35,302.45,0.0,0.0,-0.02,0.02
AKZOINDIA,2016-11-23,2016-12-06,1415.47,0.01,1407.7,1409.9,0.0,0.0,-0.02,0.02
SANOFI,2016-11-23,2016-12-06,4300.07,0.02,4245.25,4227.65,-0.0,-0.0,-0.03,0.02
ABFRL,2016-11-23,2016-12-06,220.35,0.0,220.35,220.35,0.0,0.0,0.0,0.0
WONDERLA,2016-11-23,2016-12-06,329.93,0.01,324.7,325.05,0.0,0.0,-0.02,0.02
GPPL,2016-11-23,2016-12-06,141.04,0.02,140.4,140.6,0.0,0.0,-0.04,0.02
ZENSARTECH,2016-11-23,2016-12-06,995.23,0.01,983.45,980.45,-0.0,-0.0,-0.02,0.02
ROLTA,2016-11-23,2016-12-06,53.36,0.02,52.6,52.6,0.0,0.0,-0.05,0.04
SMLISUZU,2016-11-23,2016-12-06,1097.95,0.02,1075.45,1073.65,-0.0,-0.0,-0.04,0.02
EIDPARRY,2016-11-23,2016-12-06,246.53,0.01,246.6,246.9,0.0,0.0,-0.02,0.02
BANKBARODA,2016-11-23,2016-12-06,163.32,0.02,162.1,162.3,0.0,0.0,-0.03,0.03
VIDEOIND,2016-11-23,2016-12-06,103.88,0.0,103.9,103.9,0.0,0.0,-0.01,0.01
BANKINDIA,2016-11-23,2016-12-06,118.0,0.02,117.3,117.0,-0.0,-0.0,-0.03,0.03
BASF,2016-11-23,2016-12-06,1038.66,0.01,1030.85,1027.65,-0.0,-0.0,-0.03,0.02
TNPL,2016-11-23,2016-12-06,345.44,0.03,335.95,335.7,-0.0,-0.0,-0.04,0.06
BATAINDIA,2016-11-23,2016-12-06,412.46,0.02,417.15,415.1,-0.0,-0.0,-0.04,0.03
BHARATFIN,2016-11-23,2016-12-06,711.97,0.04,715.4,716.5,0.0,0.0,-0.07,0.07
BHARATFORG,2016-11-23,2016-12-06,897.6,0.01,897.9,896.8,-0.0,-0.0,-0.03,0.03
TECHNO,2016-11-23,2016-12-06,303.22,0.01,303.2,304.65,0.0,0.0,-0.02,0.02
TVSMOTOR,2016-11-23,2016-12-06,359.53,0.02,355.2,354.95,-0.0,-0.0,-0.03,0.04
BAJAJELEC,2016-11-23,2016-12-06,217.31,0.02,218.35,218.2,-0.0,-0.0,-0.02,0.03
UBL,2016-11-23,2016-12-06,861.6,0.01,857.25,854.65,-0.0,-0.0,-0.02,0.02
CARBORUNIV,2016-11-23,2016-12-06,260.38,0.02,258.95,258.6,-0.0,-0.0,-0.03,0.03
AUROPHARMA,2016-11-23,2016-12-06,731.68,0.02,730.2,731.25,0.0,0.0,-0.03,0.04
RELINFRA,2016-11-23,2016-12-06,467.69,0.03,478.8,478.35,-0.0,-0.0,-0.06,0.03
COLPAL,2016-11-23,2016-12-06,929.6,0.01,923.8,923.7,-0.0,-0.0,-0.01,0.01
ASTRAZEN,2016-11-23,2016-12-06,951.3,0.01,949.65,949.35,-0.0,-0.0,-0.01,0.02
CORPBANK,2016-11-23,2016-12-06,45.25,0.02,44.75,44.85,0.0,0.0,-0.02,0.04
DABUR,2016-11-23,2016-12-06,280.95,0.01,281.5,280.45,-0.0,-0.0,-0.02,0.02
DCBBANK,2016-11-23,2016-12-06,109.0,0.02,108.7,108.2,-0.0,-0.0,-0.03,0.03
DCMSHRIRAM,2016-11-23,2016-12-06,212.19,0.01,213.2,212.8,-0.0,-0.0,-0.03,0.03
SUNDARMFIN,2016-11-23,2016-12-06,1220.34,0.02,1209.4,1205.55,-0.0,-0.0,-0.03,0.05
STAR,2016-11-23,2016-12-06,1084.33,0.01,1088.55,1088.1,-0.0,-0.0,-0.02,0.01
RENUKA,2016-11-23,2016-12-06,13.86,0.01,13.75,13.8,0.0,0.0,-0.01,0.01
SHRIRAMCIT,2016-11-23,2016-12-06,1875.2,0.01,1875.95,1874.3,-0.0,-0.0,-0.02,0.02
ZYDUSWELL,2016-11-23,2016-12-06,848.4,0.01,847.5,850.25,0.0,0.0,-0.02,0.02
HFCL,2016-11-23,2016-12-06,12.57,0.02,12.3,12.25,-0.0,-0.0,-0.03,0.04
IDBI,2016-11-23,2016-12-06,68.06,0.01,68.25,68.25,0.0,0.0,-0.02,0.02
ICRA,2016-11-23,2016-12-06,3953.3,0.01,3967.9,3959.65,-0.0,-0.0,-0.01,0.01
RELIANCE,2016-11-23,2016-12-06,995.6,0.01,1009.0,1005.2,-0.0,-0.0,-0.02,0.01
IBREALEST,2016-11-23,2016-12-06,68.97,0.03,69.0,69.3,0.0,0.0,-0.04,0.06
PRAJIND,2016-11-23,2016-12-06,75.83,0.02,74.15,73.9,-0.0,-0.0,-0.03,0.02
INDIACEM,2016-11-23,2016-12-06,115.64,0.03,114.65,114.5,-0.0,-0.0,-0.06,0.03
NAVKARCORP,2016-11-23,2016-12-06,175.59,0.02,176.15,176.1,-0.0,-0.0,-0.02,0.03
LT,2016-11-23,2016-12-06,1363.83,0.01,1357.25,1362.15,0.0,0.0,-0.02,0.02
MAHLIFE,2016-11-23,2016-12-06,362.53,0.02,351.8,352.45,0.0,0.0,-0.04,0.05
JSWSTEEL,2016-11-23,2016-12-06,16714.3,0.02,16512.5,16440.0,-0.0,-0.0,-0.03,0.04
RECLTD,2016-11-23,2016-12-06,134.75,0.02,133.15,133.05,-0.0,-0.0,-0.02,0.04
MARICO,2016-11-23,2016-12-06,253.01,0.01,255.3,255.0,-0.0,-0.0,-0.02,0.02
REDINGTON,2016-11-23,2016-12-06,93.67,0.02,91.95,91.6,-0.0,-0.0,-0.03,0.05
MCLEODRUSS,2016-11-23,2016-12-06,147.61,0.01,147.0,147.25,0.0,0.0,-0.02,0.01
BFUTILITIE,2016-11-23,2016-12-06,427.46,0.02,416.25,410.1,-0.01,-0.0,-0.03,0.03
BLUEDART,2016-11-23,2016-12-06,4624.57,0.02,4643.25,4597.55,-0.01,-0.0,-0.02,0.05
IPCALAB,2016-11-23,2016-12-06,567.69,0.01,562.45,559.05,-0.01,-0.0,-0.02,0.02
IOC,2016-11-23,2016-12-06,297.38,0.02,298.4,295.65,-0.01,-0.0,-0.03,0.03
THERMAX,2016-11-23,2016-12-06,828.9,0.01,836.1,829.55,-0.01,-0.0,-0.02,0.01
EIHOTEL,2016-11-23,2016-12-06,101.03,0.02,101.55,100.2,-0.01,-0.0,-0.02,0.04
DLF,2016-11-23,2016-12-06,113.72,0.02,117.1,116.0,-0.01,-0.0,-0.04,0.03
HTMEDIA,2016-11-23,2016-12-06,71.06,0.01,71.25,70.25,-0.01,-0.0,-0.01,0.02
JAGRAN,2016-11-23,2016-12-06,172.28,0.01,172.0,170.8,-0.01,-0.0,-0.02,0.02
TATAMTRDVR,2016-11-23,2016-12-06,292.29,0.02,296.5,292.25,-0.01,-0.0,-0.03,0.02
ORIENTCEM,2016-11-23,2016-12-06,132.46,0.02,130.2,129.3,-0.01,-0.0,-0.02,0.03
ABB,2016-11-23,2016-12-06,1054.81,0.01,1064.9,1049.25,-0.01,-0.0,-0.01,0.01
MFSL,2016-11-23,2016-12-06,542.38,0.02,548.65,544.15,-0.01,-0.0,-0.04,0.04
IDFC,2016-11-23,2016-12-06,56.55,0.02,56.65,56.15,-0.01,-0.0,-0.03,0.03
ALKEM,2016-11-23,2016-12-06,1697.25,0.01,1702.15,1690.8,-0.01,-0.0,-0.02,0.01
CONCOR,2016-11-23,2016-12-06,1150.05,0.02,1127.25,1111.6,-0.01,-0.0,-0.02,0.05
POLARIS,2016-11-23,2016-12-06,161.03,0.02,162.8,160.85,-0.01,-0.0,-0.03,0.03
RADICO,2016-11-23,2016-12-06,118.72,0.02,119.9,118.45,-0.01,-0.0,-0.04,0.03
MANPASAND,2016-11-23,2016-12-06,624.3,0.03,618.0,613.15,-0.01,-0.0,-0.04,0.08
VGUARD,2016-11-23,2016-12-06,171.19,0.01,172.45,171.3,-0.01,-0.0,-0.02,0.01
RTNPOWER,2016-11-23,2016-12-06,7.32,0.03,7.1,7.0,-0.01,-0.0,-0.06,0.03
GILLETTE,2016-11-23,2016-12-06,4324.11,0.01,4358.7,4320.05,-0.01,-0.0,-0.02,0.02
ASIANPAINT,2016-11-23,2016-12-06,940.39,0.02,942.05,934.15,-0.01,-0.0,-0.04,0.04
KANSAINER,2016-11-23,2016-12-06,338.93,0.01,336.3,331.6,-0.01,-0.0,-0.03,0.01
BALRAMCHIN,2016-11-23,2016-12-06,120.33,0.01,120.3,119.45,-0.01,-0.0,-0.02,0.01
JCHAC,2016-11-23,2016-12-06,1373.97,0.02,1363.6,1354.6,-0.01,-0.0,-0.02,0.03
ASTRAL,2016-11-23,2016-12-06,400.95,0.01,404.1,395.95,-0.02,-0.0,-0.01,0.01
INFIBEAM,2016-11-23,2016-12-06,1169.57,0.02,1162.7,1139.65,-0.02,-0.0,-0.03,0.03
JBFIND,2016-11-23,2016-12-06,200.94,0.02,203.25,199.05,-0.02,-0.0,-0.03,0.03
TRITURBINE,2016-11-23,2016-12-06,116.84,0.01,118.7,116.1,-0.02,-0.0,-0.01,0.01
BIRLACORPN,2016-11-23,2016-12-06,663.66,0.01,667.05,651.2,-0.02,-0.0,-0.02,0.02
INDIANB,2016-11-23,2016-12-06,243.53,0.02,245.0,240.7,-0.02,-0.0,-0.03,0.05
ZEEL,2016-11-23,2016-12-06,449.64,0.02,457.1,446.7,-0.02,-0.0,-0.04,0.04
APLLTD,2016-11-23,2016-12-06,643.98,0.01,644.4,630.55,-0.02,-0.0,-0.03,0.02
PCJEWELLER,2016-11-23,2016-12-06,365.27,0.02,366.5,360.5,-0.02,-0.0,-0.05,0.02
AMARAJABAT,2016-11-23,2016-12-06,928.28,0.01,938.35,922.4,-0.02,-0.0,-0.02,0.01
RELIGARE,2016-11-23,2016-12-06,269.0,0.01,273.75,268.25,-0.02,-0.0,-0.02,0.01
INDIGO,2016-11-23,2016-12-06,861.01,0.01,869.5,849.25,-0.02,-0.0,-0.03,0.02
DIVISLAB,2016-11-23,2016-12-06,1156.79,0.01,1177.7,1154.25,-0.02,-0.0,-0.03,0.02
GMDCLTD,2016-11-23,2016-12-06,102.38,0.02,100.25,98.25,-0.02,-0.0,-0.05,0.03
RAJESHEXPO,2016-11-23,2016-12-06,454.64,0.01,452.75,445.4,-0.02,-0.0,-0.02,0.02
PRISMCEM,2016-11-23,2016-12-06,90.31,0.02,90.75,89.05,-0.02,-0.0,-0.03,0.02
SKFINDIA,2016-11-23,2016-12-06,1256.97,0.02,1271.95,1252.65,-0.02,-0.0,-0.04,0.02
EVEREADY,2016-11-23,2016-12-06,215.87,0.01,218.55,214.4,-0.02,-0.0,-0.02,0.02
EMAMILTD,2016-11-23,2016-12-06,1067.27,0.02,1047.4,1025.45,-0.02,-0.0,-0.04,0.03
PVR,2016-11-23,2016-12-06,1119.45,0.02,1111.3,1085.2,-0.02,-0.0,-0.03,0.02
RELCAPITAL,2016-11-23,2016-12-06,430.06,0.02,438.35,429.0,-0.02,-0.0,-0.04,0.02
ICICIBANK,2016-11-23,2016-12-06,260.12,0.02,264.95,261.0,-0.02,-0.0,-0.02,0.04
DELTACORP,2016-11-23,2016-12-06,111.77,0.02,112.1,109.6,-0.02,-0.0,-0.04,0.02
GSKCONS,2016-11-23,2016-12-06,5055.51,0.01,5162.4,4998.5,-0.03,-0.0,-0.02,0.03
LALPATHLAB,2016-11-23,2016-12-06,1166.7,0.01,1204.0,1169.65,-0.03,-0.0,-0.02,0.02
MHRIL,2016-11-23,2016-12-06,401.74,0.02,408.15,395.2,-0.03,-0.0,-0.03,0.02
VSTIND,2016-11-23,2016-12-06,2209.92,0.01,2250.8,2195.05,-0.03,-0.0,-0.03,0.01
FORTIS,2016-11-23,2016-12-06,174.88,0.02,173.25,168.85,-0.03,-0.0,-0.03,0.04
JUBLFOOD,2016-11-23,2016-12-06,884.18,0.03,881.8,853.5,-0.03,-0.0,-0.04,0.04
GUJFLUORO,2016-11-23,2016-12-06,484.43,0.01,489.4,477.1,-0.03,-0.0,-0.01,0.0
PNCINFRA,2016-11-23,2016-12-06,110.8,0.02,113.95,111.1,-0.03,-0.0,-0.02,0.03
RKFORGE,2016-11-23,2016-12-06,307.93,0.02,312.7,302.6,-0.03,-0.0,-0.04,0.03
PNB,2016-11-23,2016-12-06,136.7,0.01,137.5,134.05,-0.03,-0.0,-0.02,0.02
INOXLEISUR,2016-11-23,2016-12-06,222.12,0.01,224.7,218.9,-0.03,-0.0,-0.03,0.02
SADBHAV,2016-11-23,2016-12-06,274.69,0.01,281.6,272.8,-0.03,-0.0,-0.02,0.01
BPCL,2016-11-23,2016-12-06,630.46,0.02,633.9,612.95,-0.03,-0.0,-0.03,0.02
BRFL,2016-11-23,2016-12-06,143.64,0.05,146.2,142.5,-0.03,-0.0,-0.08,0.09
GSPL,2016-11-23,2016-12-06,152.62,0.02,154.7,150.35,-0.03,-0.0,-0.06,0.02
SYMPHONY,2016-11-23,2016-12-06,1215.32,0.02,1208.35,1159.8,-0.04,-0.0,-0.03,0.03
AHLUCONT,2016-11-23,2016-12-06,247.78,0.02,255.55,246.65,-0.04,-0.0,-0.04,0.04
UNIONBANK,2016-11-23,2016-12-06,148.23,0.02,149.1,143.2,-0.04,-0.0,-0.04,0.02
GLENMARK,2016-11-23,2016-12-06,884.41,0.01,903.0,870.35,-0.04,-0.0,-0.02,0.02
AVANTIFEED,2016-11-23,2016-12-06,500.63,0.02,501.15,481.5,-0.04,-0.0,-0.02,0.03
LAOPALA,2016-11-23,2016-12-06,522.25,0.01,525.8,506.15,-0.04,-0.0,-0.02,0.02
BAJAJCORP,2016-11-23,2016-12-06,367.68,0.01,379.35,364.55,-0.04,-0.0,-0.02,0.01
KOTAKBANK,2016-11-23,2016-12-06,744.37,0.02,766.15,734.0,-0.04,-0.0,-0.03,0.01
REPCOHOME,2016-11-23,2016-12-06,582.03,0.02,583.05,561.45,-0.04,-0.0,-0.03,0.03
GODFRYPHLP,2016-11-23,2016-12-06,929.44,0.01,950.95,912.95,-0.04,-0.0,-0.02,0.01
CRISIL,2016-11-23,2016-12-06,2244.46,0.01,2299.05,2214.0,-0.04,-0.0,-0.03,0.01
HINDPETRO,2016-11-23,2016-12-06,454.92,0.03,454.15,438.3,-0.04,-0.0,-0.05,0.04
SHOPERSTOP,2016-11-23,2016-12-06,296.75,0.01,306.85,294.65,-0.04,-0.0,-0.04,0.01
MANAPPURAM,2016-11-23,2016-12-06,74.36,0.03,77.45,74.45,-0.04,-0.0,-0.06,0.06
MAYURUNIQ,2016-11-23,2016-12-06,366.83,0.02,373.95,360.5,-0.04,-0.0,-0.04,0.02
SITINET,2016-11-23,2016-12-06,35.93,0.01,36.55,35.05,-0.04,-0.0,-0.02,0.03
WABCOINDIA,2016-11-23,2016-12-06,5040.74,0.02,5188.2,5004.65,-0.04,-0.0,-0.03,0.02
DISHMAN,2016-11-23,2016-12-06,238.31,0.01,242.65,233.0,-0.04,-0.0,-0.02,0.02
IDFCBANK,2016-11-23,2016-12-06,68.43,0.02,69.4,66.3,-0.05,-0.01,-0.04,0.02
AXISBANK,2016-11-23,2016-12-06,467.0,0.01,480.5,455.95,-0.05,-0.01,-0.03,0.01
DBCORP,2016-11-23,2016-12-06,361.78,0.01,368.05,348.9,-0.05,-0.01,-0.03,0.01
NH,2016-11-23,2016-12-06,343.78,0.01,351.4,335.3,-0.05,-0.01,-0.02,0.01
TUBEINVEST,2016-11-23,2016-12-06,581.36,0.01,598.85,567.85,-0.05,-0.01,-0.03,0.02
HMVL,2016-11-23,2016-12-06,268.5,0.02,272.4,259.9,-0.05,-0.01,-0.04,0.01
CENTURYPLY,2016-11-23,2016-12-06,177.37,0.02,175.6,167.75,-0.05,-0.01,-0.03,0.02
BRIGADE,2016-11-23,2016-12-06,155.04,0.01,161.45,153.1,-0.05,-0.01,-0.03,0.01
BAJAJHIND,2016-11-23,2016-12-06,14.08,0.01,14.55,13.7,-0.06,-0.01,-0.03,0.01
SEQUENT,2016-11-23,2016-12-06,114.44,0.02,117.45,109.55,-0.07,-0.01,-0.04,0.02
NAUKRI,2016-11-23,2016-12-06,898.96,0.01,934.0,870.85,-0.07,-0.01,-0.02,0.0
HSIL,2016-11-23,2016-12-06,292.3,0.02,303.9,284.35,-0.07,-0.01,-0.04,0.03
WHIRLPOOL,2016-11-23,2016-12-06,928.02,0.03,939.4,872.25,-0.07,-0.01,-0.05,0.07
TATAMOTORS,2016-11-23,2016-12-06,451.22,0.02,471.5,441.1,-0.07,-0.01,-0.04,0.01
RAYMOND,2016-11-23,2016-12-06,504.29,0.02,525.65,485.25,-0.08,-0.01,-0.03,0.02
CHOLAFIN,2016-11-23,2016-12-06,959.38,0.02,990.3,910.35,-0.08,-0.01,-0.04,0.03
INDOCO,2016-11-23,2016-12-06,265.43,0.02,278.5,255.0,-0.09,-0.01,-0.03,0.02
SOMANYCERA,2016-11-23,2016-12-06,516.04,0.02,539.15,492.65,-0.09,-0.01,-0.04,0.02
TVTODAY,2016-11-23,2016-12-06,308.21,0.03,315.25,288.65,-0.09,-0.01,-0.06,0.02
CROMPGREAV,2016-11-23,2016-12-06,73.31,0.04,73.05,66.2,-0.1,-0.01,-0.11,0.05
PRESTIGE,2016-11-23,2016-12-06,152.91,0.01,160.75,144.5,-0.11,-0.01,-0.03,0.01
DEN,2016-11-23,2016-12-06,65.37,0.02,71.6,62.45,-0.14,-0.02,-0.04,0.03
KPRMILL,2016-11-15,2016-11-28,1411.99,0.22,2121.5,1129.9,-0.63,-0.07,-0.68,0.04
KARURVYSYA,2016-11-03,2016-11-16,390.81,0.51,470.75,91.03,-1.64,-0.18,-1.62,0.02
