Date,3MINDIA.NS,3MINDIA.NS,8KMILES.NS,AARTIIND.NS,ABAN.NS,ABB.NS,ABFRL.NS,ABIRLANUVO.NS,ACC.NS,ADANIENT.NS,ADANIPORTS.NS,ADANIPOWER.NS,ADANITRANS.NS,AEGISCHEM.NS,AHLUCONT.NS,AIAENG.NS,AJANTPHARM.NS,AKZOINDIA.NS,ALBK.NS,ALKEM.NS,ALLCARGO.NS,ALOKTEXT.NS,AMARAJABAT.NS,AMBUJACEM.NS,AMTEKAUTO.NS,ANANTRAJ.NS,ANDHRABANK.NS,APARINDS.NS,APLAPOLLO.NS,APLLTD.NS,APOLLOHOSP.NS,APOLLOTYRE.NS,ARVIND.NS,ASHOKA.NS,ASHOKLEY.NS,ASIANPAINT.NS,ASTRAL.NS,ASTRAZEN.NS,ATUL.NS,AUROPHARMA.NS,AVANTIFEED.NS,AXISBANK.NS,BAJAJCORP.NS,BAJAJELEC.NS,BAJAJFINSV.NS,BAJAJHIND.NS,BAJAJHLDNG.NS,BAJFINANCE.NS,BALKRISIND.NS,BALLARPUR.NS,BALMLAWRIE.NS,BALRAMCHIN.NS,BANKBARODA.NS,BANKINDIA.NS,BASF.NS,BATAINDIA.NS,BBTC.NS,BEL.NS,BEML.NS,BERGEPAINT.NS,BFUTILITIE.NS,BGRENERGY.NS,BHARATFIN.NS,BHARATFORG.NS,BHARTIARTL.NS,BHEL.NS,BHUSANSTL.NS,BIOCON.NS,BIRLACORPN.NS,BLISSGVS.NS,BLUEDART.NS,BLUESTARCO.NS,BOMDYEING.NS,BOSCHLTD.NS,BPCL.NS,BRFL.NS,BRIGADE.NS,BRITANNIA.NS,CADILAHC.NS,CAIRN.NS,CANBK.NS,CANFINHOME.NS,CAPF.NS,CAPLIPOINT.NS,CARBORUNIV.NS,CARERATING.NS,CASTROLIND.NS,CCL.NS,CEATLTD.NS,CENTRALBK.NS,CENTURYPLY.NS,CENTURYTEX.NS,CERA.NS,CESC.NS,CHAMBLFERT.NS,CHENNPETRO.NS,CHOLAFIN.NS,CIPLA.NS,COALINDIA.NS,COFFEEDAY.NS,COLPAL.NS,CONCOR.NS,COROMANDEL.NS,CORPBANK.NS,CRISIL.NS,CROMPGREAV.NS,CUB.NS,CUMMINSIND.NS,CYIENT.NS,DABUR.NS,DALMIABHA.NS,DBCORP.NS,DBREALTY.NS,DCBBANK.NS,DCMSHRIRAM.NS,DEEPAKFERT.NS,DELTACORP.NS,DEN.NS,DENABANK.NS,DHANUKA.NS,DHFL.NS,DISHMAN.NS,DISHTV.NS,DIVISLAB.NS,DLF.NS,DREDGECORP.NS,DRREDDY.NS,DYNAMATECH.NS,ECLERX.NS,EDELWEISS.NS,EICHERMOT.NS,EIDPARRY.NS,EIHOTEL.NS,EMAMILTD.NS,ENGINERSIN.NS,EQUITAS.NS,EROSMEDIA.NS,ESCORTS.NS,ESSELPACK.NS,EVEREADY.NS,EXIDEIND.NS,FAGBEARING.NS,FDC.NS,FEDERALBNK.NS,FINCABLES.NS,FINPIPE.NS,FLFL.NS,FORTIS.NS,FSL.NS,GAIL.NS,GATI.NS,GAYAPROJ.NS,GDL.NS,GEPIL.NS,GESHIP.NS,GILLETTE.NS,GLAXO.NS,GLENMARK.NS,GMDCLTD.NS,GMRINFRA.NS,GODFRYPHLP.NS,GODREJCP.NS,GODREJIND.NS,GODREJPROP.NS,GPPL.NS,GRANULES.NS,GRASIM.NS,GREAVESCOT.NS,GREENPLY.NS,GRINDWELL.NS,GRUH.NS,GSFC.NS,GSKCONS.NS,GSPL.NS,GUJFLUORO.NS,GUJGASLTD.NS,GULFOILLUB.NS,GVKPIL.NS,HATHWAY.NS,HAVELLS.NS,HCC.NS,HCLTECH.NS,HDFC.NS,HDFCBANK.NS,HDIL.NS,HEIDELBERG.NS,HEROMOTOCO.NS,HEXAWARE.NS,HFCL.NS,HIMATSEIDE.NS,HINDALCO.NS,HINDCOPPER.NS,HINDPETRO.NS,HINDUNILVR.NS,HINDZINC.NS,HMVL.NS,HONAUT.NS,HSIL.NS,HTMEDIA.NS,IBREALEST.NS,IBULHSGFIN.NS,ICICIBANK.NS,ICIL.NS,ICRA.NS,IDBI.NS,IDEA.NS,IDFC.NS,IDFCBANK.NS,IFCI.NS,IGARASHI.NS,IGL.NS,IIFL.NS,INDHOTEL.NS,INDIACEM.NS,INDIANB.NS,INDIGO.NS,INDOCO.NS,INDUSINDBK.NS,INFIBEAM.NS,INFRATEL.NS,INFY.NS,INGERRAND.NS,INOXLEISUR.NS,INOXWIND.NS,INTELLECT.NS,IOB.NS,IOC.NS,IPAPPM.NS,IPCALAB.NS,IRB.NS,ITC.NS,ITDCEM.NS,JAGRAN.NS,JAICORPLTD.NS,JBCHEPHARM.NS,JBFIND.NS,JCHAC.NS,JETAIRWAYS.NS,JINDALPOLY.NS,JINDALSTEL.NS,JISLJALEQS.NS,JKCEMENT.NS,JKIL.NS,JKLAKSHMI.NS,JKTYRE.NS,JMFINANCIL.NS,JMTAUTOLTD.NS,JPASSOCIAT.NS,JPINFRATEC.NS,JPPOWER.NS,JSWENERGY.NS,JSWHL.NS,JSWSTEEL.NS,JUBILANT.NS,JUBLFOOD.NS,JUSTDIAL.NS,JYOTHYLAB.NS,KAJARIACER.NS,KALPATPOWR.NS,KANSAINER.NS,KARURVYSYA.NS,KEC.NS,KESORAMIND.NS,KITEX.NS,KOLTEPATIL.NS,KOTAKBANK.NS,KPIT.NS,KPRMILL.NS,KRBL.NS,KSBPUMPS.NS,KSCL.NS,KTKBANK.NS,KWALITY.NS,LAKSHVILAS.NS,LALPATHLAB.NS,LAOPALA.NS,LAXMIMACH.NS,LICHSGFIN.NS,LINDEINDIA.NS,LITL.NS,LT.NS,LUPIN.NS,MAGMA.NS,MAHINDCIE.NS,MAHLIFE.NS,MANAPPURAM.NS,MANPASAND.NS,MARICO.NS,MARKSANS.NS,MARUTI.NS,MAYURUNIQ.NS,MCLEODRUSS.NS,MERCK.NS,MFSL.NS,MHRIL.NS,MINDTREE.NS,MMTC.NS,MOIL.NS,MONSANTO.NS,MOTHERSUMI.NS,MOTILALOFS.NS,MPHASIS.NS,MRF.NS,MRPL.NS,MTNL.NS,MUTHOOTFIN.NS,MYSOREBANK.NS,NATCOPHARM.NS,NATIONALUM.NS,NAUKRI.NS,NAVINFLUOR.NS,NAVKARCORP.NS,NBCC.NS,NCC.NS,NETWORK18.NS,NH.NS,NHPC.NS,NIITTECH.NS,NILKAMAL.NS,NITINFIRE.NS,NLCINDIA.NS,NMDC.NS,NTPC.NS,OBEROIRLTY.NS,OCL.NS,OFSS.NS,OIL.NS,OMAXE.NS,ONGC.NS,ORIENTBANK.NS,ORIENTCEM.NS,ORISSAMINE.NS,PAGEIND.NS,PCJEWELLER.NS,PEL.NS,PERSISTENT.NS,PETRONET.NS,PFC.NS,PFIZER.NS,PFS.NS,PGHH.NS,PHOENIXLTD.NS,PIDILITIND.NS,PIIND.NS,PNB.NS,PNCINFRA.NS,POLARIS.NS,POWERGRID.NS,PRAJIND.NS,PRESTIGE.NS,PRISMCEM.NS,PTC.NS,PUNJLLOYD.NS,PVR.NS,RADICO.NS,RAIN.NS,RAJESHEXPO.NS,RALLIS.NS,RAMCOCEM.NS,RAMCOSYS.NS,RAYMOND.NS,RCF.NS,RCOM.NS,RDEL.NS,RECLTD.NS,REDINGTON.NS,RELAXO.NS,RELCAPITAL.NS,RELIANCE.NS,RELIGARE.NS,RELINFRA.NS,RENUKA.NS,REPCOHOME.NS,RIIL.NS,RKFORGE.NS,RPOWER.NS,RTNPOWER.NS,RUCHISOYA.NS,SADBHAV.NS,SAIL.NS,SANOFI.NS,SBBJ.NS,SBIN.NS,SBT.NS,SCHNEIDER.NS,SCI.NS,SEQUENT.NS,SFCL.NS,SHARDACROP.NS,SHILPAMED.NS,SHK.NS,SHOPERSTOP.NS,SHREECEM.NS,SHRIRAMCIT.NS,SIEMENS.NS,SIMPLEXINF.NS,SINTEX.NS,SITINET.NS,SJVN.NS,SKFINDIA.NS,SMLISUZU.NS,SNOWMAN.NS,SOBHA.NS,SOLARINDS.NS,SOMANYCERA.NS,SONATSOFTW.NS,SOUTHBANK.NS,SPARC.NS,SREINFRA.NS,SRF.NS,SRTRANSFIN.NS,STAR.NS,STCINDIA.NS,SUNDARMFIN.NS,SUNDRMFAST.NS,SUNPHARMA.NS,SUNTECK.NS,SUNTV.NS,SUPRAJIT.NS,SUPREMEIND.NS,SUVEN.NS,SUZLON.NS,SWANENERGY.NS,SYMPHONY.NS,SYNDIBANK.NS,SYNGENE.NS,TAKE.NS,TATACHEM.NS,TATACOFFEE.NS,TATACOMM.NS,TATAELXSI.NS,TATAGLOBAL.NS,TATAMOTORS.NS,TATAMTRDVR.NS,TATAPOWER.NS,TATASPONGE.NS,TATASTEEL.NS,TCS.NS,TECHM.NS,TECHNO.NS,TEXRAIL.NS,THERMAX.NS,THOMASCOOK.NS,TIDEWATER.NS,TIMKEN.NS,TITAN.NS,TNPL.NS,TORNTPHARM.NS,TORNTPOWER.NS,TRENT.NS,TRIDENT.NS,TRITURBINE.NS,TTKPRESTIG.NS,TUBEINVEST.NS,TV18BRDCST.NS,TVSMOTOR.NS,TVSSRICHAK.NS,TVTODAY.NS,UBL.NS,UCOBANK.NS,UFLEX.NS,ULTRACEMCO.NS,UNICHEMLAB.NS,UNIONBANK.NS,UNITECH.NS,UPL.NS,VAKRANGEE.NS,VEDL.NS,VGUARD.NS,VIDEOIND.NS,VIJAYABANK.NS,VINATIORGA.NS,VIPIND.NS,VOLTAS.NS,VRLLOG.NS,VSTIND.NS,VTL.NS,WABAG.NS,WABCOINDIA.NS,WELCORP.NS,WELSPUNIND.NS,WHIRLPOOL.NS,WIPRO.NS,WOCKPHARMA.NS,WONDERLA.NS,YESBANK.NS,ZEEL.NS,ZEELEARN.NS,ZENSARTECH.NS,ZYDUSWELL.NS,Nifty50,Nifty500
2016-12-12,10798.0,10798.0,691.0,693.5,261.5,1049.25,220.35,1249.5,1345.9,71.15,281.35,32.0,56.75,145.5,262.85,1267.55,1833.55005,1434.3,69.3,1623.95,164.3,2.7,900.29999,208.35,37.9,42.15,51.35,579.3,867.65,638.0,1226.5,194.2,344.9,153.3,79.5,910.25,386.75,950.3,2133.0,715.3,490.2,445.1,356.4,217.8,2975.25,14.1,2037.4,843.59998,1191.0,14.95,1127.8,120.45,158.9,115.65,1068.9,414.75,508.0,1505.75,906.05,208.5,410.9,117.25,692.25,968.09998,329.15,127.5,40.3,939.95,637.15,170.45,4563.5,468.15,47.15,20764.9,611.85,141.25,157.1,2977.05,390.20001,266.35,306.55,1644.95,547.2,351.1,254.65,1471.1,393.15,262.1,1243.25,86.9,169.65,792.55,2097.4,622.5,71.45,280.75,869.9,574.79999,305.3,200.1,907.9,1128.45,282.4,44.95,2220.0,60.8,134.10001,774.9,506.65,276.25,1540.3,357.9,39.65,104.7,216.15,193.05,112.8,64.1,34.25,701.2,248.4,225.85,88.35,1149.65,113.3,387.25,3147.8999,2912.2,1477.5,93.1,22179.2,258.75,99.05,1040.15,623.7,154.7,181.15,319.75,251.0,217.25,174.9,3999.15,220.75,70.55,428.55,421.8,126.55,170.6,34.75,429.1,119.8,613.4,234.6,487.6,374.95,4291.75,2735.75,914.3,102.7,11.75,913.8,1441.3,405.75,301.6,137.75,111.15,861.75,126.05,256.85,323.9,314.7,89.5,4989.9,148.3,480.85,551.2,687.7,5.65,33.75,338.3,38.45,799.8,1264.5,1184.45,61.8,120.55,3212.45,205.3,12.4,304.6,181.95,62.9,433.55,832.6,281.05,262.65,8587.1,279.7,72.45,72.4,694.15,264.85,158.65,3938.35,70.55,75.6,55.95,66.5,26.45,724.5,858.6,265.35,101.85,114.35,240.35,828.0,256.25,1085.3,1109.25,351.6,977.34998,665.2,217.7,201.1,165.0,24.85,295.5,316.05,542.6,193.4,232.3,147.6,173.3,68.05,347.2,203.35,1439.05,355.65,350.8,73.5,87.45,742.55,204.4,367.45,118.95,67.85,21.5,7.65,7.65,4.05,58.5,1327.7,16223.5,658.6,854.05,378.65,368.3,500.95,241.15,335.25,,142.1,134.64999,404.5,94.85,729.85,131.15,,281.75,613.65,422.7,107.25,130.05,144.6,1096.75,502.65,3905.65,565.95,366.29999,3.8,1364.95,1503.5,104.05,189.8,358.0,70.8,550.85,250.35001,42.3,5144.4,360.35,151.95,979.7,545.15,395.25,468.25,52.65,356.0,2256.9,321.25,526.75,513.7,52235.0,94.8,19.7,297.0,564.05,600.1,67.45,859.0,2341.2,177.35,229.75,81.75,36.35,338.55,27.3,428.65,1347.15,28.05,77.75,129.0,165.45,313.4,777.3,3136.05,591.33,157.95,311.45,120.0,133.2,2179.1,13600.0,361.05,1716.5,600.2,379.8,131.7,1871.6,39.1,6743.25,383.0,607.6,819.45,130.85,104.65,153.6,184.75,79.85,153.05,87.1,75.4,19.95,1098.9,119.15,53.45,450.79999,199.25,559.75,300.95,488.0,48.25,35.95,54.95,132.25,92.25,405.7,433.4,1027.2,252.4,482.6,13.65,539.65,390.3,298.65,42.35,7.05,19.7,272.2,54.95,4309.55,718.95,263.65,566.5,141.8,61.85,107.75,100.6,459.95,658.7,298.0,290.5,14752.7,1822.7,1135.6,290.55,77.35,37.5,30.95,1290.75,1053.45,53.2,257.55,665.05,519.75,166.25,21.55,312.4,77.8,1518.35,867.8,1105.0,127.0,1221.8,285.85,676.40002,208.55,499.1,200.15,894.3,179.55,14.65,167.7,1194.25,66.6,634.25,139.25,487.0,116.25,625.0,1483.5,123.35,454.4,297.2,76.65,584.75,424.2,2208.2,469.4,295.25,109.05,826.55,190.05,5772.8,586.65,321.7,354.5,1347.25,188.1,199.8,58.45,119.0,5589.6,575.9,37.75,367.55,3501.65,285.35,833.05,33.85,260.55,3462.35,262.95,141.6,4.75,695.55,284.25,246.8,169.85,104.0,46.65,600.05,121.05,319.1,266.45,2235.25,1081.8,482.2,5046.15,76.9,67.4,888.75,453.54999,688.0,335.5,1192.65,452.3,40.4,1009.25,851.05,8170.799805,7023.200195
2016-12-13,10798.1,10798.1,685.0,683.65,254.55,1050.2,220.35,1233.5,1339.75,70.9,286.0,32.3,56.35,141.4,259.95,1267.55,1825.30005,1437.4,69.0,1639.75,165.85,2.7,906.84998,206.4,37.7,41.7,51.25,578.65,890.85,625.5,1237.7,196.8,345.55,153.4,77.9,906.75,398.75,955.8,2106.15,718.6,488.55,452.95,364.45,218.4,2874.8,13.75,1996.85,836.75,1193.25,14.9,1086.7,119.5,160.4,115.0,1062.1,419.55,506.8,1473.65,912.3,199.45,407.75,117.05,676.95,999.04999,330.0,125.45,40.15,935.35,615.6,165.75,4551.7,471.8,46.7,20916.6,628.65,143.3,158.3,2938.6499,383.5,262.45,304.85,1611.9,536.6,350.85,257.35,1473.15,388.75,260.0,1250.6,86.05,167.5,777.45,2104.1,626.45,71.0,276.75,838.35,578.84998,305.95,200.05,915.15,1121.15,278.8,44.95,2200.4,60.1,133.89999,779.45,502.55,280.85001,1462.4,360.9,41.0,106.3,213.05,197.55,112.7,74.55,34.4,709.1,245.55,226.4,86.3,1160.35,112.1,384.85,3166.8501,2935.7,1436.1,92.0,22334.1,261.15,100.0,1024.1,625.8,152.65,177.85,319.3,245.3,217.15,172.75,3951.5,216.95,70.95,420.0,424.85,125.5,175.65,34.75,424.9,119.1,609.0,234.75,488.35,368.6,4293.7,2735.85,913.0,100.85,11.75,910.9,1443.15,413.14999,298.9,139.55,111.2,850.55,126.15,262.8,328.7,315.6,88.4,5074.45,147.6,488.8,544.65,668.95,5.55,34.3,337.45,39.0,800.95,1278.55,1186.25,61.2,122.85,3210.7,208.5,12.35,301.9,176.95,61.25,439.65,831.15,278.15,266.6,8595.8,281.25,73.55,70.2,670.3,264.4,160.2,3897.9,70.8,77.05,55.3,66.25,26.3,724.35,855.3,262.8,101.85,116.1,245.4,816.25,262.15,1089.8,1119.9,355.4,990.20001,678.4,218.5,204.75,169.8,25.15,301.0,311.45,539.95,194.75,235.64999,148.1,169.95,68.55,346.1,204.25,1495.75,361.7,349.05,76.3,87.1,715.1,206.7,359.65,118.8,69.1,21.65,7.75,7.6,4.0,58.75,1425.1,16319.0,663.4,853.8,376.15,370.15,482.1,241.65,336.54999,,139.15,134.25,410.05,94.7,730.95,133.6,,286.9,593.25,429.65,112.55,129.85,144.6,1077.2,506.65,3908.2,552.0,359.95001,3.75,1375.7,1494.3,104.8,187.6,358.3,70.45,569.3,251.60001,42.3,5163.15,356.2,152.8,980.7,557.0,398.15,492.5,51.45,357.8,2262.35,326.04999,509.1,519.15,52424.2,95.4,19.05,289.7,569.5,597.75,65.2,852.6,2341.45,175.0,227.5,83.1,36.45,337.05,27.0,430.95,1332.35,28.4,78.05,128.3,164.8,303.6,748.8,3134.5,592.13,161.45,312.0,119.3,129.4,2159.5,13625.3,361.25,1728.85,599.75,375.8,130.95,1880.6,39.3,6800.65,374.95,610.95,808.55,129.4,104.85,155.55,185.25,80.65,158.45,88.5,76.3,19.85,1097.5,119.9,53.4,451.75,201.10001,532.4,298.15,485.75,48.7,36.05,54.6,133.1,93.1,413.1,435.7,1039.8,259.75,481.9,13.75,538.45,389.85,303.4,42.25,7.05,20.05,274.7,54.05,4300.45,724.45,266.15,570.3,145.7,62.2,108.75,99.35,451.65,674.2,309.15,292.5,14832.5,1794.85,1133.35,286.4,77.7,38.35,30.75,1285.75,1050.05,52.45,250.7,681.3,499.8,173.05,21.95,315.65,78.3,1524.5,843.85,1097.4,125.25,1242.7,284.05,684.34998,226.75,496.9,194.8,906.4,177.65,14.65,201.2,1211.85,66.55,598.25,137.75,484.7,115.75,629.9,1487.4,123.35,470.65,303.45,77.6,588.95,421.1,2200.3,484.55,300.8,109.35,828.85,189.6,5748.6,585.45,320.05,354.65,1312.35,185.9,202.25,58.2,119.1,5449.4,579.8,38.1,382.2,3482.8,281.25,833.8,33.9,259.35,3366.75,267.1,142.4,4.75,678.05,267.3,239.95,169.9,104.0,48.0,618.3,121.35,320.1,267.85,2288.5,1096.9,482.65,5003.4,75.65,67.7,876.8,463.75,690.1,326.8,1206.65,441.8,40.2,999.9,846.2,8221.799805,7045.350098
2016-12-14,10742.9,10742.9,681.2,725.6,248.65,1047.6,220.35,1228.0,1313.45,70.95,283.85,31.85,53.8,139.05,251.1,1264.7,1839.59998,1433.6,68.0,1609.35,164.9,2.65,900.45001,205.25,36.25,41.5,50.8,573.9,870.55,632.2,1238.0,197.55,335.7,152.1,77.2,914.35,397.85,938.4,2102.65,702.45,483.0,467.2,352.25,221.95,2775.75,13.55,1994.2,848.75,1156.85,15.7,1088.55,120.5,158.35,113.9,1102.3,417.25,502.95,1424.85,897.35,200.3,402.9,115.8,653.3,974.25,322.6,125.25,40.55,922.95,628.65,160.7,4456.9,464.25,45.95,20366.2,620.6,141.25,152.35,2941.6499,384.0,261.0,301.45,1591.95,549.45,344.5,249.0,1429.95,383.1,262.25,1242.95,85.1,164.6,764.25,2093.05,614.8,71.0,278.05,810.75,568.0,292.0,199.8,903.85,1120.45,279.8,44.75,2180.5,59.25,130.14999,784.75,511.3,275.39999,1488.9,355.15,40.1,106.7,213.55,207.45,109.3,71.75,34.45,701.1,242.3,223.1,85.05,1171.8,112.45,384.35,3147.7,2945.95,1434.5,91.05,21801.6,260.05,100.05,1009.85,611.4,151.75,176.5,314.65,240.7,217.95,171.55,3928.95,221.05,69.65,427.25,426.9,125.8,179.95,34.75,419.1,115.9,598.8,233.7,479.95,369.65,4285.05,2739.5,909.85,97.3,11.8,904.8,1450.15,418.45001,300.3,140.0,111.4,850.9,125.1,260.1,331.9,323.4,88.9,5007.8,148.6,491.3,547.45,658.05,5.55,34.3,337.45,40.9,820.8,1266.55,1175.7,61.4,119.15,3159.6,206.85,13.15,293.35,176.0,59.2,434.0,821.8,276.65,260.2,8549.15,279.35,73.45,70.5,647.5,260.55,160.6,3894.7,69.9,77.15,54.75,64.75,26.0,697.95,869.8,261.45,99.15,112.3,240.4,817.8,260.3,1071.85,1112.45,356.35,999.75,668.55,218.7,203.55,166.4,25.1,299.15,304.2,538.45,194.75,233.14999,147.85,167.55,66.6,344.45,203.7,1481.8,357.95,346.3,75.85,85.65,712.1,208.55,356.9,117.0,67.15,21.05,7.7,7.5,3.95,59.25,1407.7,16301.5,639.65,845.1,378.75,362.7,475.9,236.4,329.10001,,139.3,130.8,409.1,91.95,727.8,135.55,,289.15,612.65,392.95,110.3,126.85,143.1,1062.55,502.5,3910.15,548.25,358.10001,3.6,1359.95,1486.95,103.85,185.4,360.1,69.25,574.0,253.0,42.65,5141.05,358.9,148.85,1006.85,556.7,393.55,502.9,50.15,345.8,2267.65,319.95001,497.4,534.55,52759.7,93.8,18.9,278.3,563.7,588.95,66.15,847.9,2360.1,174.8,225.6,83.0,36.15,337.85,26.7,425.25,1322.65,27.8,76.45,127.85,163.55,304.25,744.3,3146.15,595.8,159.4,203.533,115.65,127.15,2125.35,13502.1,358.15,1710.3,601.1,379.55,127.85,1851.35,39.55,6794.45,382.45,613.0,805.0,127.1,104.35,151.35,181.95,79.4,163.75,85.0,75.35,19.75,1092.75,118.7,54.55,450.54999,198.3,521.05,289.95,483.65,48.2,35.8,53.75,130.3,93.0,399.25,430.8,1059.5,260.35,490.8,13.65,537.15,389.15,297.7,41.9,7.05,19.7,270.4,52.45,4354.45,715.9,262.9,565.05,141.55,60.65,109.15,98.95,441.5,680.8,288.55,289.4,14773.2,1772.3,1118.6,282.5,75.85,37.9,30.55,1275.15,1034.15,52.45,249.05,680.9,490.25,170.85,21.25,312.1,77.45,1526.1,840.85,1091.15,120.25,1212.8,279.0,678.40002,223.1,499.15,192.0,910.05,175.4,14.4,171.55,1226.1,65.8,584.0,141.35,476.4,113.45,620.05,1455.65,122.75,472.35,304.6,78.7,573.25,417.75,2207.6,476.65,299.0,107.4,823.05,188.25,5692.85,575.25,322.15,352.9,1322.95,182.3,197.75,58.45,117.95,5492.75,574.5,37.95,380.15,3425.7,285.2,829.35,33.7,258.85,3315.05,263.35,139.65,4.7,651.1,270.95,235.89999,169.7,104.05,47.85,614.45,120.3,321.9,265.5,2250.7,1098.4,481.4,5069.8,78.0,69.6,871.35,466.29999,700.6,332.95,1196.1,442.45,40.2,1012.6,850.65,8182.450195,7004.649902
2016-12-15,10510.4,10510.4,683.8,708.85,243.45,1050.65,220.35,1210.45,1314.95,72.9,284.25,32.6,54.4,141.65,258.7,1276.9,1825.34998,1402.05,68.0,1632.6,171.65,2.75,909.79999,201.85,36.3,41.25,51.0,565.9,896.4,617.55,1207.55,201.3,341.95,154.9,77.8,903.0,394.85,951.95,2099.95,694.25,492.9,478.1,353.4,217.95,2710.75,13.55,1946.9,853.79999,1147.95,15.95,1075.4,118.7,159.9,114.0,1140.3,417.85,497.3,1439.25,926.65,199.75,401.7,117.05,659.85,975.40002,318.45,125.35,40.7,938.15,620.85,158.5,4508.95,465.3,46.15,19974.8,615.65,140.75,158.55,2920.2,380.14999,261.55,304.85,1652.3,544.45,339.5,240.85,1404.05,376.05,258.4,1283.15,85.25,163.55,780.95,2080.8,627.4,71.15,274.55,844.45,563.15002,290.15,197.35,909.9,1112.75,274.95,44.45,2180.65,59.35,130.14999,802.8,510.7,271.35001,1493.45,352.7,39.6,108.25,217.3,202.15,109.1,70.0,34.25,701.8,243.5,221.45,83.95,1152.0,112.7,383.7,3107.5,2890.15,1403.15,87.85,21515.3,257.05,100.65,1020.4,609.4,153.65,176.35,319.1,244.55,216.8,174.9,3897.4,224.9,69.45,426.7,430.9,123.95,184.8,34.75,416.95,116.0,598.85,232.75,485.55,367.0,4296.0,2741.25,905.6,96.0,11.7,898.35,1454.7,421.39999,305.4,140.55,116.4,831.4,123.9,260.15,329.2,317.65,88.45,5083.0,147.35,491.75,542.55,674.45,5.55,36.45,335.85,41.15,832.15,1259.2,1176.6,61.7,116.55,3169.45,206.4,13.05,291.5,176.1,59.05,427.0,816.05,285.3,265.55,8592.6,280.1,72.05,70.7,649.55,260.3,162.7,3900.8,70.55,76.95,54.7,64.05,27.2,701.25,906.3,263.8,98.7,112.85,241.45,829.55,264.95,1081.05,1108.5,351.1,992.34998,667.45,220.9,204.45,161.45,25.2,297.8,307.15,537.7,194.95,229.7,149.25,163.8,66.5,346.0,206.2,1450.05,360.4,345.15,73.95,86.6,688.45,206.0,351.95,119.1,67.4,20.95,7.75,7.4,3.85,61.75,1389.35,16306.5,642.3,833.05,389.5,360.4,476.65,240.05,328.64999,,141.45,130.85001,410.95,89.9,724.75,138.2,,297.75,611.55,394.25,112.95,126.7,142.9,1059.95,505.1,3961.35,556.45,359.39999,3.65,1356.85,1480.4,107.5,186.2,359.55,68.6,566.0,253.14999,42.9,5152.05,354.6,150.6,1023.15,556.5,395.85,495.3,50.0,352.05,2277.9,321.20001,505.55,548.9,52613.4,96.75,18.55,270.7,568.6,589.55,61.0,855.55,2382.75,173.5,223.3,83.2,36.8,338.05,26.85,427.55,1329.05,27.2,76.8,130.0,160.2,312.0,746.15,3154.4,586.2,158.6,206.45,116.15,124.15,2161.0,13674.2,368.9,1691.45,606.35,379.4,128.2,1861.1,39.05,6986.05,368.75,611.7,813.55,126.3,105.75,151.4,183.35,79.2,167.95,85.25,74.9,19.65,1092.4,115.85,54.1,448.54999,196.85001,520.1,301.35,489.85,47.7,35.8,54.1,131.1,93.0,399.55,444.8,1052.95,256.2,496.65,13.75,534.95,388.35,298.15,42.25,7.05,19.65,272.65,53.0,4298.9,725.25,265.4,571.6,141.45,62.0,111.05,98.0,442.2,721.6,290.3,290.25,14709.5,1739.45,1128.85,283.15,76.15,37.6,30.35,1262.6,1041.05,52.7,248.95,681.4,494.95,183.2,21.15,310.8,77.4,1509.25,852.35,1089.5,119.8,1198.1,279.05,649.95001,225.4,495.95,197.6,905.2,174.15,14.4,190.5,1210.6,65.9,580.1,143.4,479.35,115.2,631.55,1457.3,124.45,463.2,296.25,78.15,579.95,419.3,2259.3,477.45,296.9,110.5,826.05,188.9,5642.85,576.9,315.35,340.1,1307.7,182.55,197.6,60.35,118.75,5581.85,563.5,38.15,379.4,3233.0,277.45,817.0,33.75,257.25,3264.5,264.9,139.05,4.5,644.85,274.3,236.10001,169.6,104.0,48.0,598.55,117.7,322.65,265.85,2251.6,1106.65,477.55,5065.7,76.45,69.3,878.65,466.10001,693.4,348.5,1185.2,437.75,40.0,1023.05,857.45,8153.600098,6989.25
2016-12-16,10595.2,10595.2,683.45,718.7,238.5,1065.6,220.35,1195.35,1294.15,73.55,280.25,31.95,54.55,142.0,261.75,1316.8,1810.55005,1395.7,66.8,1601.95,171.1,2.8,904.0,202.45,35.85,40.0,50.25,571.4,909.9,624.95,1215.85,194.85,341.45,157.4,77.65,899.9,399.6,952.95,2085.0,690.65,497.35,472.8,359.9,218.6,2829.8,13.35,1931.2,850.79999,1103.85,15.75,1060.1,118.6,159.65,113.5,1122.55,418.8,493.95,1444.95,916.55,201.85001,401.7,115.2,641.25,969.75,310.25,122.8,41.55,982.5,621.3,159.3,4443.1,469.6,45.95,20123.4,611.1,138.0,158.2,2895.3,376.20001,256.0,300.2,1690.6,543.7,351.55,246.15,1398.4,371.15,259.8,1248.85,83.15,167.4,766.45,2068.75,626.05,68.95,275.0,827.0,566.20001,288.25,199.85,910.2,1098.8,278.3,43.7,2251.4,59.35,129.64999,817.95,512.05,271.14999,1495.6,354.1,39.55,108.0,223.6,203.15,108.35,68.85,33.95,702.35,241.6,217.95,83.45,1151.6,111.85,391.3,3107.8,2895.05,1399.95,82.8,21759.1,265.35,100.6,1020.9,612.2,155.3,171.05,313.4,243.65,213.65,175.45,3899.7,224.6,68.6,411.15,431.55,124.1,183.25,34.75,415.1,113.15,600.25,233.85,482.45,365.35,4296.35,2712.3,930.0,94.1,11.75,882.85,1477.3,410.75,305.65,139.55,116.1,817.5,122.75,258.4,329.3,323.25,87.95,5098.15,145.5,489.0,552.95,680.6,5.5,35.45,321.95,40.6,820.6,1269.15,1182.3,60.65,115.5,3127.9,206.15,12.95,286.9,170.2,58.45,425.9,816.95,281.15,271.5,8549.65,279.0,72.45,70.0,638.9,255.6,162.1,3920.0,70.4,76.2,54.05,63.7,27.85,719.75,913.35,265.8,99.3,111.45,231.3,830.3,262.5,1082.7,1106.65,355.65,1005.15002,666.95,222.95,203.2,154.5,25.15,296.35,305.65,547.65,192.9,226.35001,148.45,165.35,65.35,343.05,207.6,1460.9,361.6,345.55,73.1,85.4,687.05,206.5,338.75,116.8,65.1,21.05,7.75,7.35,3.65,60.05,1356.5,16183.0,630.25,837.9,379.9,362.45,471.0,237.1,339.5,,137.65,129.25,410.95,89.6,719.1,137.45,,297.05,602.4,394.75,113.15,128.0,142.05,1088.15,507.0,3900.9,551.6,356.29999,3.55,1360.6,1469.4,106.6,184.5,364.35,67.0,565.3,250.75,42.6,5188.65,353.85,149.05,1039.15,559.6,403.8,501.35,49.35,343.25,2257.15,323.25,500.35,565.45,52154.7,94.65,18.25,269.95,567.25,594.95,61.65,871.85,2421.15,174.2,224.7,82.6,36.65,338.0,27.05,427.1,1319.95,26.6,75.95,127.65,160.0,329.55,740.85,3180.65,586.73,159.15,201.7,114.75,124.2,2133.9,13928.2,378.2,1699.8,614.4,375.65,125.5,1859.5,38.5,6836.75,360.05,607.15,811.95,125.25,105.65,150.4,183.8,78.45,167.7,84.55,76.1,19.4,1079.85,113.75,54.35,439.04999,199.89999,524.25,344.1,485.6,46.7,35.7,53.25,128.9,96.95,399.75,443.65,1057.15,255.9,487.3,13.5,525.95,385.6,297.4,41.7,6.95,19.75,271.15,52.25,4278.4,721.35,264.75,570.15,139.2,61.25,112.7,98.25,445.45,731.9,285.45,290.3,14112.8,1736.35,1127.4,276.45,75.55,37.25,30.4,1259.85,1030.0,51.7,246.3,680.7,507.2,183.45,20.9,308.75,75.0,1507.45,848.35,1101.4,118.45,1174.6,280.35,647.34998,226.95,494.3,196.25,911.55,174.5,14.4,200.45,1228.85,64.75,585.65,140.15,478.55,115.15,648.65,1446.15,124.3,473.15,297.7,76.6,576.9,414.05,2282.65,477.15,298.75,113.5,825.9,187.7,5610.7,580.1,321.7,339.6,1305.6,179.5,198.55,59.2,118.4,5433.55,583.05,37.95,378.2,3202.85,277.45,826.65,35.25,265.15,3177.65,268.25,137.15,4.4,663.4,271.6,230.3,171.35,104.05,50.05,596.35,118.95,318.45,266.4,2278.8,1119.35,469.55,5048.25,78.3,68.45,893.7,463.5,684.55,355.25,1182.1,442.1,40.1,1015.95,855.7,8139.450195,6976.5
2016-12-19,10496.0,10496.0,643.65,707.3,240.3,1051.45,220.35,1195.9,1277.7,73.15,276.45,31.5,53.6,139.55,255.65,1287.35,1782.75,1386.8,65.7,1632.8,171.7,3.35,900.90002,201.15,34.3,39.4,50.2,579.0,893.65,624.35,1195.6,195.75,340.8,157.6,78.7,878.4,393.1,948.9,2090.8,698.7,487.85,467.6,352.6,218.75,2732.8,13.35,1898.35,822.90002,1130.8,15.75,1075.05,118.35,159.35,112.5,1084.35,417.05,489.3,1439.55,914.6,197.3,398.35,113.7,603.2,967.25,305.5,121.55,40.9,967.15,625.5,159.0,4425.2,457.8,45.95,19822.2,611.85,141.0,153.3,2899.6001,371.35001,253.95,297.6,1697.85,539.5,345.0,245.05,1393.7,374.9,259.3,1251.05,82.0,163.15,767.15,2043.0,628.05,70.55,269.85,856.9,569.15002,287.35,197.1,909.95,1081.7,279.15,43.2,2186.0,59.0,129.64999,806.05,506.95,268.95001,1486.0,352.15,39.45,109.0,215.65,212.25,107.45,67.35,33.6,717.5,241.55,212.45,82.65,1162.25,111.8,383.7,3068.8501,2914.4,1402.9,86.1,21600.8,255.85,100.0,1013.05,632.0,151.3,167.7,305.9,250.7,213.9,175.35,3888.95,221.3,68.0,407.55,433.2,120.9,178.5,34.75,425.85,112.25,625.1,234.55,475.1,364.9,4293.2,2712.95,942.05,92.65,11.85,886.7,1450.7,419.35001,302.1,137.05,115.6,824.15,122.25,254.25,327.55,320.8,95.6,5049.05,143.0,487.3,547.95,661.6,5.55,34.7,325.35,39.9,824.7,1247.9,1176.75,59.3,113.7,3107.15,207.6,13.1,290.3,169.15,57.95,424.5,809.75,269.5,270.2,8501.55,279.25,72.0,72.15,651.3,257.1,160.7,3934.25,70.2,76.4,53.55,62.45,27.9,736.45,911.55,264.0,98.45,110.95,229.15,832.8,259.85,1084.9,1065.5,344.95,1004.65002,660.55,221.8,197.6,150.6,24.85,305.05,305.1,537.0,197.85,227.0,148.85,168.85,70.3,344.1,206.75,1440.55,359.05,339.9,73.3,84.2,678.55,210.2,335.95,115.0,66.6,20.7,7.7,7.3,3.85,60.4,1366.45,15989.5,620.6,838.9,371.4,358.35,467.55,233.9,342.10001,,134.45,129.14999,411.7,88.4,719.65,138.0,,291.0,597.75,403.7,113.45,128.05,142.9,1049.75,501.1,4005.7,548.25,353.79999,3.7,1344.95,1474.3,103.75,184.65,360.8,63.15,553.35,250.0,41.9,5115.05,354.1,149.05,1032.2,558.9,399.8,500.1,48.3,345.45,2255.55,320.35001,505.2,565.6,51561.6,93.7,19.6,267.05,563.6,592.5,58.95,845.1,2474.1,171.2,223.85,81.5,35.85,337.25,26.95,423.4,1299.65,26.05,75.55,127.8,159.9,309.35,724.95,3166.45,588.47,158.6,201.4,113.45,124.85,2141.3,13980.2,366.3,1615.4,607.85,387.05,127.4,1844.65,38.25,6889.85,364.3,602.2,804.95,124.35,105.0,149.85,184.1,79.8,165.15,82.5,75.3,19.25,1080.65,114.05,54.1,440.79999,199.25,521.7,346.4,474.65,47.1,36.0,55.35,129.05,95.4,412.85,456.9,1062.55,257.7,505.0,13.45,521.05,396.5,301.45,42.75,6.95,19.6,271.3,52.25,4285.2,714.8,261.35,565.9,138.5,60.2,111.3,97.1,446.95,725.1,285.95,293.25,14059.2,1774.1,1111.4,276.35,75.4,36.95,30.2,1255.95,1037.8,51.5,245.1,681.5,500.0,196.1,20.85,306.45,75.55,1508.4,829.1,1073.3,115.8,1183.6,276.4,632.25,230.3,485.4,197.4,905.1,173.0,14.3,163.4,1189.1,64.45,580.1,141.85,489.05,113.4,644.4,1414.45,124.3,471.8,297.65,77.15,575.25,410.35,2288.9,473.35,294.15,115.55,811.9,185.0,5592.8,574.3,316.85,336.3,1300.8,179.05,199.7,58.25,115.85,5448.1,571.75,37.55,376.1,3204.95,262.5,818.05,34.8,266.85,3107.7,266.85,133.55,4.4,641.0,274.3,227.25,170.0,104.1,48.2,589.25,118.55,318.95,264.4,2259.3,1110.35,464.45,5046.1,76.7,67.85,875.95,463.54999,682.75,346.4,1179.8,441.45,38.4,997.3,859.55,8104.350098,6943.350098
2016-12-20,10596.7,10596.7,670.05,711.0,232.8,1051.95,220.35,1194.55,1295.15,72.25,272.4,30.35,55.1,137.05,252.1,1302.1,1750.25,1373.15,63.05,1632.0,172.25,3.7,879.0,205.35,34.1,38.95,49.15,568.55,894.6,628.55,1179.8,195.35,340.9,158.45,76.9,865.7,389.4,948.05,2070.15,672.65,484.8,461.65,360.05,215.7,2694.6499,13.6,1843.4,805.79999,1118.25,15.7,1096.95,117.7,155.75,110.4,1068.3,421.3,483.55,1412.05,906.2,194.2,404.1,113.55,580.5,949.90002,302.55,120.9,40.85,964.15,614.2,162.85,4356.85,458.6,47.8,19235.7,612.05,137.65,150.95,2872.1001,370.95001,251.4,291.6,1672.15,526.8,346.05,239.85,1364.85,370.9,256.4,1204.35,82.25,164.05,761.2,2006.55,620.75,68.95,271.35,870.45,563.09998,290.6,196.15,909.75,1074.5,279.7,42.1,2182.7,58.2,132.7,804.4,494.35,274.64999,1491.3,350.25,38.8,106.3,210.15,202.9,107.3,66.8,33.15,718.65,236.6,218.65,82.6,1141.05,113.05,384.2,3046.5,2866.25,1394.5,92.55,21156.2,250.75,97.95,1006.4,625.7,146.95,163.25,298.1,248.0,214.25,173.75,3856.1,216.95,67.8,412.4,430.35,120.8,180.8,34.75,429.85,112.7,642.8,223.55,467.15,363.6,4293.4,2709.95,937.25,92.25,11.7,874.15,1450.1,411.25,298.35,136.9,110.65,828.85,121.1,252.5,326.05,315.75,93.45,5067.55,137.8,472.7,540.15,659.65,5.45,34.6,319.15,38.9,830.15,1235.55,1181.9,57.9,112.5,3058.95,205.5,12.7,290.95,167.15,58.4,422.45,801.4,262.3,270.3,8504.0,285.0,72.4,70.6,641.3,251.6,157.2,3968.95,68.25,73.25,52.55,61.25,27.05,735.1,895.25,261.9,96.1,112.25,219.55,833.15,260.15,1071.9,1090.2,345.45,1012.15002,665.05,220.4,192.9,145.8,24.9,302.3,305.0,530.95,197.9,229.95,146.1,169.55,67.75,339.65,208.45,1416.65,351.85,335.5,71.95,81.05,662.1,218.15,338.05,111.6,64.5,20.4,7.35,7.35,3.85,59.1,1342.25,15916.0,598.3,830.4,353.05,345.4,457.1,238.1,329.20001,,137.25,128.45,408.15,87.5,718.35,137.0,,288.9,595.65,397.85,111.0,124.55,142.65,1027.85,495.7,3999.0,546.0,354.14999,3.6,1355.5,1449.25,104.55,182.9,356.15,60.3,539.0,251.14999,40.95,5108.0,351.8,145.95,994.8,543.05,399.55,494.1,49.35,357.8,2257.0,318.95001,513.35,566.2,49825.3,92.6,19.0,266.85,547.95,589.1,59.3,838.6,2493.7,170.3,228.7,81.0,35.35,333.25,26.95,428.85,1294.9,25.4,75.45,125.8,161.85,306.35,708.4,3159.3,583.0,158.9,199.85,110.8,120.1,2122.95,13392.2,356.0,1606.85,604.9,372.95,128.55,1830.45,37.7,6800.0,365.3,599.1,800.1,121.45,104.3,148.9,181.95,78.05,174.15,81.55,73.7,19.1,1076.6,108.3,52.8,439.20001,196.7,519.0,365.6,473.1,46.55,35.05,55.2,128.8,96.8,399.3,450.1,1057.9,252.0,498.65,13.35,512.3,387.4,300.3,41.5,6.8,19.15,270.0,51.1,4261.75,697.0,254.55,549.5,138.9,58.5,110.15,97.55,447.05,729.7,283.65,295.75,14011.2,1811.7,1090.55,272.5,74.15,37.85,29.95,1259.3,1051.9,51.05,244.35,680.6,501.05,194.3,20.5,307.95,75.65,1480.9,810.65,1049.1,120.45,1176.55,280.2,627.90002,234.1,492.9,191.75,905.35,170.15,14.15,173.4,1174.0,62.5,560.85,140.5,488.2,116.3,629.65,1424.3,121.25,473.15,298.6,76.55,565.95,403.5,2339.3,476.75,298.2,113.15,794.3,184.9,5557.1,584.15,317.95,334.1,1291.1,176.65,196.25,58.25,116.65,5462.9,565.45,37.25,370.55,3199.85,260.35,795.6,34.0,264.35,3145.6,269.7,129.35,4.2,634.3,269.2,224.39999,161.55,103.8,47.75,594.9,118.55,308.25,267.85,2250.05,1099.15,469.75,5055.45,75.4,65.95,894.3,466.64999,683.3,345.0,1147.1,448.5,39.3,984.4,861.1,8082.399902,6908.100098
2016-12-21,10399.7,10399.7,665.25,716.2,239.8,1043.2,220.35,1207.95,1300.0,73.6,274.2,30.55,55.05,137.05,252.3,1305.55,1754.44995,1370.75,62.55,1639.85,170.9,3.35,887.09998,202.15,33.85,38.55,49.35,572.95,913.05,625.8,1179.85,192.45,339.4,157.7,77.55,865.55,392.85,939.3,2064.35,665.1,484.55,457.7,358.65,215.7,2659.8999,13.5,1840.35,788.59998,1088.5,16.25,1102.45,119.15,157.5,109.1,1111.1,419.0,497.5,1413.85,924.7,195.05,399.0,112.2,578.9,930.45001,301.7,120.8,41.75,956.7,623.95,160.45,4360.7,460.0,48.85,19314.2,613.8,138.45,149.55,2847.7,367.79999,252.85,288.8,1644.1,522.35,351.15,242.3,1366.7,371.8,257.95,1151.5,82.4,160.9,767.55,1967.9,622.65,68.95,269.45,903.3,562.79999,292.2,196.0,906.1,1092.25,281.7,41.55,2180.4,57.75,129.64999,806.95,491.25,271.45001,1492.1,350.95,38.45,106.5,210.4,205.65,105.65,66.6,33.35,720.1,235.95,218.2,84.0,1148.6,117.45,384.35,3036.8501,2823.5,1377.9,95.6,21304.7,249.0,96.35,987.9,317.95,147.2,163.45,286.3,248.0,218.3,173.1,3847.35,213.7,67.0,408.8,430.85,119.25,185.6,34.75,430.15,112.5,645.7,222.55,467.4,361.0,4297.05,2724.35,940.95,93.9,11.75,871.6,1451.1,414.0,294.45,135.1,112.35,828.75,121.25,249.25,321.65,313.6,93.55,5006.55,135.25,471.0,539.45,657.2,5.45,34.35,322.1,38.75,820.8,1235.6,1180.0,59.35,114.25,3021.75,206.7,12.65,286.25,168.8,57.95,421.95,796.8,266.8,272.95,8473.8,280.4,74.0,71.3,642.1,253.25,158.65,3976.4,68.1,72.75,52.65,60.65,26.8,734.5,896.7,265.7,95.55,113.3,212.0,832.35,260.5,1086.25,1117.0,335.95,1001.54999,670.7,220.6,191.0,141.9,25.05,308.95,299.4,538.3,199.1,226.3,143.9,169.65,67.3,341.75,220.25,1423.8,350.05,333.45,71.75,81.9,658.55,212.7,340.35,111.95,67.3,20.25,7.55,7.25,3.9,59.8,1349.85,15862.0,605.6,819.05,344.9,344.85,449.85,236.95,322.85001,,137.95,128.10001,412.65,88.15,719.8,137.8,,286.5,597.35,397.8,112.35,122.25,141.6,1029.05,499.05,3974.0,543.25,376.64999,3.6,1342.0,1465.15,104.1,182.95,351.85,62.25,547.4,249.0,41.0,5137.85,350.15,146.25,988.15,536.35,396.4,493.95,48.85,364.4,2254.95,322.5,558.1,556.2,48855.1,92.35,19.0,268.1,547.75,595.5,59.45,826.05,2511.5,167.95,226.65,80.9,33.8,333.2,27.1,433.15,1278.05,25.1,75.6,125.9,163.65,302.55,699.15,3179.2,586.4,160.45,201.5,110.25,124.5,2110.15,13725.3,381.6,1551.85,609.9,359.75,127.3,1821.9,38.1,6766.2,371.1,590.55,819.9,120.55,105.4,150.25,183.25,79.35,173.05,82.25,75.2,19.1,1051.9,109.05,53.95,446.70001,192.95,538.75,361.45,480.3,46.3,37.4,53.65,129.9,95.6,403.9,455.15,1063.25,260.8,500.15,13.3,529.15,387.15,299.1,42.25,6.8,19.15,269.0,51.25,4249.0,697.5,255.35,549.5,139.95,58.55,109.1,96.4,440.55,775.75,292.85,295.8,14097.8,1774.85,1100.35,277.8,74.25,37.55,29.95,1255.0,1052.7,51.1,243.9,680.8,499.85,186.05,20.8,308.45,75.15,1484.6,809.65,1066.6,117.7,1174.65,276.55,614.45001,226.95,489.25,195.35,903.6,169.3,14.0,173.8,1197.45,62.1,562.8,141.65,488.9,113.75,631.45,1408.4,121.6,468.5,297.1,76.05,561.75,404.5,2313.6,474.45,294.2,113.5,783.5,184.45,5564.45,580.8,319.7,337.05,1327.7,177.1,196.05,58.5,115.0,5416.35,559.5,36.95,371.1,3202.0,263.7,782.95,34.0,265.5,3192.35,268.05,128.1,4.3,631.1,274.8,226.10001,164.75,103.7,47.65,585.65,116.15,310.0,268.65,2230.45,1091.8,462.65,4904.05,79.75,66.85,875.2,462.45001,669.05,340.0,1138.35,441.45,39.25,969.8,863.25,8061.299805,6896.0
2016-12-22,10492.3,10492.3,654.3,699.1,232.5,1029.85,220.35,1188.55,1294.4,71.7,263.55,29.35,54.65,134.1,250.55,1284.9,1712.69995,1362.55,61.15,1607.6,173.65,3.25,869.54999,199.95,33.6,37.95,48.8,566.2,880.5,620.0,1159.3,189.65,339.85,155.15,77.45,870.3,385.05,940.45,2031.35,659.0,486.35,447.55,364.65,215.1,2550.1001,13.3,1796.8,765.40002,1050.55,16.1,1093.1,116.25,155.05,107.65,1085.3,418.6,489.2,1394.25,963.7,202.05,390.8,111.3,554.2,912.95001,292.25,119.0,40.65,940.35,627.4,158.55,4355.95,447.3,47.95,19234.9,610.75,137.2,150.1,2810.6499,355.85001,243.3,282.95,1621.05,525.7,347.35,239.35,1355.45,362.9,251.15,1129.1,82.6,155.1,755.55,1947.55,614.35,67.15,264.85,902.2,561.40002,287.65,196.15,904.65,1100.9,277.8,40.95,2152.8,57.25,129.75,801.45,484.05,265.5,1477.7,350.0,38.05,105.2,200.4,203.2,102.35,65.2,32.95,715.6,231.1,213.8,83.85,1108.25,115.2,376.85,3012.3501,2784.5,1352.4,96.2,21305.3,245.35,95.95,953.3,316.4,144.95,161.1,287.25,245.65,214.4,172.05,3805.8,209.6,65.8,406.4,429.8,120.0,183.3,34.75,425.95,113.2,635.25,227.7,459.4,363.65,4287.75,2713.5,925.55,92.05,11.6,843.4,1440.0,411.25,298.2,130.2,109.2,818.65,119.95,246.75,325.1,307.1,90.8,4980.5,133.95,471.55,526.5,637.55,5.45,34.1,321.8,37.9,817.1,1217.4,1173.1,58.4,110.25,2998.8,203.05,12.3,279.05,161.25,56.45,418.05,787.05,260.95,270.9,8456.45,278.0,73.9,70.75,637.4,252.95,155.4,3967.45,67.85,71.5,51.7,59.5,26.1,726.5,876.6,254.9,94.85,111.65,200.9,828.25,259.45,1060.8,1182.5,337.2,984.70001,663.25,220.25,185.9,136.35,24.9,306.3,294.6,535.2,196.9,227.55,144.5,168.75,66.05,330.05,211.7,1411.7,350.15,328.7,68.8,82.6,651.9,202.7,335.75,111.15,66.7,19.15,7.35,7.1,3.85,58.6,1349.8,15666.0,588.15,812.8,341.45,335.95,448.55,224.55,324.25,,134.9,126.55,399.3,86.2,713.15,137.3,,280.05,596.65,391.1,109.35,118.5,142.4,1043.45,500.0,3903.9,539.7,362.0,3.6,1314.65,1447.4,103.65,176.7,350.0,60.5,547.65,248.5,40.75,5084.4,345.45,143.2,969.8,530.25,395.85,495.4,48.55,353.1,2256.4,319.10001,524.25,545.75,48234.6,89.9,18.4,271.95,539.1,595.1,57.05,818.3,2471.75,163.8,222.95,78.75,32.9,335.25,26.1,432.75,1277.5,24.6,74.75,123.35,160.5,307.35,695.35,3180.9,438.75,159.0,194.9,108.05,118.0,2085.6,13443.8,387.15,1483.45,603.35,361.7,124.75,1804.2,37.35,6656.85,378.4,594.0,828.85,119.4,104.0,145.95,181.75,77.55,172.55,82.8,73.85,18.8,1048.45,108.35,53.25,443.70001,194.35001,522.05,344.0,470.65,45.8,35.85,53.2,127.3,96.4,399.95,440.85,1053.35,253.95,482.65,13.2,521.9,379.35,289.0,41.4,6.7,19.1,260.15,49.75,4240.05,684.0,249.8,540.4,137.65,57.8,109.8,95.25,439.8,749.4,287.5,293.8,13471.0,1799.4,1086.3,275.2,73.85,37.15,29.75,1242.15,1022.0,51.0,246.65,666.05,496.25,180.35,20.5,312.45,73.25,1484.9,791.45,1043.65,119.6,1150.2,275.05,609.15002,218.4,488.1,190.05,900.45,165.4,14.0,161.95,1196.0,61.9,551.4,139.2,487.2,112.05,628.75,1358.35,119.4,469.6,295.55,74.75,550.8,392.2,2307.7,473.95,294.55,112.8,776.85,183.0,5505.1,583.65,309.8,332.5,1298.0,173.5,193.1,56.8,116.65,5381.15,562.8,36.6,367.15,3206.8,258.3,757.3,33.7,260.7,3143.7,264.35,126.25,4.15,618.95,273.35,216.64999,164.8,103.55,48.35,594.85,116.7,310.65,262.4,2229.9,1092.25,451.6,4943.4,81.35,65.85,867.8,461.70001,662.3,342.25,1126.15,441.55,38.5,950.1,849.55,7979.100098,6816.350098
2016-12-23,10301.5,10301.5,656.05,701.4,224.15,1026.4,220.35,1198.4,1296.3,71.35,262.9,29.15,53.5,134.35,250.0,1275.2,1753.75,1372.3,60.55,1601.2,176.95,3.1,887.04999,200.05,32.9,38.05,48.5,571.15,891.15,614.5,1136.4,189.35,339.6,155.0,77.7,874.0,385.05,916.95,2020.15,647.55,485.35,438.1,357.15,211.1,2620.3999,13.3,1806.85,808.95001,1048.95,16.0,1050.65,118.95,153.0,107.05,1082.0,424.9,486.65,1384.95,971.55,202.60001,386.6,110.25,519.8,911.95001,295.55,119.0,40.8,930.6,641.1,161.2,4280.75,450.15,48.75,19715.9,610.9,138.2,148.0,2831.2,336.85001,243.95,279.7,1589.6,528.1,341.45,240.85,1340.6,366.55,254.05,1143.65,83.05,163.7,773.4,1916.45,620.55,65.85,262.7,934.8,582.29999,287.85,197.3,902.15,1102.2,275.5,41.05,2141.35,57.65,131.25,797.75,483.15,262.04999,1399.3,353.65,37.7,105.75,203.65,206.85,98.0,64.2,32.9,713.65,233.9,211.3,83.3,861.5,113.75,394.5,2998.55,2880.85,1345.35,98.2,20921.9,243.65,94.95,961.15,323.5,143.0,162.15,290.2,247.35,213.7,173.3,3827.6,206.85,65.0,404.15,436.2,122.95,179.15,34.75,431.55,114.95,628.7,223.25,467.9,358.4,4293.05,2727.0,925.7,91.6,11.7,852.35,1433.6,402.89999,293.75,129.25,108.55,828.55,119.7,247.5,325.7,311.15,93.55,4951.15,137.65,468.2,516.8,635.55,5.5,33.75,325.55,38.15,793.75,1224.85,1186.25,58.05,105.45,3040.1,204.25,12.25,276.1,159.3,58.55,420.55,789.5,258.45,267.75,8503.85,280.75,73.15,70.65,639.25,251.85,158.35,3966.45,67.8,70.8,51.7,58.75,25.9,699.55,877.1,259.05,95.25,112.15,209.45,825.05,258.5,1062.0,1160.75,336.4,988.45001,662.2,222.6,185.05,136.25,24.9,313.25,295.85,529.8,198.55,224.7,142.75,168.2,65.6,327.0,208.85,1403.45,349.1,325.1,68.1,84.85,651.75,196.95,339.25,111.0,66.7,19.15,7.4,7.15,3.8,58.35,1336.7,15680.5,588.75,785.25,339.25,329.05,450.7,241.5,324.70001,,134.2,123.95,406.45,84.6,711.75,136.8,,277.7,616.25,392.1,108.45,117.65,141.55,1021.35,476.95,3926.1,541.8,354.75,3.55,1337.45,1445.8,99.45,177.75,349.4,61.0,529.3,245.39999,40.4,5197.15,339.45,142.65,969.75,529.2,393.55,496.9,51.4,352.55,2255.2,309.10001,519.1,559.3,48996.5,88.75,18.35,275.0,539.6,583.25,57.8,826.25,2465.3,161.8,223.25,78.0,32.5,339.65,26.2,429.9,1262.4,24.2,74.85,123.1,161.05,302.2,697.25,3202.25,437.05,158.5,192.95,108.25,119.55,2106.6,13565.8,391.1,1468.3,601.2,357.6,119.7,1826.9,37.2,6621.8,373.15,587.0,833.7,120.0,103.55,143.8,182.3,80.95,171.95,80.85,72.0,18.65,1051.6,110.65,53.15,441.60001,192.95,529.5,339.25,472.2,44.95,34.75,54.55,122.75,96.75,399.65,437.55,1057.3,251.2,477.75,13.2,522.8,376.95,297.55,41.2,6.65,18.95,259.7,49.35,4219.4,684.3,249.15,537.9,138.55,57.55,109.4,95.5,446.9,753.05,296.0,296.55,13628.5,1770.75,1070.85,275.1,72.75,37.1,29.7,1245.25,1044.95,51.15,247.0,660.65,493.45,188.9,20.05,310.15,74.25,1493.95,803.65,1040.35,143.5,1139.4,278.25,623.5,216.85,489.15,188.4,897.55,163.45,13.95,150.15,1181.9,61.65,539.4,136.35,486.5,113.7,625.15,1323.35,118.85,465.65,293.7,73.95,559.95,390.85,2288.1,467.1,299.2,112.2,769.8,181.45,5510.95,582.0,314.3,332.05,1282.25,174.0,196.15,55.95,114.85,5379.8,569.35,36.25,370.65,3223.15,259.1,762.85,33.45,257.6,3107.1,257.8,126.55,4.05,627.0,273.95,216.64999,163.8,103.75,47.7,582.2,115.65,316.2,264.6,2221.35,1098.5,452.8,4910.5,79.45,63.7,868.1,458.75,661.9,340.45,1124.7,442.65,39.25,945.3,841.45,7985.75,6814.899902
2016-12-26,10162.1,10162.1,632.35,684.0,219.4,1031.85,220.35,1178.9,1284.1,69.7,260.0,27.9,51.7,130.25,258.05,1263.55,1688.44995,1372.35,57.65,1546.1,173.7,3.2,873.0,198.35,31.75,36.85,46.45,565.3,882.05,607.8,1126.0,185.2,327.7,155.05,76.5,867.8,380.9,926.35,1969.05,624.5,478.85,432.0,360.6,205.4,2617.8501,13.05,1767.2,810.0,1083.4,15.7,236.2,118.3,147.35,103.5,1076.5,420.7,477.4,1356.2,950.25,193.10001,371.5,107.25,480.15,881.5,296.1,117.2,39.7,894.35,629.4,152.4,4261.15,445.85,47.2,19318.2,602.25,137.05,145.65,2807.3,338.79999,235.6,263.7,1447.05,512.6,331.0,240.75,1285.9,358.0,252.95,1135.45,82.2,162.0,763.7,1897.15,609.5,68.15,256.5,930.6,554.95001,285.0,193.85,895.55,1093.05,273.15,40.3,2162.45,55.9,131.55,792.35,479.2,259.95001,1293.85,355.1,36.35,103.1,197.85,204.05,95.55,65.3,31.9,713.25,230.9,204.05,81.3,762.3,105.15,381.7,2986.0,2779.4,1352.1,91.9,20272.8,243.15,92.35,989.45,301.95,140.65,158.0,279.45,241.25,205.15,173.05,3826.15,210.15,62.4,420.4,430.85,119.9,172.05,34.75,428.5,110.95,607.55,230.1,456.35,352.2,4300.45,2723.5,888.7,89.6,11.3,833.1,1432.1,402.14999,293.6,124.25,102.1,814.85,117.4,241.0,320.8,300.6,89.15,4976.75,131.5,466.1,510.5,593.0,5.3,34.45,313.55,36.05,790.4,1219.5,1175.0,54.25,102.65,3007.6,201.45,12.0,270.55,151.5,58.2,413.3,801.8,249.7,259.9,8389.1,279.85,72.0,69.45,629.15,248.15,152.95,3954.6,65.95,69.4,50.55,56.2,24.45,679.8,889.25,251.7,96.85,107.8,202.3,828.6,252.4,1060.5,1159.4,326.85,982.75,651.65,227.9,181.35,130.0,24.15,307.95,291.85,522.55,188.95,225.0,144.05,165.55,67.9,322.05,201.45,1383.4,340.35,308.1,65.3,81.75,638.95,190.0,346.9,108.5,64.1,18.95,7.2,7.0,3.85,55.45,1337.25,1532.7,560.7,791.4,329.7,328.2,440.75,237.4,319.64999,,131.65,119.0,395.35,81.7,711.05,134.45,,276.4,625.25,388.8,105.2,114.25,137.05,1015.0,455.95,3863.4,536.35,351.54999,3.5,1337.6,1402.95,99.2,175.05,352.4,58.8,523.95,239.14999,39.4,5167.35,339.8,138.45,946.15,525.45,390.05,487.9,52.45,338.25,2240.05,307.14999,499.05,531.5,48319.4,87.45,18.05,269.65,523.8,578.4,54.65,884.6,2384.7,160.5,219.8,75.8,31.35,344.2,25.9,410.45,1232.35,23.45,73.95,119.0,159.95,292.4,657.7,3132.2,430.35,157.6,189.0,103.65,122.4,2052.2,12958.4,390.55,1473.25,600.85,346.35,115.65,1809.9,36.5,6779.15,365.9,575.15,805.2,115.05,102.7,143.85,178.8,77.9,168.7,77.25,70.55,18.35,1025.15,108.45,51.55,442.29999,191.10001,506.4,319.65,461.7,44.7,33.0,53.7,117.4,97.2,400.2,411.2,1047.45,241.25,446.5,12.95,511.95,369.6,299.75,39.5,6.5,18.8,260.0,47.85,4211.95,668.7,244.2,525.85,133.65,56.45,109.4,96.5,436.7,693.9,290.05,288.9,13395.2,1750.9,1051.05,263.9,70.6,37.1,30.05,1218.2,1041.8,49.5,246.2,656.7,485.65,181.3,18.9,300.35,71.35,1459.35,785.25,1023.55,172.2,1115.55,266.25,611.25,208.85,471.45,187.15,869.4,160.9,13.65,150.35,1149.9,59.8,518.05,130.65,475.3,109.75,603.4,1296.85,117.0,457.85,287.75,73.5,543.6,380.1,2293.1,463.6,302.0,105.05,744.0,179.7,5427.45,578.7,307.85,324.75,1262.7,172.85,196.0,54.75,114.5,5364.9,554.7,35.45,366.6,3216.5,256.5,759.85,32.75,251.2,3088.75,252.95,121.8,4.05,612.3,268.75,208.55,159.7,103.7,46.45,568.9,114.05,308.7,262.2,2216.45,1075.2,460.65,4859.85,73.35,61.65,841.1,456.10001,636.2,332.1,1101.5,431.8,38.25,917.95,832.7,7908.25,6814.899902
2016-12-27,10433.1,10433.1,635.05,680.75,224.35,1034.6,220.35,1181.7,1294.8,70.9,266.95,28.55,55.0,128.35,254.4,1263.3,1735.59998,1377.65,59.2,1607.55,174.4,3.4,869.59998,202.9,32.4,38.05,47.25,567.15,898.5,608.4,1141.1,187.85,332.75,153.95,78.05,876.0,380.35,927.1,2008.15,644.7,482.85,437.65,355.7,209.8,2743.55,13.05,1757.85,809.75,1068.3,15.6,234.3,117.6,149.9,104.75,1075.15,426.35,490.15,1372.15,975.7,195.75,372.1,108.05,519.4,909.40002,299.6,119.25,39.65,916.95,628.35,153.8,4181.35,450.05,47.2,19958.8,615.55,138.25,149.3,2826.8501,350.75,242.55,267.55,1460.1,531.95,335.5,245.45,1296.1,367.0,250.6,1143.05,82.85,161.1,798.35,1893.05,627.95,70.0,256.05,947.2,563.65002,288.95,192.3,886.1,1098.8,270.75,41.05,2219.75,57.0,130.7,798.25,475.75,270.5,1308.45,360.65,35.65,106.75,204.5,209.05,96.15,65.35,32.05,716.45,238.6,208.65,82.95,788.45,108.25,385.65,3034.95,2821.2,1358.3,95.25,20701.1,245.15,93.8,979.35,318.85,141.7,159.6,288.95,244.65,202.65,176.85,3853.7,213.45,64.3,420.15,432.45,122.4,178.85,34.75,424.05,111.0,615.7,233.2,461.7,349.95,4293.7,2701.75,890.2,90.0,11.5,999.7,1454.15,408.29999,301.6,131.05,105.05,811.4,118.8,242.15,321.9,308.4,91.25,4999.75,135.35,466.85,518.1,600.0,5.35,34.35,322.05,36.95,804.85,1232.15,1185.2,55.05,104.75,3034.95,198.55,12.1,276.15,155.55,58.45,424.45,806.75,252.4,263.75,8498.9,279.6,71.95,69.9,637.15,253.55,154.6,3951.8,67.0,70.0,52.35,61.1,24.8,700.55,891.4,257.7,98.6,111.45,209.85,830.25,251.1,1063.35,1155.9,331.85,998.95001,652.5,227.8,184.65,132.6,24.1,317.3,294.2,517.4,189.1,234.05,144.1,165.55,66.8,338.65,203.1,1381.95,343.4,317.3,66.35,83.05,639.6,193.1,352.75,110.0,65.6,18.95,7.4,7.0,3.85,56.7,1350.75,1580.2,579.6,813.2,324.1,327.8,441.1,236.35,317.20001,,134.75,122.8,404.85,83.3,712.15,134.5,,287.85,620.4,393.55,108.25,116.5,138.5,1031.55,452.8,3932.95,538.85,350.70001,3.5,1355.6,1446.1,99.9,179.6,348.95,62.7,522.3,245.60001,39.45,5224.0,341.05,139.85,968.0,531.3,388.6,486.2,52.35,346.6,2248.7,310.25,509.15,548.5,48692.9,88.1,19.7,272.3,535.1,585.25,58.6,909.45,2413.65,159.7,225.0,76.75,30.7,338.85,26.35,423.75,1252.9,23.4,74.05,121.85,160.4,288.35,682.45,3153.3,436.1,157.5,190.3,105.15,128.7,2134.3,12941.5,396.1,1501.1,598.4,357.9,117.15,1800.45,36.85,6927.25,366.0,583.6,808.3,116.0,101.2,147.95,181.05,78.7,165.45,77.25,71.5,18.5,1053.5,111.4,52.0,447.29999,191.3,517.95,332.45,491.55,45.1,33.3,53.9,118.75,96.05,402.1,418.8,1064.7,253.95,456.15,12.85,516.9,373.65,299.0,40.1,6.65,18.85,262.9,48.5,4216.0,679.15,248.75,535.5,134.7,57.1,109.15,95.55,434.45,672.8,296.35,286.9,13527.9,1769.55,1061.8,266.9,71.95,37.3,30.1,1232.75,1064.3,49.55,245.95,661.95,475.85,189.45,19.25,301.65,71.9,1511.0,808.35,1043.25,189.4,1113.6,282.1,621.09998,208.5,482.25,188.6,855.8,163.55,13.8,151.55,1176.55,60.9,535.35,134.3,486.9,109.7,619.3,1330.1,120.55,466.95,296.7,73.6,551.05,392.4,2323.4,468.2,303.95,110.85,758.35,179.85,5466.6,585.2,316.35,325.8,1291.0,173.45,199.95,55.45,114.4,5393.55,571.85,35.95,351.65,3201.25,257.9,764.5,32.95,256.3,3156.55,247.0,124.0,3.95,636.45,266.5,214.64999,159.9,104.1,47.0,575.55,115.95,318.0,260.1,2380.6,1077.6,459.85,4835.2,75.8,65.95,869.55,465.20001,640.6,343.4,1128.0,436.3,37.95,923.4,834.7,8032.850098,6832.0
2016-12-28,10636.3,10636.3,641.9,673.65,227.55,1031.75,220.35,1187.7,1294.8,70.8,268.5,28.85,55.7,127.5,258.0,1272.25,1778.80005,1396.85,58.75,1612.7,172.5,3.45,870.59998,201.25,32.3,38.1,47.2,570.95,891.7,609.6,1155.0,183.15,330.6,154.75,78.25,875.7,381.35,938.45,2051.95,651.75,486.55,440.05,360.4,212.55,2800.75,12.95,1767.85,820.20001,1076.55,15.55,231.15,119.3,150.15,104.25,1089.95,438.35,505.05,1359.0,974.4,204.8,384.05,109.2,573.35,900.0,299.5,119.35,40.05,926.8,620.3,152.3,4247.65,450.9,46.75,20172.0,615.15,138.0,149.95,2839.6001,349.79999,238.45,263.85,1490.55,534.05,337.0,243.05,1286.3,374.25,261.3,1128.85,82.8,161.95,784.8,1978.6,632.35,69.7,259.35,939.35,562.40002,295.2,195.6,890.9,1089.75,278.6,40.95,2198.25,58.7,128.39999,812.05,488.75,274.10001,1328.1,361.0,35.95,105.7,206.6,205.25,107.2,65.5,32.0,727.0,241.25,210.4,82.9,824.6,107.5,383.7,3069.55,2799.65,1364.75,96.4,20884.8,247.35,93.25,976.6,331.85,145.4,162.15,289.9,245.05,202.3,177.65,3804.45,216.35,65.3,417.1,431.05,124.55,177.25,34.75,424.65,111.45,627.25,238.35,455.6,353.25,4299.65,2702.15,897.8,90.75,11.4,1025.8,1470.4,412.75,302.15,129.0,105.15,811.1,119.45,245.05,323.15,318.6,93.65,5000.2,135.95,470.9,517.9,626.85,5.3,34.3,320.15,37.45,807.05,1237.95,1186.75,55.3,106.3,3001.6,201.3,12.15,285.05,153.6,59.1,419.55,810.3,249.6,261.3,8503.0,276.35,71.8,70.7,645.05,251.75,158.0,3984.25,67.0,71.4,52.3,59.6,24.65,706.8,887.5,260.9,97.6,111.15,213.85,829.8,264.9,1082.1,1160.4,338.9,998.5,658.3,229.6,181.95,135.45,24.05,316.2,289.95,521.85,189.75,235.45,145.05,168.35,67.0,342.9,205.35,1386.8,340.55,312.05,67.85,84.85,679.1,201.95,351.15,111.65,65.55,19.2,7.55,7.05,3.9,58.7,1325.4,1585.15,612.6,831.65,322.0,340.35,441.95,244.75,316.39999,,136.55,122.5,399.6,82.15,713.05,134.85,,295.65,624.4,395.7,107.85,122.65,140.75,1050.05,449.55,3930.45,548.1,350.10001,3.5,1349.95,1454.35,97.45,177.45,349.85,65.85,519.75,250.3,39.7,5231.25,340.2,139.75,983.6,532.3,391.6,510.15,52.75,351.3,2239.95,314.70001,512.3,559.35,48485.9,95.95,19.95,274.45,529.15,606.55,60.0,918.7,2480.0,157.4,229.15,78.2,33.45,333.8,26.35,424.95,1246.6,23.4,74.4,121.1,160.75,290.8,686.45,3116.0,437.05,157.0,189.9,104.0,125.85,2109.7,12959.8,390.55,1527.95,614.1,365.8,119.8,1809.2,36.75,6938.4,364.6,588.55,809.5,113.95,104.95,147.5,180.0,79.3,167.9,77.45,73.0,18.5,1107.05,110.95,52.45,451.25,189.2,526.0,333.35,490.65,45.4,33.3,54.4,120.45,95.0,399.95,416.9,1049.7,256.65,450.85,12.85,530.4,371.9,292.0,40.1,6.7,18.75,272.7,48.25,4229.6,675.1,247.75,529.15,134.5,56.95,109.95,96.25,440.55,681.75,302.8,273.55,13737.1,1799.15,1065.55,264.8,72.6,37.15,30.15,1244.0,1060.1,49.6,246.85,660.0,475.4,185.9,19.05,297.5,73.65,1502.75,814.65,1031.4,208.3,1130.7,287.2,621.34998,213.0,479.2,184.1,884.5,165.65,13.65,148.1,1202.4,60.65,573.2,132.7,489.0,111.25,605.85,1352.3,119.6,463.35,291.4,73.9,559.1,388.45,2313.4,474.15,304.1,110.45,748.95,180.8,5502.8,592.35,314.25,329.45,1294.6,175.8,201.4,55.7,117.4,5595.95,582.7,36.4,353.45,3194.95,258.3,766.0,33.0,258.45,3159.5,255.35,124.15,4.05,631.3,271.25,211.89999,155.45,104.2,47.7,570.9,116.55,317.5,259.55,2312.75,1106.5,464.3,4793.6,73.95,66.35,869.65,469.35001,646.25,344.05,1113.05,443.1,38.3,925.55,870.55,8034.850098,6847.399902
2016-12-29,10895.5,10895.5,639.55,679.8,229.35,1028.05,220.35,1243.05,1309.95,73.05,264.65,30.2,56.1,127.85,260.85,1259.0,1759.19995,1434.2,59.35,1627.8,176.4,3.45,873.75,203.9,32.2,38.1,47.0,570.6,914.0,601.6,1160.15,185.35,333.65,158.95,79.0,880.05,387.75,927.45,2068.5,647.2,489.95,444.25,362.0,212.8,2872.2,13.2,1810.7,833.34998,1078.25,15.5,228.6,122.7,151.5,105.35,1124.5,448.45,520.35,1367.65,986.05,209.55,391.7,111.05,597.5,907.5,303.0,118.75,39.8,945.65,622.25,154.8,4336.8,465.65,47.25,20650.0,639.65,137.95,149.15,2883.1499,350.70001,241.95,260.6,1476.0,549.8,344.4,243.3,1310.25,377.6,266.45,1156.45,82.6,164.15,798.85,1998.65,637.6,71.25,274.6,988.2,564.84998,298.65,198.85,892.0,1109.0,286.85,41.3,2203.1,58.35,128.85001,808.75,490.7,274.39999,1338.65,360.35,35.85,108.05,209.3,205.65,110.95,65.75,32.15,734.85,245.15,210.45,83.15,789.25,110.4,386.15,3066.25,2838.75,1396.1,95.0,21491.2,248.35,93.05,970.35,168.175,142.65,159.95,292.65,245.3,214.65,178.95,3815.45,221.2,66.25,412.5,449.9,125.65,183.45,34.75,425.55,111.85,659.55,238.9,456.45,360.3,4300.25,2727.9,887.75,90.5,11.6,1012.6,1486.45,426.45001,305.1,128.6,107.25,843.5,119.0,245.1,322.95,322.5,97.45,5004.4,137.35,467.5,519.6,640.05,5.4,34.15,328.35,37.55,819.35,1257.2,1205.2,55.75,107.25,3036.35,205.25,12.15,297.25,154.75,59.25,429.5,818.5,256.5,263.75,8632.1,274.15,72.1,69.85,642.35,251.1,163.15,3983.95,69.35,72.75,55.75,59.3,28.05,704.4,896.35,262.35,97.95,112.7,216.85,815.55,261.6,1105.65,1172.65,341.9,992.34998,680.1,229.85,181.15,139.6,24.05,322.95,292.0,530.75,193.75,236.0,147.0,173.35,71.85,344.2,204.1,1387.35,342.25,315.45,69.55,86.15,685.8,205.35,350.45,113.6,66.1,19.3,7.45,7.05,3.85,59.75,1355.6,1599.75,628.9,830.0,332.6,328.75,439.95,245.65,316.29999,,140.05,123.15,402.5,83.05,713.4,133.35,,298.3,613.25,408.65,112.75,123.95,142.05,1066.9,440.25,3928.0,556.6,348.29999,3.55,1339.2,1467.85,99.4,182.75,350.35,66.5,523.05,251.60001,39.5,5314.8,340.05,139.95,997.8,542.85,396.55,523.85,52.35,352.95,2240.35,327.0,520.1,566.6,48893.8,98.55,20.65,281.9,528.45,598.75,63.15,909.65,2490.1,161.75,236.0,80.05,33.7,335.05,26.55,424.15,1261.95,23.75,75.95,123.0,163.55,292.75,694.1,3109.15,444.15,157.7,191.6,102.5,124.75,2105.9,13800.9,396.0,1597.6,624.55,365.65,120.7,1798.4,37.0,7157.3,367.65,589.2,813.8,113.15,104.85,148.0,180.05,80.1,169.0,77.95,73.35,18.65,1124.85,110.4,53.4,457.70001,190.2,539.3,335.1,489.4,46.7,33.45,55.3,122.75,95.95,405.1,424.4,1065.45,260.55,459.3,13.1,552.75,385.2,290.0,40.4,6.8,18.95,274.85,49.4,4302.05,672.4,247.65,528.8,134.5,57.85,109.5,96.1,444.2,693.35,304.35,278.0,13854.5,1800.25,1085.55,271.1,73.25,37.6,30.0,1251.2,1066.8,49.85,247.05,671.1,482.95,191.05,19.4,300.45,73.85,1528.45,832.05,1064.35,208.75,1150.5,290.25,614.70001,212.75,488.9,186.25,898.05,166.35,13.65,150.6,1179.1,61.25,561.45,133.4,493.7,111.5,616.75,1380.45,121.1,470.9,295.75,75.15,561.05,392.35,2351.7,482.7,305.9,110.75,746.25,182.35,5541.65,607.05,320.95,332.85,1283.65,177.75,200.55,56.1,118.8,5712.65,582.25,36.75,364.65,3211.95,262.35,785.25,33.05,261.85,3216.2,253.55,121.95,3.9,638.0,272.9,217.0,158.3,104.2,47.5,570.85,116.75,330.15,259.25,2366.05,1101.55,468.7,5337.0,75.15,66.45,876.1,472.35001,648.4,343.5,1148.3,447.6,38.45,945.3,862.9,8103.600098,6915.450195
2016-12-30,11123.1,11123.1,646.15,684.95,230.6,1043.75,220.35,1281.2,1331.05,76.55,268.45,30.05,56.75,129.0,259.65,1296.1,1782.80005,1401.8,60.2,1628.65,179.85,3.45,870.29999,206.3,32.3,39.5,47.45,574.9,915.3,595.1,1179.9,184.9,352.95,158.1,80.1,891.05,394.9,926.3,2077.9,669.3,490.05,449.95,371.45,217.1,2894.8501,14.0,1819.35,842.20001,1102.5,15.55,235.8,125.25,153.4,107.25,1159.5,450.4,515.3,1375.05,1000.6,210.55,392.85,113.0,587.9,906.54999,305.65,121.2,40.5,949.85,630.6,155.75,4385.45,476.35,47.35,21049.9,635.5,153.75,150.1,2886.3,356.64999,242.15,262.9,1581.15,573.65,343.15,247.65,1305.35,380.65,265.45,1163.1,83.5,168.55,797.7,2020.3,638.5,71.05,273.9,946.6,568.79999,300.0,198.25,904.6,1110.05,292.45,41.8,2203.0,59.3,129.14999,818.75,504.9,278.14999,1351.25,358.2,36.15,107.95,213.85,208.4,110.0,67.3,32.65,734.6,243.65,216.4,84.65,783.7,111.4,382.65,3060.3999,2865.2,1400.0,97.6,21803.1,255.2,95.05,951.55,151.0,145.45,164.35,296.7,244.85,216.25,180.1,3861.55,221.05,66.85,413.65,435.0,129.3,180.85,34.75,439.2,113.15,671.45,244.95,478.45,362.95,4304.15,2729.8,888.45,91.5,11.85,1021.9,1509.95,430.10001,303.2,131.5,108.05,862.75,122.05,258.45,329.65,323.45,97.9,5003.35,139.75,465.15,523.05,648.7,5.4,34.5,342.25,39.7,827.95,1262.6,1206.2,59.9,109.75,3043.65,207.1,12.55,294.35,155.05,59.6,441.3,826.35,255.4,266.65,8971.55,275.4,72.25,71.25,650.25,255.3,163.65,3984.95,69.4,74.15,53.75,60.05,27.2,706.1,918.25,261.95,98.55,116.6,220.85,821.45,260.6,1107.9,1173.9,343.45,1010.59998,685.0,231.1,181.9,139.7,24.25,325.05,294.1,533.05,196.0,241.64999,149.2,179.4,72.05,351.3,208.15,1382.9,347.6,319.6,69.2,88.1,719.85,204.35,350.55,113.45,66.25,19.2,8.05,7.4,3.95,60.85,1345.15,1627.5,632.2,853.45,338.95,338.75,465.6,248.55,319.25,,140.45,124.35,406.45,83.2,719.7,134.35,,298.45,631.15,409.7,112.05,126.45,141.4,1070.95,447.3,3975.35,559.7,354.25,3.6,1349.1,1486.95,100.9,183.75,355.65,67.3,551.9,260.45001,39.85,5319.55,339.9,139.85,999.3,548.75,398.05,521.65,52.8,360.05,2243.25,326.45001,520.65,565.25,48905.6,98.2,20.4,282.7,535.6,579.65,65.3,895.9,2526.65,165.05,238.95,80.6,33.4,342.9,26.45,424.7,1263.25,23.9,76.2,123.4,164.75,295.35,706.3,3125.8,452.1,158.4,191.35,106.0,122.8,2105.8,13650.8,396.0,1624.85,616.5,367.45,121.95,1823.9,37.55,7084.05,375.15,589.8,831.1,115.45,103.55,151.25,183.5,80.45,170.0,77.4,73.45,18.75,1148.75,112.0,54.9,461.20001,191.60001,548.0,333.45,493.65,46.75,34.05,55.1,124.85,94.85,401.95,431.15,1082.4,257.15,467.2,13.85,559.25,387.25,283.15,41.2,6.9,18.95,274.9,49.3,4300.45,678.05,250.2,531.95,135.6,58.5,109.9,97.1,444.2,690.9,310.5,289.15,14733.4,1814.3,1112.5,293.45,75.0,38.2,30.0,1262.4,1078.0,50.4,245.6,674.9,489.0,193.4,19.6,304.8,74.1,1546.45,853.45,1062.2,208.85,1150.3,290.5,630.0,216.6,492.4,190.9,906.95,172.9,13.8,154.15,1151.8,61.55,561.85,134.95,503.0,113.4,627.6,1405.2,122.0,472.0,299.1,75.9,562.75,391.25,2365.55,488.9,301.1,109.2,743.6,189.05,5587.95,597.2,326.8,332.25,1317.15,179.0,200.4,57.55,118.85,5732.95,584.8,36.4,360.5,3203.25,260.8,779.55,33.4,273.05,3250.2,256.35,123.1,4.0,647.0,273.7,216.14999,162.3,104.3,47.45,588.5,117.25,328.25,258.5,2405.2,1111.9,468.85,5207.55,75.25,66.85,889.05,474.45001,657.75,339.75,1156.45,453.05,39.05,950.0,866.15,8185.799805,6982.799805
2017-01-02,11056.5,11056.5,674.2,695.25,230.7,1036.9,220.35,1290.1,1351.9,76.95,273.8,30.6,57.1,131.15,260.9,1319.25,1823.84998,1417.25,60.9,1622.25,181.2,3.45,896.59998,214.6,33.3,41.2,47.7,581.8,919.7,601.5,1189.2,185.85,352.15,159.4,81.0,904.65,398.3,943.5,2047.65,675.5,490.0,447.75,373.85,221.05,2949.6499,14.75,1825.65,870.04999,1087.55,15.6,234.5,130.25,148.9,107.45,1155.7,447.15,524.4,1365.5,996.3,211.55,393.9,115.45,602.25,924.5,311.0,122.5,40.85,951.95,670.35,158.4,4467.9,481.7,48.75,21096.1,640.5,148.8,152.05,2886.45,354.5,247.0,262.45,1650.5,571.85,340.05,250.35,1321.4,385.5,266.7,1180.15,84.6,172.15,816.1,1998.7,645.05,71.35,282.85,949.95,566.0,300.05,196.55,900.3,1141.05,302.35,41.8,2205.4,59.95,129.7,826.15,492.25,277.14999,1453.75,360.75,37.6,109.4,217.35,210.3,116.15,66.0,33.05,746.45,249.9,220.45,84.8,797.85,118.7,441.1,3083.3999,2939.0,1416.7,98.7,22523.9,264.55,97.2,972.4,153.45,149.9,164.15,320.75,246.0,219.2,183.05,3911.15,223.55,66.05,404.4,438.75,133.8,182.4,34.75,435.15,116.6,662.05,246.7,476.4,366.4,4249.75,2730.5,884.0,93.05,12.05,1014.1,1521.9,433.35001,313.7,131.25,108.2,873.3,123.85,256.95,326.0,329.35,99.0,5072.15,140.15,471.65,529.9,664.8,5.55,35.8,341.85,41.9,828.5,1217.1,1197.1,61.7,111.45,3030.55,210.15,12.9,299.65,158.85,63.5,450.0,825.35,259.55,266.5,9063.2,281.45,73.3,75.8,678.65,251.95,169.75,3992.35,69.0,74.95,54.25,60.8,27.4,711.65,919.35,262.85,98.35,122.65,222.6,822.35,262.85,1087.45,1170.35,344.2,1001.09998,682.15,230.3,186.8,142.5,24.15,327.45,296.05,529.55,204.15,240.95,165.9,179.45,72.3,351.0,211.35,1383.4,362.9,321.5,70.35,88.75,738.0,211.4,365.0,115.8,67.7,19.05,8.3,7.55,4.0,62.25,1358.7,1634.3,621.95,859.9,345.85,339.05,487.7,258.1,324.5,,139.5,130.8,407.05,99.8,714.8,135.5,,300.35,625.75,411.05,113.45,126.85,142.2,1088.65,450.1,3934.7,530.1,352.25,3.7,1359.6,1505.75,103.15,182.75,358.2,68.95,553.3,253.8,40.95,5466.0,340.95,140.65,981.35,557.55,399.85,516.7,61.7,368.6,2245.25,327.85001,523.5,557.65,49084.4,99.15,20.25,285.2,523.1,584.6,66.85,890.25,2518.05,167.6,253.45,83.55,33.95,344.35,26.8,426.35,1407.95,24.45,77.95,128.2,164.8,311.9,745.55,3188.7,455.25,159.25,192.25,106.8,126.25,2306.95,13938.5,390.5,1594.3,622.85,370.85,124.0,1828.2,37.75,6994.7,379.75,604.5,826.85,115.6,105.0,152.0,183.65,81.75,169.0,79.85,73.8,19.1,1155.45,110.65,54.95,466.20001,202.8,558.25,349.4,515.35,47.95,34.75,55.3,124.55,94.5,405.5,439.9,1085.1,252.25,478.7,14.7,564.9,391.25,299.95,41.9,7.15,19.3,275.05,50.5,4295.6,666.95,243.6,520.5,137.9,60.3,114.7,98.9,452.4,689.8,306.45,292.6,14517.6,1862.65,1120.0,286.35,75.15,37.55,30.3,1285.35,1125.1,51.7,252.15,680.6,488.75,197.05,19.65,304.15,78.05,1558.4,884.4,1068.45,229.7,1173.3,287.65,634.04999,223.35,501.6,204.1,897.25,172.9,14.05,160.55,1152.65,61.85,566.95,135.65,506.95,115.3,629.25,1412.75,123.55,487.05,308.55,75.4,576.65,406.75,2361.35,488.0,303.1,111.25,737.6,187.15,5610.65,620.5,333.95,332.2,1310.75,177.95,201.8,58.45,119.5,5739.95,578.9,36.85,367.65,3199.7,265.65,775.05,33.55,275.1,3371.35,259.9,125.55,4.3,658.65,274.55,220.95,163.25,104.1,47.0,596.45,118.3,328.4,258.8,2400.55,1110.3,476.0,5241.85,75.95,66.7,894.05,471.54999,666.4,339.25,1144.65,451.6,39.9,943.0,875.3,8179.5,6982.799805
2017-01-03,10917.2,10917.2,707.8,703.4,241.15,1045.35,220.35,1291.55,1343.55,76.55,273.95,30.65,56.65,132.35,256.65,1292.4,1797.34998,1434.7,62.35,1655.15,184.05,3.55,889.70001,215.2,33.6,44.55,47.85,585.95,925.15,602.0,1205.45,187.25,360.25,159.5,81.05,896.6,392.9,937.45,2054.05,672.2,490.55,455.25,376.85,226.4,3016.6499,15.1,1840.75,884.0,1097.05,15.9,235.45,130.95,148.6,108.35,1156.2,463.15,525.9,1423.15,1009.3,213.45,393.8,117.8,621.25,922.09998,304.45,124.8,41.15,945.3,667.35,157.8,4479.4,489.9,48.9,20798.6,650.55,148.45,153.6,2872.25,354.79999,246.85,264.8,1657.85,588.4,342.0,253.8,1318.25,385.7,267.5,1193.5,84.0,174.3,839.5,2045.25,643.95,70.8,303.85,959.05,573.65002,305.3,198.95,898.3,1176.8,300.3,42.0,2274.5,60.75,132.35001,842.9,491.95,275.5,1566.45,370.0,38.05,111.5,222.6,215.75,117.95,67.0,33.4,759.65,245.8,230.1,85.4,777.85,119.05,431.4,3072.3999,3017.0,1397.55,99.85,22500.7,267.75,96.95,1030.6,154.7,149.35,169.0,326.65,246.95,220.05,183.0,3920.75,222.6,66.15,411.7,445.0,131.05,187.5,34.75,441.45,119.55,660.35,248.1,503.5,371.5,4238.75,2745.55,893.15,94.6,12.25,1027.75,1533.2,434.04999,321.2,133.4,111.65,869.1,124.8,247.85,328.55,326.8,100.15,5080.25,140.1,479.7,534.65,687.7,5.5,36.6,342.85,42.45,835.15,1214.0,1189.9,61.95,112.0,2986.55,210.35,12.9,298.45,158.85,62.35,464.3,829.85,259.4,269.95,9116.05,281.1,73.85,76.05,662.25,254.4,172.2,3947.85,69.85,73.4,54.5,60.75,27.35,724.7,946.4,262.35,97.15,122.6,224.0,819.85,264.0,1100.6,1166.7,341.5,993.84998,683.2,233.7,186.6,143.5,24.4,345.25,304.1,530.25,206.0,243.35001,160.3,180.4,74.6,353.65,211.95,1375.25,364.15,333.25,70.4,91.35,731.4,217.4,363.95,116.55,68.45,19.1,8.2,7.5,4.05,60.6,1366.6,1644.55,638.0,867.65,349.15,336.15,490.45,265.45,330.64999,,142.85,137.7,406.6,94.2,711.75,135.55,,311.05,619.35,418.05,116.25,131.15,140.15,1072.2,469.95,4027.2,531.3,352.14999,3.85,1367.2,1505.5,104.05,182.6,356.8,72.7,544.45,257.75,40.9,5508.4,343.35,139.35,997.3,555.0,403.95,507.9,61.75,367.05,2248.4,323.45001,518.8,537.45,50391.4,102.3,19.95,286.55,520.9,583.3,66.75,884.35,2543.45,170.35,254.45,84.0,34.55,339.45,27.3,430.9,1441.1,24.6,78.55,130.25,165.45,310.2,763.7,3166.3,458.45,159.65,192.5,107.75,128.35,2272.35,13790.8,391.9,1578.0,627.8,380.75,125.2,1818.05,38.55,6935.7,378.0,606.4,827.35,118.05,104.6,155.4,188.05,84.0,169.65,83.35,74.0,19.35,1170.25,110.95,54.85,476.5,204.89999,569.2,348.5,526.1,47.75,34.25,55.7,126.4,95.2,399.35,442.35,1089.4,250.15,478.4,14.75,567.3,397.85,310.0,41.95,7.05,19.7,275.85,51.65,4264.75,664.7,244.9,519.45,147.2,60.95,114.7,99.2,481.8,705.95,305.15,295.45,14128.5,1851.15,1108.5,283.65,81.0,37.25,30.0,1291.35,1146.95,54.7,256.7,713.75,489.55,201.4,19.9,309.2,79.95,1550.2,892.95,1048.5,218.25,1167.4,293.4,636.09998,235.15,523.55,206.15,887.6,175.85,14.25,161.85,1166.55,62.05,577.45,137.05,509.75,116.9,625.65,1402.35,124.45,481.1,308.4,75.65,586.8,403.3,2368.25,491.55,303.25,115.35,769.15,185.2,5632.1,642.75,348.15,341.6,1339.45,178.15,201.0,59.95,120.3,5715.75,582.8,37.25,377.4,3389.7,287.8,787.45,33.65,277.65,3326.7,260.75,126.25,4.3,655.0,275.45,219.64999,163.75,104.25,47.6,596.45,123.2,332.7,262.35,2400.45,1121.3,479.7,5247.95,76.15,69.45,931.85,467.0,666.35,339.75,1162.9,458.3,40.85,945.95,868.05,8192.25,7028.75
2017-01-04,10808.5,10808.5,709.4,698.0,249.1,1038.65,220.35,1292.4,1319.4,77.8,274.9,31.65,57.9,131.7,250.65,1299.95,1779.75,1413.6,62.1,1667.35,178.45,3.5,900.29999,212.15,33.7,45.6,47.7,647.2,939.5,605.25,1220.95,185.3,358.75,163.85,83.85,906.6,390.8,946.85,2048.9,666.95,490.65,453.1,371.9,226.35,2960.8501,15.25,1838.45,871.90002,1090.3,16.2,229.9,128.5,148.0,107.7,1148.7,463.35,525.3,1432.2,1005.8,214.64999,391.6,125.3,629.5,913.75,313.9,127.1,41.35,933.9,675.35,160.0,4474.8,490.25,51.0,20336.8,655.45,147.8,152.6,2852.3999,362.04999,243.4,263.9,1669.45,608.75,341.2,250.75,1314.25,386.05,262.3,1180.4,83.75,175.85,826.25,2047.35,646.35,78.7,316.9,953.3,568.25,306.15,197.65,897.65,1151.3,303.3,41.55,2237.3,61.2,131.35001,808.35,491.9,276.54999,1580.85,374.25,38.5,111.95,218.2,221.65,117.3,70.95,33.25,764.05,243.2,225.75,84.8,752.3,125.5,431.0,3091.3,2969.35,1416.15,99.15,22196.5,265.2,95.85,1037.5,153.75,148.6,170.95,321.3,246.4,222.8,182.1,3900.35,220.9,65.75,412.95,440.3,133.5,189.65,34.75,440.15,116.1,652.45,254.45,520.25,375.35,4235.1,2748.0,899.0,95.15,12.75,1063.1,1531.35,432.70001,323.65,130.9,110.0,867.0,122.1,249.0,328.05,328.75,102.6,5058.55,139.9,472.15,535.35,675.65,5.9,36.85,351.15,42.9,856.95,1212.1,1185.5,62.8,112.35,3004.9,213.25,13.05,299.75,158.9,62.0,460.95,821.6,251.3,270.6,9222.2,284.7,74.3,80.3,643.75,251.1,166.3,3941.4,69.95,74.15,55.0,59.9,27.75,727.6,935.1,256.25,96.7,122.0,225.7,843.4,268.9,1100.15,1196.2,352.35,997.75,681.35,230.0,183.3,142.1,24.3,342.95,304.6,549.3,206.8,245.45,163.95,180.9,73.75,348.95,212.35,1375.6,370.4,341.65,71.2,92.9,725.95,216.5,363.25,116.15,70.1,19.3,9.8,8.1,4.15,61.1,1393.55,1644.55,715.65,862.35,343.55,335.0,485.4,263.35,340.85001,,144.4,140.8,407.2,93.35,695.6,137.15,,313.15,611.35,414.8,115.4,131.35,139.1,1087.15,469.2,4024.2,516.95,355.04999,3.9,1376.6,1489.0,104.25,181.8,359.15,69.65,554.05,257.75,40.7,5502.15,341.95,139.7,991.1,559.45,398.55,526.4,61.75,378.1,2252.75,320.89999,516.1,534.3,50386.1,107.1,19.8,286.9,518.65,593.95,65.55,860.45,2583.9,168.65,247.1,85.7,35.15,334.9,27.4,436.85,1420.15,26.95,79.25,134.25,164.85,310.35,761.75,3233.0,456.5,160.35,194.8,106.75,126.45,2278.65,13802.8,393.45,1598.4,646.85,375.0,123.65,1807.45,38.5,6908.0,375.9,607.3,828.8,115.25,104.75,153.1,186.75,85.15,171.2,84.8,73.9,19.6,1174.1,117.1,54.85,487.0,202.0,575.3,380.25,507.7,50.7,34.3,55.85,124.55,97.45,400.8,443.65,1067.15,250.85,483.0,14.75,576.95,397.15,337.8,42.45,7.2,19.85,273.45,50.55,4273.05,660.95,242.9,516.7,145.95,64.25,116.35,99.55,484.1,702.8,335.4,293.7,14122.6,1889.4,1121.95,286.5,81.05,37.45,30.15,1285.05,1172.3,55.65,260.4,713.0,482.65,200.9,20.0,306.8,78.5,1549.45,911.8,1073.5,207.35,1172.6,290.4,637.34998,246.45,523.9,202.45,887.0,174.75,14.95,163.6,1166.4,61.35,581.6,142.7,505.1,115.7,625.7,1419.3,124.45,486.65,310.25,75.8,588.7,405.45,2379.5,500.6,317.0,114.15,781.25,186.25,5638.15,642.9,359.65,345.8,1349.65,179.0,199.9,59.3,119.65,5705.6,577.0,37.45,375.25,3256.8,281.35,797.5,33.7,280.9,3301.4,264.7,125.55,4.45,667.55,275.7,216.8,164.55,103.8,46.7,594.8,121.6,335.8,266.35,2400.8,1121.3,479.75,5260.9,76.9,71.15,949.55,475.60001,665.6,338.65,1163.15,458.6,42.95,938.2,872.7,8190.5,7030.75
2017-01-05,11097.4,11097.4,714.65,701.35,246.5,1035.75,220.35,1291.95,1332.85,79.15,287.5,32.6,58.35,132.05,251.15,1293.85,1789.25,1418.95,63.05,1661.95,172.95,3.65,920.5,214.35,34.25,45.7,48.25,648.05,941.9,605.1,1207.25,187.7,365.7,159.8,83.95,916.5,396.7,948.7,2049.45,686.25,509.5,458.05,373.7,232.8,3018.45,14.95,1862.5,899.75,1102.55,15.85,227.15,129.9,150.95,109.55,1145.55,470.4,533.2,1431.75,1001.6,213.95,394.6,124.75,637.55,922.34998,321.1,127.95,42.2,946.2,681.3,159.8,4443.2,492.1,54.0,20903.8,672.7,149.5,153.0,2865.8,367.10001,254.1,266.35,1689.2,605.55,340.9,254.75,1310.45,391.5,266.55,1192.4,83.75,179.55,836.85,2052.25,647.2,83.15,318.85,931.8,579.84998,308.3,198.85,898.65,1174.3,313.0,42.05,2235.9,61.95,135.05,814.85,491.4,278.85001,1572.45,369.7,39.4,113.9,225.6,224.05,122.25,73.4,34.3,776.1,247.45,229.7,86.3,764.0,126.65,443.45,3136.25,2964.95,1426.5,98.8,22324.3,278.95,96.2,1055.7,154.95,150.1,174.05,329.55,247.55,223.95,184.25,3896.7,220.3,67.5,416.4,441.1,141.75,185.0,34.75,442.15,116.4,661.75,250.2,518.6,381.7,4226.15,2739.3,897.65,100.85,12.75,1054.15,1524.2,435.14999,325.0,132.25,111.8,865.8,122.95,250.9,323.65,325.75,105.45,5137.45,139.6,480.75,536.4,666.7,5.85,36.5,359.55,43.4,844.65,1217.2,1186.2,63.65,111.45,3071.75,209.3,13.25,299.45,162.0,63.45,472.95,833.15,261.9,270.5,9259.25,284.35,76.65,79.25,653.65,257.25,163.35,3975.45,71.25,74.8,57.1,60.65,27.95,736.8,931.15,262.05,95.0,125.85,227.55,841.85,268.25,1127.55,1199.25,350.1,996.15002,689.55,230.25,185.0,145.2,24.55,352.55,305.8,548.45,214.05,246.75,166.95,177.15,74.35,348.05,216.5,1388.4,373.8,344.3,75.5,93.15,729.45,217.25,360.1,116.45,70.05,19.0,10.55,8.55,4.3,61.6,1422.5,1644.55,715.85,861.05,394.1,334.35,494.35,259.95,335.39999,,145.9,140.64999,415.95,92.95,698.95,137.6,,311.25,619.05,418.25,116.2,130.45,138.05,1103.5,463.65,4007.55,523.1,351.95001,3.9,1392.3,1512.1,104.55,187.6,362.15,70.8,550.1,260.54999,40.85,5634.95,343.95,140.45,988.1,553.65,401.55,523.7,64.05,397.2,2270.15,328.54999,516.6,538.25,51710.6,110.2,20.05,292.9,521.3,597.35,67.0,861.55,2577.2,173.35,249.6,86.25,35.65,339.65,27.5,430.55,1429.15,27.35,80.25,134.95,165.0,313.3,757.45,3214.95,467.15,160.6,199.65,109.95,127.55,2279.45,13838.5,411.8,1658.15,645.3,378.25,128.5,1794.3,39.15,6942.15,374.6,611.7,835.5,117.65,104.95,154.6,190.85,85.1,173.2,84.55,78.3,20.3,1186.1,122.25,54.8,507.60001,203.85001,577.5,385.35,520.4,52.55,34.55,55.85,127.4,97.5,402.25,444.55,1077.4,248.95,490.7,15.0,595.0,399.5,340.85,43.3,7.25,20.25,273.95,51.95,4200.55,665.0,245.35,518.8,146.35,65.6,121.45,99.1,484.65,706.2,323.65,293.8,14156.9,1837.5,1141.65,288.15,82.95,37.25,30.6,1284.0,1213.75,56.35,263.15,714.85,482.8,208.05,20.4,307.9,79.15,1584.5,914.85,1094.8,217.7,1187.9,310.65,643.45001,244.9,532.25,199.1,911.25,176.1,15.15,160.95,1166.55,62.25,585.2,143.1,508.15,115.0,637.45,1433.1,125.2,502.15,322.95,76.85,601.7,419.3,2334.4,488.1,320.0,113.1,810.6,193.55,5650.0,627.75,358.05,344.0,1357.6,181.7,200.35,59.75,119.4,5710.5,576.0,38.0,384.8,3278.8,282.9,808.75,33.95,285.6,3382.85,266.1,127.9,4.75,674.6,275.3,227.64999,164.9,104.15,49.2,627.15,124.55,344.45,266.3,2400.55,1109.35,479.6,5263.55,79.1,71.2,934.3,480.39999,673.45,344.15,1210.2,470.7,43.9,949.0,869.4,8273.799805,7106.899902
2017-01-06,11305.0,11305.0,710.25,699.75,246.75,1044.35,220.35,1271.25,1333.9,78.65,286.05,32.7,57.15,130.45,251.75,1271.65,1798.80005,1409.05,63.3,1659.9,171.45,3.55,930.40002,212.6,34.45,44.0,48.3,613.1,953.1,606.6,1196.5,188.9,360.9,155.0,85.3,929.5,390.85,939.4,2076.9,692.4,528.85,455.2,370.6,229.1,2978.55,14.75,1891.8,878.45001,1096.3,15.75,228.8,134.6,153.25,110.55,1123.6,472.25,544.75,1411.65,993.55,219.45,394.25,122.75,621.65,912.09998,319.75,126.4,41.95,959.55,700.5,158.95,4442.3,492.0,53.35,21111.3,664.85,145.45,152.7,2894.95,379.45001,255.7,270.35,1712.5,602.1,335.6,253.55,1305.85,390.2,267.5,1197.45,83.45,176.5,823.1,2079.85,640.2,85.95,321.6,942.85,582.84998,306.2,196.75,899.15,1167.75,313.5,41.9,2234.35,61.75,138.8,808.5,486.95,276.60001,1538.2,373.2,38.4,113.95,239.45,225.8,122.7,72.05,34.3,775.45,248.75,227.8,86.0,737.4,126.55,432.95,3159.1499,2922.0,1415.2,96.95,22717.8,280.9,96.6,1031.25,152.95,147.95,169.85,328.25,246.2,222.05,186.5,3888.75,217.35,67.2,421.8,446.75,141.05,190.9,34.75,442.55,116.85,650.45,248.65,520.65,384.8,4220.75,2726.15,892.65,98.95,12.5,1034.05,1522.3,442.54999,316.15,134.55,112.25,855.25,122.5,248.35,319.95,327.3,103.8,5149.1,137.4,475.95,527.0,665.7,5.75,35.4,360.8,41.6,814.4,1222.35,1193.65,63.4,109.6,3067.55,201.1,13.2,297.45,160.75,62.25,466.7,833.75,264.5,273.4,9288.8,282.5,75.6,79.7,657.45,258.15,160.95,3992.7,71.1,72.9,56.85,60.65,27.75,727.05,922.9,255.95,95.75,125.4,234.15,840.8,272.9,1144.05,1197.2,354.25,972.25,676.7,228.2,183.3,146.0,24.55,346.35,307.7,544.65,214.1,242.7,163.45,175.4,73.25,348.75,214.9,1378.6,372.25,344.65,73.55,91.95,716.55,228.55,356.9,116.4,69.55,18.8,10.4,8.25,4.15,65.3,1413.3,1644.55,704.45,839.05,376.05,332.9,492.2,259.75,337.75,,144.1,137.95,414.5,90.95,716.85,134.7,,312.05,617.0,416.55,116.5,129.5,136.55,1115.8,468.5,3987.6,524.6,349.75,3.85,1390.95,1512.05,104.6,188.75,359.2,71.65,537.65,260.39999,40.3,5615.55,342.95,141.25,983.5,546.45,394.9,500.2,62.25,401.25,2260.85,331.64999,513.7,527.15,51579.2,108.8,19.6,295.15,524.4,624.95,65.05,874.45,2610.5,173.3,250.95,83.2,35.1,339.65,27.25,422.65,1400.55,28.0,79.9,135.95,164.0,305.65,755.9,3139.45,475.1,159.75,202.55,110.2,127.0,2426.6,13704.0,411.55,1678.8,639.9,373.75,129.45,1807.65,38.95,6861.45,366.1,614.7,841.5,119.05,104.65,155.1,188.8,83.9,172.3,84.2,77.6,19.9,1179.75,121.3,53.7,504.75,204.10001,577.75,372.55,511.35,54.55,33.8,55.85,128.5,95.95,401.2,447.8,1074.95,255.05,492.7,14.95,602.25,400.65,342.6,43.9,7.25,20.1,273.35,52.0,4210.3,667.8,245.9,522.05,143.75,63.65,123.0,99.5,474.1,698.1,317.6,292.2,14298.5,1836.45,1164.15,285.95,82.2,37.15,30.15,1275.0,1184.55,55.2,266.5,702.15,475.3,197.2,20.6,307.2,80.6,1565.25,927.85,1098.85,228.55,1201.0,304.1,640.75,243.05,532.05,194.5,904.85,174.0,14.65,170.7,1192.55,62.65,582.55,141.2,507.8,114.9,633.6,1392.15,124.65,497.75,318.7,77.1,595.2,419.55,2281.4,469.75,325.65,113.0,805.35,193.95,5720.0,619.3,355.2,342.7,1375.9,179.1,200.0,58.8,118.45,5665.95,575.05,38.0,387.1,3245.25,275.7,801.35,34.05,279.35,3322.75,274.9,129.15,4.65,659.9,270.5,230.60001,164.65,104.1,49.05,626.4,122.0,336.45,271.4,2414.15,1097.7,479.75,5206.1,79.2,70.15,920.4,469.95001,710.9,344.15,1246.75,463.1,43.55,939.2,867.95,8243.799805,7083.100098
2017-01-09,11503.8,11503.8,686.2,698.95,242.95,1036.8,220.35,1282.55,1327.85,78.75,284.7,32.9,59.35,131.85,256.0,1283.55,1779.25,1403.55,63.7,1681.2,171.25,3.5,904.29999,210.7,34.3,43.65,48.45,623.45,942.4,608.0,1190.7,186.25,359.45,154.8,84.95,910.1,391.35,950.45,2076.05,694.55,539.4,452.75,372.0,231.0,2992.6499,14.8,1903.85,878.25,1089.7,15.75,241.0,136.6,152.8,111.2,1145.7,463.05,539.7,1454.2,1150.75,225.55,393.5,126.05,619.8,907.40002,317.95,127.6,42.85,1013.55,696.7,157.25,4420.9,496.7,54.35,20904.3,653.1,145.3,155.4,2897.8999,361.60001,256.6,270.0,1723.9,603.4,345.6,256.9,1302.5,389.2,266.75,1179.7,83.35,177.95,838.05,2101.55,647.75,86.3,327.6,948.9,576.70001,300.0,196.6,893.55,1181.05,329.6,41.65,2216.8,61.3,139.35001,805.25,485.55,273.60001,1543.8,367.8,38.0,113.1,241.3,225.15,125.75,72.2,34.15,786.1,255.15,252.0,86.45,734.15,126.5,453.4,3060.2,2916.35,1419.05,98.0,22999.9,283.2,97.1,1038.95,152.55,149.9,172.7,324.0,248.9,221.85,185.6,3883.95,219.65,68.35,416.8,442.2,139.6,198.75,34.75,435.7,117.9,647.1,246.1,551.8,385.25,4221.55,2724.1,894.75,98.75,12.5,1036.2,1540.2,439.29999,322.75,134.3,101.2,858.6,122.9,251.05,328.35,324.85,108.0,5155.4,137.45,477.25,549.8,658.95,5.75,36.1,364.7,41.65,838.3,1223.55,1195.2,63.05,111.25,3031.45,203.5,13.25,298.4,158.0,64.55,463.0,831.05,269.95,276.95,9241.3,286.55,75.25,80.75,674.0,258.7,163.85,3979.4,74.15,74.1,55.75,61.9,27.9,717.0,922.1,257.15,97.3,126.5,234.95,852.7,272.05,1159.25,1189.3,349.2,970.34998,675.0,229.7,182.75,144.75,24.75,342.8,308.95,539.15,214.6,245.85001,165.8,180.0,73.05,343.4,215.25,1392.3,373.65,342.15,74.25,93.8,718.3,226.55,358.35,114.85,69.7,19.05,10.6,8.35,4.1,64.1,1421.55,1644.55,696.5,825.0,386.3,330.15,505.9,261.75,336.35001,,142.55,134.39999,431.7,91.55,709.25,137.55,,311.45,614.8,412.7,118.0,131.15,135.8,1117.15,471.95,3968.65,524.4,348.75,3.8,1380.65,1489.5,99.65,189.5,361.65,70.85,535.15,257.60001,40.45,5658.5,340.6,144.95,978.65,543.95,393.9,495.5,70.6,419.2,2262.45,329.25,516.4,529.85,51349.1,107.85,20.35,291.85,524.9,636.55,65.35,858.15,2707.65,177.75,257.75,82.2,35.1,339.8,27.2,430.2,1506.8,27.35,81.65,136.1,163.05,305.35,751.65,3108.75,478.25,159.3,198.0,110.95,127.7,2415.05,13762.1,408.65,1672.0,636.05,373.5,130.6,1795.35,38.8,6809.6,368.75,614.2,829.7,119.75,104.45,157.4,186.55,83.9,181.0,85.1,78.05,20.05,1183.2,118.8,53.9,495.85001,207.10001,574.75,385.85,509.1,57.3,33.1,57.05,129.6,98.7,399.05,446.55,1077.7,252.45,492.7,15.25,600.0,396.4,333.55,43.8,7.1,20.25,272.1,52.35,4218.8,671.15,247.05,522.45,141.25,65.0,126.55,99.65,478.25,698.65,324.35,292.4,14388.8,1805.05,1149.05,281.6,84.5,37.05,30.25,1286.2,1170.25,55.45,264.45,699.05,480.0,194.8,21.0,306.45,81.0,1570.55,929.5,1157.4,239.95,1233.6,307.15,632.04999,243.05,539.15,200.85,880.35,172.75,14.95,171.0,1169.05,63.45,593.15,144.1,512.4,113.9,630.35,1387.9,124.75,500.15,317.7,76.4,594.2,422.0,2303.7,473.45,325.05,113.25,803.5,197.55,5956.95,621.35,354.6,341.25,1341.25,179.0,200.45,58.9,117.75,5683.3,581.55,37.9,384.75,3246.6,274.05,805.1,33.8,276.65,3291.85,277.8,127.65,4.6,672.9,270.4,232.55,162.85,104.3,50.45,626.4,119.95,341.9,277.3,2424.25,1100.7,480.8,5299.85,80.55,68.6,912.35,472.0,698.5,355.4,1256.2,465.1,42.8,935.9,865.45,8236.049805,7085.149902
2017-01-10,11678.3,11678.3,681.85,697.85,244.3,1175.5,220.35,1265.3,1319.6,80.2,293.9,33.5,59.15,135.7,260.1,1291.8,1803.44995,1394.75,64.1,1683.75,173.3,3.5,902.0,209.4,34.05,44.1,48.65,619.4,951.0,605.1,1196.9,194.45,362.0,154.4,84.95,923.6,394.15,959.95,2077.8,699.65,556.7,447.35,370.7,233.8,3010.1499,15.8,1910.5,899.75,1087.35,15.75,236.35,139.75,152.95,111.25,1145.3,466.0,545.9,1511.7,1170.75,219.75,395.1,131.55,631.85,930.75,320.1,128.25,42.55,997.1,700.35,155.1,4467.85,493.65,54.65,21146.3,660.3,147.0,155.1,2880.8,355.75,258.7,268.7,1696.65,599.15,386.95,254.55,1357.8,389.05,268.05,1218.15,83.2,178.4,833.5,2092.7,655.85,83.6,335.05,957.35,574.90002,300.6,198.9,891.9,1192.15,339.05,42.0,2229.95,61.75,138.35001,828.15,487.05,277.64999,1554.1,369.5,38.4,113.3,265.15,226.05,129.5,71.25,34.35,786.75,255.4,252.6,86.9,739.35,125.2,448.65,3041.8501,2954.0,1422.75,97.6,23005.0,285.95,98.75,1040.1,157.0,148.9,177.55,337.1,246.5,224.0,183.05,3849.3,223.4,69.9,415.4,445.15,137.2,200.65,34.75,440.7,118.6,643.6,246.55,539.0,385.1,4224.75,2729.15,899.9,101.5,12.65,1066.55,1562.85,442.25,321.7,135.25,104.75,848.25,122.0,252.2,325.3,333.25,112.4,5136.75,136.65,477.7,546.2,646.45,5.75,36.35,367.55,43.25,837.85,1217.25,1214.35,63.4,113.3,3059.0,202.0,13.45,297.3,164.4,67.85,479.25,830.55,272.85,276.0,9016.85,287.4,75.0,80.2,688.75,260.2,164.0,3986.45,73.45,74.5,55.0,61.85,28.2,722.9,932.25,256.65,97.35,129.2,235.4,860.0,268.4,1160.7,1182.3,353.55,970.54999,669.5,228.35,182.4,145.9,24.6,346.7,311.0,534.7,214.9,248.95,164.95,177.0,72.9,344.95,220.25,1412.55,388.55,348.65,74.8,95.8,706.35,228.85,356.55,120.65,69.4,18.8,10.55,8.4,4.1,64.4,1433.2,1644.55,702.1,832.45,380.7,330.05,511.7,266.35,337.75,,144.15,142.39999,429.55,91.9,712.65,138.65,,311.45,610.05,424.8,117.95,134.95,135.9,1107.6,473.25,3989.05,521.55,357.04999,3.7,1387.5,1488.5,99.7,190.55,361.75,71.35,539.0,260.75,41.15,5674.85,340.7,146.55,968.7,543.45,389.95,487.15,69.05,418.1,2262.2,328.04999,517.25,534.1,53025.1,112.6,20.2,288.1,524.45,637.0,68.0,849.15,2799.45,176.0,268.15,82.75,35.55,339.95,27.35,431.05,1516.55,27.7,83.55,138.05,162.3,306.75,753.35,3119.05,482.4,158.85,198.45,111.35,128.3,2438.5,13982.8,407.15,1734.75,634.5,362.1,129.2,1796.55,39.15,6798.05,365.95,631.4,814.35,119.4,105.05,161.55,186.55,86.35,178.05,88.6,80.55,21.15,1219.7,119.8,54.6,505.35001,208.75,604.15,391.2,508.15,56.9,33.0,58.45,128.2,100.4,400.6,448.3,1089.85,248.0,501.3,16.0,607.5,400.6,344.9,43.9,6.95,20.4,271.35,52.85,4208.75,670.85,248.3,523.55,141.25,65.3,130.65,100.8,483.4,703.05,320.8,293.2,14435.5,1830.65,1172.55,290.0,84.35,37.5,30.1,1289.8,1189.2,55.9,264.95,693.0,473.95,198.05,20.9,305.45,82.6,1576.0,939.45,1167.35,228.0,1227.45,303.6,638.54999,253.75,533.95,197.3,872.6,177.95,14.9,170.9,1167.95,64.0,593.55,147.75,510.25,114.95,631.2,1411.05,124.45,516.25,326.3,77.1,600.6,431.9,2315.35,473.5,339.55,114.7,800.25,196.05,6008.1,618.2,361.45,341.4,1358.15,179.85,198.85,60.8,119.45,5588.4,579.15,37.6,383.45,3323.75,272.85,806.9,33.65,283.9,3279.45,274.9,131.25,4.55,663.5,272.65,232.60001,165.1,104.05,51.15,649.65,119.95,344.4,286.4,2420.3,1098.15,481.95,5282.85,81.15,68.25,913.8,476.5,699.4,351.05,1264.6,467.75,45.25,933.35,871.65,8288.599609,7132.200195
