Date,Symbol,Series,Prev Close,Open,High,Low,Last,Close,VWAP,Volume,Turnover,Trades,Deliverable Volume,%Deliverble
1996-01-01,NALCO,EQ,18.9,19.0,19.0,18.95,,19.0,18.99,1500.0,28000.0,,,
1996-01-02,NALCO,EQ,19.0,19.75,19.75,19.05,,19.05,19.38,2100.0,41000.0,,,
1996-01-03,NALCO,EQ,19.05,19.5,20.0,19.3,,19.95,19.59,1400.0,27000.0,,,
1996-01-04,NALCO,EQ,19.95,20.0,20.0,19.6,,19.75,19.78,3400.0,67000.0,,,
1996-01-05,NALCO,EQ,19.75,19.0,19.95,19.0,,19.75,19.73,1500.0,30000.0,,,
1996-01-08,NALCO,EQ,19.75,19.75,19.5,18.75,,18.8,19.19,3700.0,71000.0,,,
1996-01-09,NALCO,EQ,18.8,18.75,19.1,18.6,,19.0,18.79,2900.0,54000.0,,,
1996-01-10,NALCO,EQ,19.0,19.25,19.4,19.25,,19.25,19.25,22600.0,435000.0,,,
1996-01-11,NALCO,EQ,19.25,19.25,19.9,19.25,,19.6,19.52,1700.0,33000.0,,,
1996-01-12,NALCO,EQ,19.6,19.5,19.5,19.5,,19.5,19.5,100.0,2000.0,,,
1996-01-15,NALCO,EQ,19.5,19.5,19.5,19.25,,19.45,19.45,1300.0,25000.0,,,
1996-01-16,NALCO,EQ,19.45,20.6,20.6,19.3,,19.3,19.49,3300.0,64000.0,,,
1996-01-17,NALCO,EQ,19.3,19.45,19.5,19.25,,19.25,19.38,1500.0,29000.0,,,
1996-01-18,NALCO,EQ,19.25,19.25,19.25,18.4,,18.4,18.91,2000.0,38000.0,,,
1996-01-19,NALCO,EQ,18.4,18.4,19.25,18.4,,18.75,18.77,800.0,15000.0,,,
1996-01-22,NALCO,EQ,18.75,18.15,18.3,18.1,,18.1,18.17,900.0,16000.0,,,
1996-01-23,NALCO,EQ,18.1,18.3,18.3,17.6,,17.6,18.14,1100.0,20000.0,,,
1996-01-24,NALCO,EQ,17.6,17.5,17.75,17.5,,17.65,17.63,1500.0,26000.0,,,
1996-01-25,NALCO,EQ,17.65,17.5,17.5,17.4,,17.4,17.47,1000.0,17000.0,,,
1996-01-29,NALCO,EQ,17.4,17.0,17.5,17.0,,17.5,17.27,4300.0,74000.0,,,
1996-01-30,NALCO,EQ,17.5,18.0,18.0,17.4,,17.4,17.56,1500.0,26000.0,,,
1996-01-31,NALCO,EQ,17.4,17.6,18.0,17.6,,17.8,17.85,1200.0,21000.0,,,
1996-02-01,NALCO,EQ,17.8,17.8,18.25,17.8,,17.85,18.03,2200.0,40000.0,,,
1996-02-02,NALCO,EQ,17.85,18.0,18.25,18.0,,18.0,18.06,4800.0,87000.0,,,
1996-02-05,NALCO,EQ,18.0,18.5,19.0,18.25,,18.75,18.64,4800.0,89000.0,,,
1996-02-06,NALCO,EQ,18.75,19.0,20.0,18.75,,19.0,19.1,15600.0,298000.0,,,
1996-02-07,NALCO,EQ,19.0,18.75,20.0,18.75,,19.25,19.4,509400.0,9880000.0,,,
1996-02-08,NALCO,EQ,19.25,19.75,21.15,19.4,,20.75,20.4,15700.0,320000.0,,,
1996-02-09,NALCO,EQ,20.75,20.5,21.95,19.35,,21.95,20.85,27000.0,563000.0,,,
1996-02-12,NALCO,EQ,21.95,21.5,22.45,20.6,,21.75,21.65,54500.0,1180000.0,,,
1996-02-13,NALCO,EQ,21.75,21.75,22.5,21.55,,22.1,21.91,13100.0,287000.0,,,
1996-02-14,NALCO,EQ,22.1,22.1,24.35,22.5,,24.15,23.82,16400.0,391000.0,,,
1996-02-15,NALCO,EQ,24.15,24.15,25.2,23.25,,24.8,24.96,72900.0,1820000.0,,,
1996-02-16,NALCO,EQ,24.8,24.8,24.25,22.5,,23.5,23.17,11000.0,255000.0,,,
1996-02-19,NALCO,EQ,23.5,22.5,24.0,22.5,,23.9,23.26,13500.0,314000.0,,,
1996-02-20,NALCO,EQ,23.9,23.9,24.0,23.05,,24.0,23.72,31600.0,750000.0,,,
1996-02-22,NALCO,EQ,24.0,24.0,24.75,23.75,,24.25,24.23,120600.0,2923000.0,,,
1996-02-23,NALCO,EQ,24.25,24.25,25.75,24.75,,25.5,25.34,24200.0,613000.0,,,
1996-02-26,NALCO,EQ,25.5,25.5,27.0,25.75,,26.4,26.32,40200.0,1058000.0,,,
1996-02-27,NALCO,EQ,26.4,26.4,26.5,25.55,,26.45,26.17,28000.0,733000.0,,,
1996-02-28,NALCO,EQ,26.45,26.45,27.0,26.25,,26.3,26.41,46200.0,1220000.0,,,
1996-02-29,NALCO,EQ,26.3,26.3,25.9,24.5,,25.4,25.3,35600.0,901000.0,,,
1996-03-01,NALCO,EQ,25.4,25.4,25.25,24.25,,25.1,25.11,46400.0,1165000.0,,,
1996-03-04,NALCO,EQ,25.1,25.1,25.5,24.0,,24.4,24.41,19000.0,464000.0,,,
1996-03-06,NALCO,EQ,24.4,24.4,25.7,24.9,,25.35,25.15,16400.0,412000.0,,,
1996-03-07,NALCO,EQ,25.35,25.35,26.0,25.35,,26.0,25.81,27700.0,715000.0,,,
1996-03-08,NALCO,EQ,26.0,26.0,26.25,25.95,,26.0,26.0,39300.0,1022000.0,,,
1996-03-11,NALCO,EQ,26.0,26.0,26.0,25.55,,25.7,25.66,15400.0,395000.0,,,
1996-03-12,NALCO,EQ,25.7,25.7,26.0,25.55,,25.95,25.75,20200.0,520000.0,,,
1996-03-13,NALCO,EQ,25.95,25.9,25.9,25.5,,25.55,25.55,1700.0,43000.0,,,
1996-03-14,NALCO,EQ,25.55,25.95,26.0,25.35,,25.9,25.89,110400.0,2858000.0,,,
1996-03-15,NALCO,EQ,25.9,25.45,25.75,25.25,,25.25,25.45,4200.0,107000.0,,,
1996-03-18,NALCO,EQ,25.25,24.25,24.25,23.3,,23.4,24.02,3500.0,84000.0,,,
1996-03-19,NALCO,EQ,23.4,23.4,23.95,22.2,,23.3,22.56,13800.0,311000.0,,,
1996-03-21,NALCO,EQ,23.3,23.3,24.45,23.25,,23.45,23.79,7500.0,178000.0,,,
1996-03-22,NALCO,EQ,23.45,23.45,23.4,22.75,,23.3,23.01,6100.0,140000.0,,,
1996-03-25,NALCO,EQ,23.3,23.3,24.05,23.0,,23.4,23.67,58300.0,1380000.0,,,
1996-03-26,NALCO,EQ,23.4,23.4,23.9,22.85,,22.9,23.15,6800.0,157000.0,,,
1996-03-27,NALCO,EQ,22.9,22.9,24.4,23.0,,23.25,23.19,3200.0,74000.0,,,
1996-03-28,NALCO,EQ,23.25,23.25,23.55,23.1,,23.5,23.41,11700.0,274000.0,,,
1996-03-29,NALCO,EQ,23.5,23.5,23.7,23.15,,23.5,23.45,5300.0,124000.0,,,
1996-04-01,NALCO,EQ,23.5,23.5,24.6,24.0,,24.35,24.43,6500.0,159000.0,,,
1996-04-02,NALCO,EQ,24.35,24.35,24.65,24.15,,24.65,24.43,19900.0,486000.0,,,
1996-04-03,NALCO,EQ,24.65,24.65,26.0,24.65,,25.05,25.2,64200.0,1618000.0,,,
1996-04-04,NALCO,EQ,25.05,25.05,25.5,24.35,,25.3,25.28,112700.0,2849000.0,,,
1996-04-08,NALCO,EQ,25.3,25.3,28.5,25.45,,28.5,28.1,151600.0,4260000.0,,,
1996-04-09,NALCO,EQ,28.5,28.5,30.5,28.05,,28.45,29.5,56900.0,1679000.0,,,
1996-04-10,NALCO,EQ,28.45,28.45,30.0,27.5,,27.9,28.98,63300.0,1834000.0,,,
1996-04-11,NALCO,EQ,27.9,27.9,27.95,26.7,,27.0,27.51,23100.0,635000.0,,,
1996-04-12,NALCO,EQ,27.0,27.0,29.5,27.5,,29.0,28.46,211100.0,6008000.0,,,
1996-04-15,NALCO,EQ,29.0,29.0,33.5,31.6,,32.9,32.84,594800.0,19531000.0,,,
1996-04-16,NALCO,EQ,32.9,30.45,33.2,30.45,,32.05,32.37,118800.0,3845000.0,,,
1996-04-17,NALCO,EQ,32.05,32.05,33.6,32.75,,33.25,33.21,141400.0,4696000.0,,,
1996-04-18,NALCO,EQ,33.25,33.25,34.05,32.9,,33.05,33.48,129500.0,4336000.0,,,
1996-04-19,NALCO,EQ,33.05,33.05,34.3,33.25,,34.05,33.88,206200.0,6986000.0,,,
1996-04-22,NALCO,EQ,34.05,34.2,36.0,34.0,,34.45,34.59,159600.0,5521000.0,,,
1996-04-23,NALCO,EQ,34.45,35.0,35.0,33.65,,34.25,34.24,142800.0,4889000.0,,,
1996-04-24,NALCO,EQ,34.25,33.4,36.5,33.4,,36.35,35.9,236100.0,8476000.0,,,
1996-04-25,NALCO,EQ,36.35,37.5,38.5,35.0,,35.3,36.62,146100.0,5350000.0,,,
1996-04-26,NALCO,EQ,35.3,35.3,36.5,34.0,,35.5,35.37,86400.0,3056000.0,,,
1996-04-29,NALCO,EQ,35.5,35.5,36.25,34.8,,35.95,35.52,126400.0,4489000.0,,,
1996-04-30,NALCO,EQ,35.95,35.95,36.5,35.7,,36.1,36.14,177900.0,6429000.0,,,
1996-05-01,NALCO,EQ,36.1,36.1,39.5,36.75,,37.95,38.11,115600.0,4406000.0,,,
1996-05-02,NALCO,EQ,37.95,37.95,38.0,37.0,,37.95,37.5,103500.0,3881000.0,,,
1996-05-03,NALCO,EQ,37.95,37.95,38.35,37.5,,38.0,38.0,103100.0,3918000.0,,,
1996-05-06,NALCO,EQ,38.0,38.0,38.0,37.5,,37.65,37.62,93900.0,3533000.0,,,
1996-05-07,NALCO,EQ,37.65,37.65,39.5,37.3,,39.15,38.42,122000.0,4687000.0,,,
1996-05-08,NALCO,EQ,39.15,39.15,40.0,38.0,,39.75,38.95,239700.0,9337000.0,,,
1996-05-09,NALCO,EQ,39.75,39.75,40.5,39.25,,40.2,39.97,358600.0,14334000.0,,,
1996-05-10,NALCO,EQ,40.2,38.25,38.9,37.1,,38.55,38.18,228100.0,8710000.0,,,
1996-05-13,NALCO,EQ,38.55,38.55,40.0,38.25,,40.0,39.56,302100.0,11950000.0,,,
1996-05-14,NALCO,EQ,40.0,40.0,39.95,39.0,,39.3,39.61,390600.0,15472000.0,,,
1996-05-15,NALCO,EQ,39.3,39.3,40.75,39.25,,40.25,40.06,158500.0,6349000.0,,,
1996-05-16,NALCO,EQ,40.25,40.25,43.5,40.8,,42.35,42.38,153600.0,6509000.0,,,
1996-05-17,NALCO,EQ,42.35,42.35,42.9,41.25,,41.45,41.69,78300.0,3264000.0,,,
1996-05-20,NALCO,EQ,41.45,41.45,41.3,40.05,,40.9,40.54,64400.0,2611000.0,,,
1996-05-21,NALCO,EQ,40.9,40.9,40.65,39.8,,40.15,40.1,149900.0,6011000.0,,,
1996-05-22,NALCO,EQ,40.15,40.15,41.5,40.15,,40.35,40.67,51900.0,2111000.0,,,
1996-05-23,NALCO,EQ,40.35,40.35,40.5,39.55,,40.15,40.12,101400.0,4068000.0,,,
1996-05-24,NALCO,EQ,40.15,40.15,40.9,39.95,,40.05,40.14,59200.0,2376000.0,,,
1996-05-27,NALCO,EQ,40.05,40.05,40.0,38.1,,38.65,38.64,59600.0,2303000.0,,,
1996-05-28,NALCO,EQ,38.65,38.65,40.0,37.05,,39.0,38.21,85500.0,3267000.0,,,
1996-05-29,NALCO,EQ,39.0,39.0,41.0,39.1,,40.65,40.41,263100.0,10631000.0,,,
1996-05-30,NALCO,EQ,40.65,40.65,41.4,40.1,,40.95,40.71,91700.0,3734000.0,,,
1996-05-31,NALCO,EQ,40.95,40.95,41.15,40.2,,40.25,40.99,384500.0,15762000.0,,,
1996-06-03,NALCO,EQ,40.25,40.25,42.2,40.35,,42.05,41.55,201900.0,8389000.0,,,
1996-06-04,NALCO,EQ,42.05,42.05,42.6,41.3,,42.45,41.86,575100.0,24073000.0,,,
1996-06-05,NALCO,EQ,42.45,44.0,46.2,43.95,,45.9,45.23,758000.0,34285000.0,,,
1996-06-06,NALCO,EQ,45.9,46.5,48.75,44.25,,44.55,45.67,446100.0,20372000.0,,,
1996-06-07,NALCO,EQ,44.55,44.5,46.5,44.1,,45.45,45.69,336600.0,15380000.0,,,
1996-06-10,NALCO,EQ,45.45,45.0,46.4,45.0,,46.15,46.04,514100.0,23668000.0,,,
1996-06-11,NALCO,EQ,46.15,45.55,46.3,45.55,,46.0,45.91,178500.0,8194000.0,,,
1996-06-12,NALCO,EQ,46.0,46.0,46.2,45.1,,45.45,45.84,134200.0,6152000.0,,,
1996-06-13,NALCO,EQ,45.45,45.85,45.9,44.6,,44.8,45.03,125500.0,5651000.0,,,
1996-06-14,NALCO,EQ,44.8,44.6,44.95,43.75,,44.25,44.26,97600.0,4319000.0,,,
1996-06-17,NALCO,EQ,44.25,44.75,46.5,39.85,,40.35,42.08,738000.0,31055000.0,,,
1996-06-18,NALCO,EQ,40.35,39.85,43.5,39.15,,41.05,41.52,847000.0,35166000.0,,,
1996-06-19,NALCO,EQ,41.05,42.9,43.0,40.0,,40.3,40.87,633700.0,25901000.0,,,
1996-06-20,NALCO,EQ,40.3,40.7,40.7,39.75,,40.3,40.16,95900.0,3852000.0,,,
1996-06-21,NALCO,EQ,40.3,40.0,40.55,39.85,,40.25,40.26,83000.0,3342000.0,,,
1996-06-24,NALCO,EQ,40.25,39.6,40.0,39.3,,39.9,39.63,82600.0,3274000.0,,,
1996-06-25,NALCO,EQ,39.9,39.75,39.75,37.85,,38.1,38.82,118600.0,4604000.0,,,
1996-06-26,NALCO,EQ,38.1,37.75,39.0,35.25,,36.05,36.35,231100.0,8400000.0,,,
1996-06-27,NALCO,EQ,36.05,35.0,37.5,35.0,,37.2,36.79,271900.0,10003000.0,,,
1996-06-28,NALCO,EQ,37.2,37.95,38.0,36.25,,36.35,36.78,115800.0,4259000.0,,,
1996-07-01,NALCO,EQ,36.35,36.0,36.25,35.2,,35.5,35.89,74000.0,2656000.0,,,
1996-07-02,NALCO,EQ,35.5,36.7,36.7,34.75,,34.95,35.11,73500.0,2580000.0,,,
1996-07-03,NALCO,EQ,34.95,34.05,34.05,32.6,,33.05,33.21,117300.0,3896000.0,,,
1996-07-04,NALCO,EQ,33.05,33.0,34.9,30.5,,34.25,33.3,242500.0,8076000.0,,,
1996-07-05,NALCO,EQ,34.25,33.8,34.75,33.25,,33.65,34.13,114800.0,3918000.0,,,
1996-07-08,NALCO,EQ,0.0,33.5,33.95,33.3,,33.45,33.59,95600.0,3211000.0,,,
1996-07-09,NALCO,EQ,33.45,33.9,33.9,30.0,,30.15,31.52,366300.0,11546000.0,,,
1996-07-10,NALCO,EQ,30.15,30.75,33.35,30.5,,33.35,32.88,147600.0,4854000.0,,,
1996-07-11,NALCO,EQ,33.35,34.1,35.75,34.1,,34.35,34.72,266200.0,9243000.0,,,
1996-07-12,NALCO,EQ,34.35,34.2,34.35,33.55,,34.1,33.9,106400.0,3607000.0,,,
1996-07-15,NALCO,EQ,34.1,35.75,35.75,33.05,,34.4,33.99,53900.0,1832000.0,,,
1996-07-16,NALCO,EQ,34.4,34.0,35.0,33.05,,34.6,34.1,144500.0,4927000.0,,,
1996-07-17,NALCO,EQ,34.6,34.7,34.7,34.2,,34.35,34.4,23300.0,801000.0,,,
1996-07-18,NALCO,EQ,34.35,34.85,34.85,34.15,,34.45,34.48,47200.0,1627000.0,,,
1996-07-19,NALCO,EQ,34.45,36.25,36.25,34.15,,34.5,34.53,12200.0,421000.0,,,
1996-07-22,NALCO,EQ,35.05,34.5,34.75,34.1,,34.75,34.48,10300.0,355000.0,,,
1996-07-23,NALCO,EQ,34.75,34.1,34.95,34.0,,34.65,34.24,91400.0,3130000.0,,,
1996-07-24,NALCO,EQ,34.65,32.5,34.0,31.2,,32.2,32.42,34300.0,1112000.0,,,
1996-07-25,NALCO,EQ,32.2,32.0,32.5,31.5,,31.7,31.93,32400.0,1035000.0,,,
1996-07-26,NALCO,EQ,31.7,31.5,31.95,30.5,,30.8,31.29,15800.0,494000.0,,,
1996-07-29,NALCO,EQ,30.8,30.8,30.8,29.0,,29.6,29.91,39300.0,1175000.0,,,
1996-07-30,NALCO,EQ,29.6,27.9,28.5,26.95,,27.7,27.51,69400.0,1910000.0,,,
1996-07-31,NALCO,EQ,27.7,27.55,30.5,27.25,,29.95,28.33,33500.0,949000.0,,,
1996-08-01,NALCO,EQ,29.95,32.5,32.85,29.65,,29.65,30.53,25900.0,791000.0,,,
1996-08-02,NALCO,EQ,29.65,29.0,29.95,29.0,,29.25,29.5,11900.0,351000.0,,,
1996-08-05,NALCO,EQ,29.25,29.25,29.7,29.05,,29.2,29.23,15900.0,465000.0,,,
1996-08-06,NALCO,EQ,29.2,28.8,29.45,28.5,,29.0,28.9,22400.0,647000.0,,,
1996-08-07,NALCO,EQ,29.0,29.2,29.2,28.25,,28.65,28.63,13500.0,387000.0,,,
1996-08-08,NALCO,EQ,28.65,29.0,29.0,28.2,,28.25,28.54,5500.0,157000.0,,,
1996-08-09,NALCO,EQ,28.25,28.95,29.5,28.05,,28.4,28.37,5200.0,148000.0,,,
1996-08-12,NALCO,EQ,28.4,28.25,28.5,28.15,,28.35,28.28,6400.0,181000.0,,,
1996-08-13,NALCO,EQ,28.35,28.0,28.1,27.35,,27.55,27.77,12300.0,342000.0,,,
1996-08-14,NALCO,EQ,27.55,27.5,27.95,27.15,,27.25,27.64,10100.0,279000.0,,,
1996-08-16,NALCO,EQ,27.25,25.75,27.7,25.65,,27.15,26.92,6900.0,186000.0,,,
1996-08-19,NALCO,EQ,27.15,27.5,27.5,26.0,,26.6,26.59,11200.0,298000.0,,,
1996-08-20,NALCO,EQ,26.6,26.3,26.5,25.15,,25.55,25.81,18200.0,470000.0,,,
1996-08-21,NALCO,EQ,25.55,26.0,27.15,26.0,,27.1,26.65,17900.0,477000.0,,,
1996-08-22,NALCO,EQ,27.1,27.0,27.7,27.0,,27.15,27.3,11200.0,306000.0,,,
1996-08-23,NALCO,EQ,27.15,27.95,30.0,27.5,,29.15,28.39,23400.0,664000.0,,,
1996-08-26,NALCO,EQ,29.15,30.45,30.45,28.75,,28.9,29.42,14900.0,438000.0,,,
1996-08-27,NALCO,EQ,28.9,29.0,29.0,27.8,,28.85,28.59,15000.0,429000.0,,,
1996-08-28,NALCO,EQ,28.85,29.0,29.65,29.0,,29.0,29.11,7600.0,221000.0,,,
1996-08-29,NALCO,EQ,29.0,29.5,29.8,29.15,,29.15,29.41,10500.0,309000.0,,,
1996-08-30,NALCO,EQ,29.15,29.15,29.2,28.0,,28.1,28.55,7100.0,203000.0,,,
1996-09-02,NALCO,EQ,28.1,28.05,28.8,28.05,,28.7,28.54,4200.0,120000.0,,,
1996-09-03,NALCO,EQ,28.7,28.5,29.05,28.0,,28.1,28.58,16300.0,466000.0,,,
1996-09-04,NALCO,EQ,28.1,28.0,28.45,28.0,,28.3,28.2,4100.0,116000.0,,,
1996-09-05,NALCO,EQ,28.3,28.45,28.9,28.45,,28.6,28.59,3500.0,100000.0,,,
1996-09-06,NALCO,EQ,28.6,28.8,29.1,28.45,,28.8,28.89,8700.0,251000.0,,,
1996-09-09,NALCO,EQ,28.8,28.15,29.4,28.15,,29.05,28.77,29500.0,849000.0,,,
1996-09-10,NALCO,EQ,29.05,28.75,29.2,28.55,,28.85,28.86,13500.0,390000.0,,,
1996-09-11,NALCO,EQ,28.85,28.85,29.0,28.6,,28.9,28.78,16800.0,484000.0,,,
1996-09-12,NALCO,EQ,28.9,28.5,28.75,27.6,,27.95,28.18,15000.0,423000.0,,,
1996-09-13,NALCO,EQ,27.95,27.55,28.0,27.05,,27.6,27.51,7300.0,201000.0,,,
1996-09-16,NALCO,EQ,27.6,27.2,27.6,27.1,,27.4,27.27,30500.0,832000.0,,,
1996-09-17,NALCO,EQ,27.4,27.55,27.95,27.5,,27.65,27.68,11900.0,329000.0,,,
1996-09-18,NALCO,EQ,27.65,27.6,28.0,27.3,,27.7,27.66,3600.0,100000.0,,,
1996-09-19,NALCO,EQ,27.7,28.0,28.9,28.0,,28.1,28.13,4200.0,118000.0,,,
1996-09-20,NALCO,EQ,28.1,27.55,27.85,27.5,,27.55,27.58,7500.0,207000.0,,,
1996-09-23,NALCO,EQ,27.55,27.25,27.25,26.75,,27.05,27.06,31900.0,863000.0,,,
1996-09-24,NALCO,EQ,27.05,27.1,27.5,26.75,,26.95,26.98,8300.0,224000.0,,,
1996-09-25,NALCO,EQ,26.95,28.0,28.4,27.1,,27.5,27.89,9800.0,273000.0,,,
1996-09-26,NALCO,EQ,27.5,27.5,27.7,27.15,,27.35,27.38,4600.0,126000.0,,,
1996-09-27,NALCO,EQ,27.35,27.0,27.1,26.8,,27.0,27.0,190800.0,5151000.0,,,
1996-09-30,NALCO,EQ,27.0,27.5,27.5,26.05,,27.0,26.99,109000.0,2942000.0,,,
1996-10-01,NALCO,EQ,27.0,26.7,27.0,26.5,,27.0,26.98,288600.0,7788000.0,,,
1996-10-03,NALCO,EQ,27.0,27.35,27.4,26.65,,26.65,26.71,11400.0,305000.0,,,
1996-10-04,NALCO,EQ,26.65,26.5,26.75,25.15,,25.15,26.34,13900.0,366000.0,,,
1996-10-07,NALCO,EQ,25.15,25.5,25.5,23.6,,25.0,24.89,36300.0,903000.0,,,
1996-10-08,NALCO,EQ,25.0,24.5,24.95,24.05,,24.7,24.56,11600.0,285000.0,,,
1996-10-09,NALCO,EQ,24.7,24.5,25.0,23.0,,23.0,23.42,16100.0,377000.0,,,
1996-10-10,NALCO,EQ,23.0,22.0,23.4,21.7,,23.0,21.93,115400.0,2530000.0,,,
1996-10-11,NALCO,EQ,23.0,24.0,24.25,23.55,,23.9,23.86,13000.0,310000.0,,,
1996-10-14,NALCO,EQ,23.9,23.1,23.95,22.55,,22.75,23.22,7100.0,165000.0,,,
1996-10-15,NALCO,EQ,22.75,22.5,24.15,22.5,,23.25,23.08,11800.0,272000.0,,,
1996-10-16,NALCO,EQ,23.25,23.25,23.75,22.8,,22.9,23.18,5200.0,121000.0,,,
1996-10-17,NALCO,EQ,22.9,21.5,23.0,21.5,,22.5,22.5,304500.0,6851000.0,,,
1996-10-18,NALCO,EQ,22.5,22.6,22.75,22.3,,22.75,22.62,1600.0,36000.0,,,
1996-10-22,NALCO,EQ,22.75,23.75,24.0,22.85,,24.0,23.72,10300.0,244000.0,,,
1996-10-23,NALCO,EQ,24.0,23.5,24.45,23.25,,24.0,24.05,10600.0,255000.0,,,
1996-10-24,NALCO,EQ,24.0,24.25,24.75,24.0,,24.15,24.17,16400.0,396000.0,,,
1996-10-25,NALCO,EQ,24.15,23.6,23.9,23.55,,23.55,23.63,4700.0,111000.0,,,
1996-10-28,NALCO,EQ,23.55,24.05,25.2,23.9,,24.65,24.97,519500.0,12974000.0,,,
1996-10-29,NALCO,EQ,24.65,24.5,24.7,24.25,,24.35,24.51,5200.0,127000.0,,,
1996-10-31,NALCO,EQ,24.35,24.25,24.7,24.25,,24.3,24.45,3000.0,73000.0,,,
1996-11-01,NALCO,EQ,24.3,24.25,24.75,24.25,,24.4,24.68,354400.0,8745000.0,,,
1996-11-04,NALCO,EQ,24.4,24.25,24.75,24.25,,24.55,24.31,2200.0,53000.0,,,
1996-11-05,NALCO,EQ,24.55,24.5,24.5,24.0,,24.05,24.18,5100.0,123000.0,,,
1996-11-06,NALCO,EQ,24.05,24.3,24.3,24.0,,24.2,24.21,2100.0,51000.0,,,
1996-11-07,NALCO,EQ,24.2,24.45,24.5,24.0,,24.15,24.19,1200.0,29000.0,,,
1996-11-08,NALCO,EQ,24.15,24.0,24.7,24.0,,24.05,24.14,3100.0,75000.0,,,
1996-11-10,NALCO,EQ,24.05,24.1,25.15,24.1,,24.85,24.88,3800.0,95000.0,,,
1996-11-11,NALCO,EQ,24.85,24.15,24.5,24.0,,24.05,24.14,3200.0,77000.0,,,
1996-11-13,NALCO,EQ,24.05,24.8,24.8,24.05,,24.05,24.3,2100.0,51000.0,,,
1996-11-14,NALCO,EQ,24.05,24.6,25.0,23.5,,24.5,24.23,10700.0,259000.0,,,
1996-11-15,NALCO,EQ,24.5,24.5,24.7,23.6,,24.25,24.02,27400.0,658000.0,,,
1996-11-18,NALCO,EQ,24.25,24.6,24.6,24.05,,24.35,24.39,5700.0,139000.0,,,
1996-11-19,NALCO,EQ,24.35,24.0,24.6,24.0,,24.45,24.35,8000.0,195000.0,,,
1996-11-20,NALCO,EQ,24.45,24.0,24.25,23.75,,24.2,24.04,19800.0,476000.0,,,
1996-11-21,NALCO,EQ,24.2,24.0,24.5,24.0,,24.5,24.14,5300.0,128000.0,,,
1996-11-22,NALCO,EQ,24.5,24.5,24.6,24.0,,24.25,24.25,6900.0,167000.0,,,
1996-11-25,NALCO,EQ,24.25,24.1,24.9,24.0,,24.75,24.41,12400.0,303000.0,,,
1996-11-26,NALCO,EQ,24.75,24.9,26.5,24.7,,26.1,25.88,56700.0,1467000.0,,,
1996-11-27,NALCO,EQ,26.1,25.5,26.4,25.0,,26.1,26.06,166100.0,4328000.0,,,
1996-11-28,NALCO,EQ,26.1,26.4,27.4,26.4,,26.7,27.18,219100.0,5955000.0,,,
1996-11-29,NALCO,EQ,26.7,26.95,27.0,26.25,,26.35,26.43,10100.0,267000.0,,,
1996-12-02,NALCO,EQ,26.35,26.2,26.7,25.7,,25.85,26.19,6600.0,173000.0,,,
1996-12-03,NALCO,EQ,25.85,25.5,25.65,25.0,,25.0,25.25,11900.0,300000.0,,,
1996-12-04,NALCO,EQ,25.0,25.0,25.4,24.4,,25.15,24.91,16400.0,409000.0,,,
1996-12-05,NALCO,EQ,25.15,25.0,25.75,25.0,,25.5,25.39,7000.0,178000.0,,,
1996-12-06,NALCO,EQ,25.5,26.15,26.3,25.95,,26.3,26.21,6700.0,176000.0,,,
1996-12-09,NALCO,EQ,26.3,25.8,26.8,25.75,,26.75,26.4,12500.0,330000.0,,,
1996-12-10,NALCO,EQ,26.75,26.5,27.85,26.25,,27.45,27.07,12900.0,349000.0,,,
1996-12-11,NALCO,EQ,27.45,27.25,27.25,26.65,,27.15,27.03,5400.0,146000.0,,,
1996-12-12,NALCO,EQ,27.15,27.0,27.6,27.0,,27.05,27.58,104900.0,2893000.0,,,
1996-12-13,NALCO,EQ,27.05,27.25,27.5,27.0,,27.3,27.29,59000.0,1610000.0,,,
1996-12-16,NALCO,EQ,27.3,27.5,28.0,27.5,,27.95,27.76,4600.0,128000.0,,,
1996-12-17,NALCO,EQ,27.95,28.0,28.95,28.0,,28.6,28.5,11600.0,331000.0,,,
1996-12-18,NALCO,EQ,28.6,30.25,30.6,29.5,,30.5,30.29,12300.0,373000.0,,,
1996-12-19,NALCO,EQ,30.5,30.5,30.5,29.5,,30.4,30.1,12100.0,364000.0,,,
1996-12-20,NALCO,EQ,30.4,30.5,32.5,30.1,,32.5,32.05,16600.0,532000.0,,,
1996-12-23,NALCO,EQ,32.5,32.5,33.5,31.25,,31.75,32.22,12500.0,403000.0,,,
1996-12-24,NALCO,EQ,31.75,31.5,32.0,30.3,,31.95,31.21,17700.0,552000.0,,,
1996-12-26,NALCO,EQ,31.95,33.25,33.25,32.0,,32.25,32.76,19600.0,642000.0,,,
1996-12-31,NALCO,EQ,32.25,33.1,33.1,30.0,,30.45,31.52,20300.0,640000.0,,,
1997-01-01,NALCO,EQ,30.45,32.1,32.6,32.0,,32.5,32.5,36700.0,1193000.0,,,
1997-01-02,NALCO,EQ,32.5,33.5,33.5,31.1,,31.55,32.21,20900.0,673000.0,,,
1997-01-03,NALCO,EQ,31.55,31.5,32.35,30.5,,32.0,31.47,24100.0,758000.0,,,
1997-01-06,NALCO,EQ,32.0,32.95,33.0,32.05,,32.35,32.57,30600.0,997000.0,,,
1997-01-07,NALCO,EQ,32.35,32.2,32.8,32.2,,32.55,32.49,36300.0,1180000.0,,,
1997-01-08,NALCO,EQ,32.55,33.0,34.05,32.5,,33.9,33.61,26800.0,901000.0,,,
1997-01-09,NALCO,EQ,33.9,34.0,36.3,34.0,,36.1,36.09,149700.0,5402000.0,,,
1997-01-10,NALCO,EQ,36.1,36.5,36.95,35.85,,36.15,36.37,85000.0,3091000.0,,,
1997-01-13,NALCO,EQ,36.15,36.3,36.45,34.7,,35.4,35.9,40700.0,1461000.0,,,
1997-01-14,NALCO,EQ,35.4,35.75,36.35,34.5,,34.6,34.91,65100.0,2273000.0,,,
1997-01-15,NALCO,EQ,34.6,35.5,36.3,34.6,,35.4,35.44,142200.0,5040000.0,,,
1997-01-16,NALCO,EQ,35.4,36.9,37.75,34.25,,34.6,35.71,167000.0,5964000.0,,,
1997-01-17,NALCO,EQ,34.6,34.0,34.5,32.2,,33.1,33.29,38400.0,1278000.0,,,
1997-01-20,NALCO,EQ,33.1,33.5,33.5,31.75,,32.6,32.66,22700.0,741000.0,,,
1997-01-21,NALCO,EQ,32.6,31.05,32.5,31.05,,31.7,31.93,66400.0,2120000.0,,,
1997-01-22,NALCO,EQ,31.7,31.55,33.4,31.55,,33.35,33.09,16900.0,559000.0,,,
1997-01-24,NALCO,EQ,33.35,32.85,33.4,32.8,,33.3,33.11,12400.0,411000.0,,,
1997-01-27,NALCO,EQ,33.3,33.8,35.25,33.8,,35.05,34.91,195200.0,6814000.0,,,
1997-01-28,NALCO,EQ,35.05,35.4,36.75,34.5,,36.05,35.56,132900.0,4726000.0,,,
1997-01-29,NALCO,EQ,36.05,35.0,36.5,34.75,,34.9,35.49,30100.0,1068000.0,,,
1997-01-30,NALCO,EQ,34.9,34.7,36.45,34.05,,35.75,35.32,74900.0,2645000.0,,,
1997-01-31,NALCO,EQ,35.75,35.05,35.35,34.35,,34.75,34.72,18100.0,628000.0,,,
1997-02-03,NALCO,EQ,34.75,33.85,34.25,33.5,,33.9,33.96,28000.0,951000.0,,,
1997-02-04,NALCO,EQ,33.9,32.75,35.5,32.75,,34.95,34.34,45300.0,1556000.0,,,
1997-02-05,NALCO,EQ,34.95,34.95,35.25,34.55,,34.7,34.88,9700.0,338000.0,,,
1997-02-06,NALCO,EQ,34.7,34.5,34.95,34.2,,34.95,34.55,14100.0,487000.0,,,
1997-02-07,NALCO,EQ,34.95,34.8,35.0,34.5,,34.9,34.77,7700.0,268000.0,,,
1997-02-10,NALCO,EQ,34.9,35.0,36.25,34.6,,35.95,35.46,51900.0,1840000.0,,,
1997-02-11,NALCO,EQ,35.95,36.0,37.75,35.5,,37.5,37.19,113100.0,4207000.0,,,
1997-02-12,NALCO,EQ,37.5,37.75,38.5,37.25,,37.6,37.71,59500.0,2244000.0,,,
1997-02-13,NALCO,EQ,37.6,38.0,38.1,37.15,,37.85,37.62,29300.0,1102000.0,,,
1997-02-14,NALCO,EQ,37.85,38.0,39.0,37.9,,38.4,38.53,96900.0,3733000.0,,,
1997-02-17,NALCO,EQ,38.4,38.55,38.75,38.25,,38.55,38.52,40600.0,1564000.0,,,
1997-02-18,NALCO,EQ,38.55,38.75,39.0,37.5,,37.7,37.9,52400.0,1986000.0,,,
1997-02-19,NALCO,EQ,37.7,37.55,37.85,36.55,,37.1,37.24,10600.0,395000.0,,,
1997-02-20,NALCO,EQ,37.1,37.1,38.1,36.5,,37.85,37.75,36200.0,1367000.0,,,
1997-02-21,NALCO,EQ,37.85,37.0,38.2,36.85,,37.2,37.72,24800.0,935000.0,,,
1997-02-24,NALCO,EQ,37.2,36.5,36.65,35.0,,35.05,35.97,9700.0,349000.0,,,
1997-02-25,NALCO,EQ,35.05,34.85,36.0,34.0,,35.7,35.27,18800.0,663000.0,,,
1997-02-26,NALCO,EQ,35.7,35.5,35.9,34.75,,35.55,35.39,14500.0,513000.0,,,
1997-02-27,NALCO,EQ,35.55,35.65,36.25,35.65,,36.0,35.98,27200.0,979000.0,,,
1997-02-28,NALCO,EQ,36.0,38.9,38.9,38.25,,38.65,38.72,32200.0,1247000.0,,,
1997-03-01,NALCO,EQ,36.35,41.35,41.4,41.35,,41.4,41.4,38400.0,1590000.0,,,
1997-03-03,NALCO,EQ,41.4,43.0,44.35,43.0,,44.35,44.13,65200.0,2877000.0,,,
1997-03-04,NALCO,EQ,44.35,44.6,44.6,42.75,,44.6,44.33,111500.0,4943000.0,,,
1997-03-05,NALCO,EQ,44.6,47.5,47.7,47.5,,47.7,47.7,140800.0,6716000.0,,,
1997-03-06,NALCO,EQ,47.7,47.7,50.5,46.4,,49.15,48.4,191200.0,9253000.0,,,
1997-03-10,NALCO,EQ,49.15,48.05,48.25,45.75,,45.95,46.77,159000.0,7436000.0,,,
1997-03-11,NALCO,EQ,45.95,46.0,46.8,45.15,,45.7,45.62,95300.0,4348000.0,,,
1997-03-12,NALCO,EQ,45.7,47.5,48.9,46.5,,48.9,48.02,130000.0,6242000.0,,,
1997-03-13,NALCO,EQ,48.9,49.0,49.75,47.75,,48.2,48.73,79000.0,3850000.0,,,
1997-03-14,NALCO,EQ,48.2,47.8,49.25,47.0,,49.1,48.76,408900.0,19939000.0,,,
1997-03-17,NALCO,EQ,49.1,49.0,50.3,48.7,,49.95,49.62,100200.0,4972000.0,,,
1997-03-18,NALCO,EQ,49.95,49.95,51.5,49.3,,50.75,50.18,139000.0,6975000.0,,,
1997-03-19,NALCO,EQ,50.75,51.75,51.9,49.25,,49.9,50.33,48100.0,2421000.0,,,
1997-03-20,NALCO,EQ,49.9,49.25,50.25,49.25,,49.85,49.92,52600.0,2626000.0,,,
1997-03-21,NALCO,EQ,49.85,50.1,50.7,49.5,,50.0,49.99,65900.0,3295000.0,,,
1997-03-25,NALCO,EQ,50.0,50.45,50.45,49.6,,50.05,49.91,82800.0,4132000.0,,,
1997-03-26,NALCO,EQ,50.05,50.0,50.0,48.5,,49.15,49.54,40300.0,1996000.0,,,
1997-03-27,NALCO,EQ,49.15,48.05,49.25,47.05,,48.9,48.06,107400.0,5162000.0,,,
1997-03-31,NALCO,EQ,48.9,45.5,45.5,44.2,,44.65,45.05,31300.0,1410000.0,,,
1997-04-01,NALCO,EQ,44.65,43.0,48.9,43.0,,46.3,45.77,81600.0,3735000.0,,,
1997-04-02,NALCO,EQ,46.3,49.2,49.5,48.65,,49.5,49.23,80900.0,3983000.0,,,
1997-04-03,NALCO,EQ,49.5,50.25,51.0,49.55,,49.8,50.13,89100.0,4467000.0,,,
1997-04-04,NALCO,EQ,49.8,49.85,49.85,48.75,,49.55,49.31,50900.0,2510000.0,,,
1997-04-07,NALCO,EQ,49.55,49.1,49.5,48.8,,49.2,49.27,118000.0,5814000.0,,,
1997-04-09,NALCO,EQ,49.2,51.9,52.65,51.0,,52.65,52.4,111500.0,5843000.0,,,
1997-04-10,NALCO,EQ,52.65,53.05,53.25,51.0,,51.85,52.25,122600.0,6406000.0,,,
1997-04-11,NALCO,EQ,51.85,50.0,52.0,49.25,,51.1,50.5,59000.0,2979000.0,,,
1997-04-12,NALCO,EQ,51.1,50.5,51.0,49.8,,50.3,50.41,28600.0,1442000.0,,,
1997-04-15,NALCO,EQ,50.3,51.0,51.4,49.3,,49.5,50.39,51400.0,2590000.0,,,
1997-04-17,NALCO,EQ,49.5,50.75,51.0,50.0,,51.0,50.86,680100.0,34589000.0,,,
1997-04-21,NALCO,EQ,51.0,51.1,52.6,50.9,,52.0,51.99,705900.0,36701000.0,,,
1997-04-22,NALCO,EQ,52.0,52.5,52.9,49.5,,51.0,51.2,177100.0,9067000.0,,,
1997-04-23,NALCO,EQ,51.0,49.5,49.5,47.45,,48.85,48.57,158400.0,7693000.0,,,
1997-04-24,NALCO,EQ,48.85,48.95,49.25,48.25,,49.0,48.81,78500.0,3831000.0,,,
1997-04-25,NALCO,EQ,49.0,48.65,49.0,47.9,,48.05,48.78,722300.0,35234000.0,,,
1997-04-28,NALCO,EQ,48.05,48.15,48.15,47.5,,47.6,47.75,230700.0,11017000.0,,,
1997-04-29,NALCO,EQ,47.6,48.0,48.0,47.0,,47.6,47.6,470200.0,22382000.0,,,
1997-04-30,NALCO,EQ,47.6,49.4,49.5,47.75,,47.8,48.72,47500.0,2314000.0,,,
1997-05-02,NALCO,EQ,47.8,47.5,48.45,47.2,,48.0,47.97,299900.0,14387000.0,,,
1997-05-05,NALCO,EQ,48.0,47.5,48.0,47.05,,47.1,47.39,23200.0,1100000.0,,,
1997-05-06,NALCO,EQ,47.1,46.5,47.3,46.4,,47.0,46.74,60400.0,2823000.0,,,
1997-05-07,NALCO,EQ,47.0,46.8,47.35,46.7,,47.1,46.95,65200.0,3061000.0,,,
1997-05-08,NALCO,EQ,47.1,46.75,47.1,46.55,,47.1,46.93,18500.0,868000.0,,,
1997-05-09,NALCO,EQ,47.1,47.7,48.5,46.9,,47.0,47.15,34800.0,1641000.0,,,
1997-05-12,NALCO,EQ,47.0,46.5,47.5,46.5,,47.4,47.06,29700.0,1398000.0,,,
1997-05-13,NALCO,EQ,47.4,47.85,47.95,46.75,,47.65,47.33,35000.0,1656000.0,,,
1997-05-14,NALCO,EQ,47.65,48.0,51.0,48.0,,50.95,50.49,75900.0,3832000.0,,,
1997-05-15,NALCO,EQ,50.95,52.4,52.5,48.55,,49.0,50.53,61600.0,3113000.0,,,
1997-05-16,NALCO,EQ,49.0,49.85,50.45,49.25,,49.6,49.92,29400.0,1468000.0,,,
1997-05-19,NALCO,EQ,49.6,50.5,50.5,49.1,,49.9,49.73,32100.0,1596000.0,,,
1997-05-20,NALCO,EQ,49.9,49.6,49.75,48.8,,48.9,49.51,108400.0,5367000.0,,,
1997-05-21,NALCO,EQ,48.9,49.4,49.4,48.1,,49.05,48.58,39000.0,1895000.0,,,
1997-05-22,NALCO,EQ,49.05,48.0,48.05,46.75,,47.95,47.66,37400.0,1782000.0,,,
1997-05-23,NALCO,EQ,47.95,47.5,48.25,47.5,,47.95,47.9,636500.0,30486000.0,,,
1997-05-26,NALCO,EQ,47.95,48.6,48.65,47.0,,47.3,47.4,10800.0,512000.0,,,
1997-05-27,NALCO,EQ,47.3,47.75,47.9,47.05,,47.3,47.29,27500.0,1301000.0,,,
1997-05-28,NALCO,EQ,47.3,47.45,49.0,47.0,,48.05,47.74,60500.0,2888000.0,,,
1997-05-29,NALCO,EQ,48.05,47.0,47.6,47.0,,47.5,47.39,17700.0,839000.0,,,
1997-05-30,NALCO,EQ,47.5,46.7,47.5,46.7,,47.25,47.16,14700.0,693000.0,,,
1997-06-02,NALCO,EQ,47.25,47.5,47.7,46.75,,47.0,47.23,16400.0,775000.0,,,
1997-06-03,NALCO,EQ,47.0,46.25,46.5,45.15,,45.7,46.24,195500.0,9039000.0,,,
1997-06-04,NALCO,EQ,45.7,47.5,48.9,46.1,,46.3,47.85,156500.0,7488000.0,,,
1997-06-05,NALCO,EQ,46.3,47.4,47.4,46.35,,46.55,46.75,19800.0,926000.0,,,
1997-06-06,NALCO,EQ,46.55,46.75,48.25,46.4,,47.85,47.7,84000.0,4007000.0,,,
1997-06-09,NALCO,EQ,47.85,46.85,47.65,45.75,,46.05,46.28,68700.0,3180000.0,,,
1997-06-10,NALCO,EQ,46.05,46.25,46.45,42.9,,44.25,43.79,356800.0,15625000.0,,,
1997-06-11,NALCO,EQ,44.25,43.8,44.95,43.25,,44.6,44.45,53500.0,2378000.0,,,
1997-06-12,NALCO,EQ,44.6,43.0,45.3,43.0,,44.7,43.19,1058800.0,45729000.0,,,
1997-06-13,NALCO,EQ,44.7,45.45,46.4,44.5,,46.0,45.69,50000.0,2284000.0,,,
1997-06-16,NALCO,EQ,46.0,45.75,45.75,44.8,,45.0,45.01,68400.0,3079000.0,,,
1997-06-17,NALCO,EQ,45.0,44.75,45.0,43.9,,44.7,44.31,91000.0,4032000.0,,,
1997-06-18,NALCO,EQ,44.7,45.2,45.9,45.0,,45.4,45.35,15500.0,703000.0,,,
1997-06-19,NALCO,EQ,45.4,45.45,45.45,44.05,,44.7,44.59,32500.0,1449000.0,,,
1997-06-20,NALCO,EQ,44.7,45.0,45.2,44.25,,44.95,44.74,15200.0,680000.0,,,
1997-06-23,NALCO,EQ,44.95,45.0,45.3,44.4,,44.5,44.52,11000.0,490000.0,,,
1997-06-24,NALCO,EQ,44.5,44.3,44.95,43.4,,44.05,44.01,541900.0,23849000.0,,,
1997-06-25,NALCO,EQ,44.05,44.9,44.9,43.75,,44.0,44.06,24600.0,1084000.0,,,
1997-06-26,NALCO,EQ,44.0,45.6,45.6,43.6,,44.05,44.08,17700.0,780000.0,,,
1997-06-27,NALCO,EQ,44.05,44.0,45.5,44.0,,45.35,45.02,60000.0,2701000.0,,,
1997-06-30,NALCO,EQ,45.35,45.0,45.7,44.8,,45.4,45.08,75600.0,3408000.0,,,
1997-07-01,NALCO,EQ,45.4,45.9,45.95,45.0,,45.2,45.15,19600.0,885000.0,,,
1997-07-02,NALCO,EQ,45.2,45.45,46.0,45.25,,45.75,45.77,20000.0,915000.0,,,
1997-07-03,NALCO,EQ,45.75,46.0,46.4,45.0,,45.1,45.14,285500.0,12889000.0,,,
1997-07-04,NALCO,EQ,45.1,46.25,46.25,44.5,,45.0,45.04,103700.0,4670000.0,,,
1997-07-07,NALCO,EQ,45.0,45.75,46.0,43.5,,43.95,44.94,25700.0,1155000.0,,,
1997-07-08,NALCO,EQ,43.95,44.0,44.0,41.0,,42.65,42.51,284800.0,12106000.0,,,
1997-07-09,NALCO,EQ,42.65,42.3,44.5,41.75,,42.25,42.38,112600.0,4772000.0,,,
1997-07-10,NALCO,EQ,42.25,44.0,44.45,42.75,,43.25,43.51,79900.0,3477000.0,,,
1997-07-11,NALCO,EQ,43.25,44.0,44.0,42.0,,43.05,43.19,61500.0,2656000.0,,,
1997-07-14,NALCO,EQ,43.05,44.0,44.0,41.75,,41.9,42.88,31200.0,1338000.0,,,
1997-07-15,NALCO,EQ,41.9,41.8,42.5,41.5,,42.05,41.95,56900.0,2387000.0,,,
1997-07-16,NALCO,EQ,42.05,43.5,43.5,42.5,,42.55,42.73,15200.0,649000.0,,,
1997-07-17,NALCO,EQ,42.55,42.0,42.5,41.5,,41.9,41.93,1192100.0,49986000.0,,,
1997-07-21,NALCO,EQ,41.9,42.0,42.3,40.75,,41.95,41.95,60400.0,2534000.0,,,
1997-07-22,NALCO,EQ,41.95,42.7,42.7,40.3,,42.0,41.98,517600.0,21727000.0,,,
1997-07-23,NALCO,EQ,42.0,44.25,44.95,40.25,,41.7,42.14,467900.0,19717000.0,,,
1997-07-24,NALCO,EQ,41.7,43.25,44.65,43.25,,44.5,44.55,223900.0,9974000.0,,,
1997-07-25,NALCO,EQ,44.5,44.3,44.75,43.7,,44.35,44.18,64500.0,2849000.0,,,
1997-07-28,NALCO,EQ,44.35,44.8,46.0,43.75,,44.2,44.83,127800.0,5729000.0,,,
1997-07-29,NALCO,EQ,44.2,46.25,46.25,44.0,,45.75,44.89,76900.0,3452000.0,,,
1997-07-30,NALCO,EQ,45.75,46.0,47.0,45.5,,46.35,46.31,179900.0,8332000.0,,,
1997-07-31,NALCO,EQ,46.35,46.9,47.9,46.3,,47.5,47.05,105500.0,4964000.0,,,
1997-08-01,NALCO,EQ,47.5,47.85,48.95,47.55,,48.5,48.12,163400.0,7862000.0,,,
1997-08-04,NALCO,EQ,48.5,49.0,51.0,48.5,,49.85,49.81,208100.0,10365000.0,,,
1997-08-05,NALCO,EQ,49.85,50.45,51.4,49.8,,50.45,50.75,211700.0,10743000.0,,,
1997-08-06,NALCO,EQ,50.45,50.95,51.0,50.25,,50.6,50.6,62500.0,3162000.0,,,
1997-08-07,NALCO,EQ,50.6,49.75,49.9,47.3,,48.5,48.92,197200.0,9647000.0,,,
1997-08-08,NALCO,EQ,48.5,48.15,49.5,48.05,,48.4,48.49,117200.0,5683000.0,,,
1997-08-11,NALCO,EQ,48.4,48.45,49.0,47.05,,47.5,47.74,154600.0,7381000.0,,,
1997-08-12,NALCO,EQ,47.5,48.0,48.95,48.0,,48.1,48.06,246300.0,11838000.0,,,
1997-08-13,NALCO,EQ,48.1,47.5,48.1,47.1,,47.35,47.45,107800.0,5115000.0,,,
1997-08-14,NALCO,EQ,47.35,46.55,47.4,46.5,,46.85,46.91,206400.0,9682000.0,,,
1997-08-18,NALCO,EQ,46.85,49.35,49.35,44.55,,44.9,45.3,54100.0,2451000.0,,,
1997-08-19,NALCO,EQ,44.9,45.0,45.4,43.75,,44.0,44.07,80200.0,3534000.0,,,
1997-08-20,NALCO,EQ,44.0,43.05,45.95,43.05,,45.4,44.67,202200.0,9031000.0,,,
1997-08-21,NALCO,EQ,45.4,45.1,45.7,42.55,,43.25,43.64,72700.0,3173000.0,,,
1997-08-22,NALCO,EQ,43.25,42.65,43.45,42.5,,42.75,42.74,83300.0,3560000.0,,,
1997-08-25,NALCO,EQ,42.75,42.1,44.15,42.05,,43.2,42.96,127600.0,5482000.0,,,
1997-08-26,NALCO,EQ,43.2,43.75,43.75,42.0,,42.65,42.97,201300.0,8649000.0,,,
1997-08-27,NALCO,EQ,42.65,43.5,44.75,43.5,,43.95,43.73,26100.0,1141000.0,,,
1997-08-28,NALCO,EQ,43.95,44.25,44.4,43.25,,44.0,43.92,10900.0,479000.0,,,
1997-08-29,NALCO,EQ,44.0,43.6,44.05,43.25,,43.35,43.6,12200.0,532000.0,,,
1997-09-01,NALCO,EQ,43.35,44.0,44.5,43.25,,43.45,43.67,9900.0,432000.0,,,
1997-09-02,NALCO,EQ,43.45,44.0,44.1,42.0,,42.15,42.93,27300.0,1172000.0,,,
1997-09-03,NALCO,EQ,42.15,43.75,44.1,43.25,,43.65,43.74,7900.0,346000.0,,,
1997-09-04,NALCO,EQ,43.65,43.6,44.6,43.55,,44.35,44.25,11400.0,504000.0,,,
1997-09-05,NALCO,EQ,44.35,45.0,45.55,44.1,,44.8,44.8,7000.0,314000.0,,,
1997-09-08,NALCO,EQ,44.8,44.1,44.7,44.0,,44.3,44.38,9800.0,435000.0,,,
1997-09-09,NALCO,EQ,44.3,44.75,44.75,43.7,,43.95,44.13,19900.0,878000.0,,,
1997-09-10,NALCO,EQ,43.95,43.65,44.4,43.35,,43.7,43.91,5000.0,220000.0,,,
1997-09-11,NALCO,EQ,43.7,44.0,44.6,43.9,,43.9,44.06,8800.0,388000.0,,,
1997-09-12,NALCO,EQ,43.9,44.0,44.0,43.1,,43.6,43.68,95500.0,4171000.0,,,
1997-09-15,NALCO,EQ,43.6,44.0,44.0,41.8,,41.85,42.4,11200.0,475000.0,,,
1997-09-16,NALCO,EQ,41.85,42.25,43.45,41.2,,41.9,42.82,62800.0,2689000.0,,,
1997-09-17,NALCO,EQ,41.9,42.0,42.2,41.55,,41.85,41.89,6800.0,285000.0,,,
1997-09-18,NALCO,EQ,41.85,42.4,42.4,41.0,,41.45,41.63,14800.0,616000.0,,,
1997-09-19,NALCO,EQ,41.45,41.5,41.5,41.25,,41.3,41.4,2400.0,99000.0,,,
1997-09-22,NALCO,EQ,41.3,40.5,40.9,40.0,,40.55,40.52,12200.0,494000.0,,,
1997-09-23,NALCO,EQ,40.55,40.9,42.0,40.2,,41.15,40.94,7800.0,319000.0,,,
1997-09-24,NALCO,EQ,41.15,42.25,42.5,41.75,,41.75,42.11,5700.0,240000.0,,,
1997-09-25,NALCO,EQ,41.75,40.0,42.0,40.0,,41.2,41.51,3400.0,141000.0,,,
1997-09-26,NALCO,EQ,41.2,41.1,41.4,41.1,,41.4,41.23,2600.0,107000.0,,,
1997-09-29,NALCO,EQ,41.4,41.0,42.0,41.0,,41.75,41.41,9600.0,398000.0,,,
1997-09-30,NALCO,EQ,41.75,41.45,42.75,41.45,,42.3,42.0,64700.0,2718000.0,,,
1997-10-01,NALCO,EQ,42.3,42.5,43.75,42.5,,42.95,43.07,10100.0,435000.0,,,
1997-10-09,NALCO,EQ,42.95,43.0,43.0,42.5,,42.6,42.61,7500.0,320000.0,,,
1997-10-10,NALCO,EQ,42.6,42.75,43.45,41.5,,41.6,42.22,11300.0,477000.0,,,
1997-10-13,NALCO,EQ,41.6,43.5,44.0,42.4,,42.75,42.67,11900.0,508000.0,,,
1997-10-14,NALCO,EQ,42.75,42.5,42.5,42.0,,42.25,42.09,30200.0,1271000.0,,,
1997-10-15,NALCO,EQ,42.25,42.25,42.85,42.25,,42.3,42.48,3800.0,161000.0,,,
1997-10-16,NALCO,EQ,42.3,43.0,43.1,42.5,,43.0,42.82,8200.0,351000.0,,,
1997-10-17,NALCO,EQ,43.0,41.5,42.95,41.5,,42.5,42.51,5500.0,234000.0,,,
1997-10-20,NALCO,EQ,42.5,41.1,42.55,41.1,,42.55,42.13,6800.0,286000.0,,,
1997-10-21,NALCO,EQ,42.55,42.0,43.5,41.75,,43.0,42.72,13300.0,568000.0,,,
1997-10-22,NALCO,EQ,43.0,43.8,43.8,42.5,,43.05,42.97,5200.0,223000.0,,,
1997-10-23,NALCO,EQ,43.05,42.75,43.5,42.5,,42.95,42.93,1217900.0,52281000.0,,,
1997-10-24,NALCO,EQ,42.95,42.5,43.1,42.25,,43.0,42.99,302600.0,13009000.0,,,
1997-10-27,NALCO,EQ,43.0,43.0,43.05,42.05,,42.9,42.97,58400.0,2510000.0,,,
1997-10-28,NALCO,EQ,42.9,42.05,43.2,39.9,,39.9,42.58,444500.0,18925000.0,,,
1997-10-29,NALCO,EQ,39.9,40.2,42.7,40.2,,42.2,42.1,8600.0,362000.0,,,
1997-10-30,NALCO,EQ,42.2,42.0,45.0,41.95,,42.95,42.73,8500.0,363000.0,,,
1997-11-03,NALCO,EQ,42.95,42.75,42.95,41.8,,42.0,42.46,8000.0,340000.0,,,
1997-11-04,NALCO,EQ,42.0,42.45,42.75,41.55,,42.0,42.63,153200.0,6531000.0,,,
1997-11-05,NALCO,EQ,42.0,41.75,42.05,41.35,,41.5,41.51,5800.0,241000.0,,,
1997-11-06,NALCO,EQ,41.5,42.0,43.0,41.05,,42.5,42.45,150900.0,6406000.0,,,
1997-11-07,NALCO,EQ,42.5,41.75,42.25,41.7,,42.1,42.0,10200.0,428000.0,,,
1997-11-10,NALCO,EQ,42.1,41.45,41.8,41.2,,41.3,41.55,40500.0,1683000.0,,,
1997-11-11,NALCO,EQ,41.3,41.7,42.1,40.0,,40.85,41.65,112500.0,4685000.0,,,
1997-11-12,NALCO,EQ,40.85,40.3,40.3,38.0,,38.3,38.92,12000.0,467000.0,,,
1997-11-13,NALCO,EQ,38.3,38.85,39.0,36.0,,36.4,37.34,29100.0,1086000.0,,,
1997-11-17,NALCO,EQ,36.4,36.0,36.75,35.25,,36.55,35.79,8200.0,293000.0,,,
1997-11-18,NALCO,EQ,36.55,36.5,36.5,35.7,,36.15,36.08,9900.0,357000.0,,,
1997-11-19,NALCO,EQ,36.15,37.0,37.0,33.7,,36.2,34.84,31100.0,1083000.0,,,
1997-11-20,NALCO,EQ,36.2,35.05,37.4,35.05,,37.0,36.9,7300.0,269000.0,,,
1997-11-21,NALCO,EQ,37.0,37.5,37.5,36.6,,37.15,37.33,5800.0,216000.0,,,
1997-11-24,NALCO,EQ,37.15,36.75,37.25,36.0,,36.55,36.77,21600.0,794000.0,,,
1997-11-25,NALCO,EQ,36.55,36.5,37.25,36.1,,36.7,36.63,8200.0,300000.0,,,
1997-11-26,NALCO,EQ,36.7,34.7,38.0,34.65,,37.95,37.55,21000.0,788000.0,,,
1997-11-27,NALCO,EQ,37.95,38.0,38.0,37.1,,37.4,37.31,4700.0,175000.0,,,
1997-11-28,NALCO,EQ,37.4,37.75,37.75,34.8,,34.8,35.46,78000.0,2766000.0,,,
1997-12-01,NALCO,EQ,34.8,33.15,33.75,32.4,,33.05,32.59,46700.0,1522000.0,,,
1997-12-02,NALCO,EQ,33.05,33.0,33.0,31.25,,31.9,31.98,9100.0,291000.0,,,
1997-12-03,NALCO,EQ,31.9,33.0,33.25,32.25,,33.0,32.88,1800.0,59000.0,,,
1997-12-04,NALCO,EQ,33.0,33.85,33.85,32.75,,33.4,33.3,9900.0,330000.0,,,
1997-12-05,NALCO,EQ,33.4,33.0,33.0,32.5,,32.6,32.66,10500.0,343000.0,,,
1997-12-08,NALCO,EQ,32.6,32.3,32.6,31.75,,32.0,32.1,6200.0,199000.0,,,
1997-12-09,NALCO,EQ,32.0,31.8,32.85,31.25,,32.3,31.26,307400.0,9610000.0,,,
1997-12-10,NALCO,EQ,32.3,31.5,31.9,30.85,,31.7,31.29,4700.0,147000.0,,,
1997-12-11,NALCO,EQ,31.7,31.1,31.4,29.5,,29.6,29.67,318800.0,9458000.0,,,
1997-12-12,NALCO,EQ,29.6,30.8,30.8,28.05,,28.5,29.44,19600.0,577000.0,,,
1997-12-15,NALCO,EQ,28.5,28.5,29.25,28.0,,28.5,28.78,37700.0,1085000.0,,,
1997-12-16,NALCO,EQ,28.5,29.45,29.85,29.0,,29.35,29.48,19300.0,569000.0,,,
1997-12-17,NALCO,EQ,29.35,29.2,29.9,29.0,,29.0,29.12,26600.0,774000.0,,,
1997-12-18,NALCO,EQ,29.0,29.0,29.3,28.8,,28.95,28.99,30600.0,887000.0,,,
1997-12-19,NALCO,EQ,28.95,29.0,29.05,28.6,,28.75,28.9,342800.0,9906000.0,,,
1997-12-22,NALCO,EQ,28.75,30.35,30.35,28.4,,28.55,28.85,101600.0,2932000.0,,,
1997-12-23,NALCO,EQ,28.55,29.5,30.0,28.75,,29.3,28.97,10000.0,290000.0,,,
1997-12-24,NALCO,EQ,29.3,31.0,31.25,28.8,,29.05,29.41,15100.0,444000.0,,,
1997-12-26,NALCO,EQ,29.05,31.0,31.0,29.15,,29.3,29.48,24700.0,728000.0,,,
1997-12-29,NALCO,EQ,29.3,30.5,30.9,29.7,,29.95,30.11,26900.0,810000.0,,,
1997-12-30,NALCO,EQ,29.95,30.0,30.0,29.5,,29.8,29.74,19900.0,592000.0,,,
1997-12-31,NALCO,EQ,29.8,30.0,30.0,29.8,,30.0,29.98,22300.0,668000.0,,,
1998-01-01,NALCO,EQ,30.0,30.0,31.65,29.9,,31.15,30.79,47900.0,1475000.0,,,
1998-01-02,NALCO,EQ,31.15,31.75,33.2,30.75,,31.0,31.9,82300.0,2626000.0,,,
1998-01-05,NALCO,EQ,31.0,32.25,32.5,30.75,,31.55,31.41,163800.0,5145000.0,,,
1998-01-06,NALCO,EQ,31.55,31.7,31.75,30.7,,30.95,31.05,122500.0,3803000.0,,,
1998-01-07,NALCO,EQ,30.95,32.0,32.5,29.75,,30.1,31.27,135600.0,4240000.0,,,
1998-01-08,NALCO,EQ,30.1,31.0,31.0,29.5,,29.5,29.72,90900.0,2702000.0,,,
1998-01-09,NALCO,EQ,29.5,29.05,32.0,27.75,,28.0,28.62,285100.0,8158000.0,,,
1998-01-12,NALCO,EQ,28.0,27.8,28.0,26.0,,27.4,27.45,42700.0,1172000.0,,,
1998-01-13,NALCO,EQ,27.4,28.85,29.0,27.4,,28.7,28.49,552000.0,15727000.0,,,
1998-01-14,NALCO,EQ,28.7,29.95,29.95,27.9,,28.05,28.32,19100.0,541000.0,,,
1998-01-15,NALCO,EQ,28.05,28.9,28.9,26.5,,27.0,27.42,157600.0,4321000.0,,,
1998-01-16,NALCO,EQ,27.0,26.75,27.9,26.75,,27.15,27.5,302200.0,8312000.0,,,
1998-01-19,NALCO,EQ,27.15,27.05,27.95,27.0,,27.65,27.52,20700.0,570000.0,,,
1998-01-20,NALCO,EQ,27.65,28.0,28.0,27.25,,27.3,27.39,21100.0,578000.0,,,
1998-01-21,NALCO,EQ,27.3,28.45,28.5,27.65,,28.25,27.98,8000.0,224000.0,,,
1998-01-22,NALCO,EQ,28.25,28.0,28.25,27.9,,28.0,28.03,7100.0,199000.0,,,
1998-01-23,NALCO,EQ,28.0,27.45,27.9,27.35,,27.7,27.65,5400.0,149000.0,,,
1998-01-27,NALCO,EQ,27.7,27.65,27.7,25.5,,25.85,26.07,179100.0,4670000.0,,,
1998-01-28,NALCO,EQ,25.85,25.5,26.4,25.3,,26.15,25.94,16400.0,425000.0,,,
1998-01-29,NALCO,EQ,26.15,25.9,27.0,25.65,,26.15,26.03,24900.0,648000.0,,,
1998-01-30,NALCO,EQ,26.15,26.05,26.55,25.85,,26.25,26.19,5500.0,144000.0,,,
1998-02-02,NALCO,EQ,26.25,27.0,27.15,26.05,,26.95,26.72,50400.0,1347000.0,,,
1998-02-03,NALCO,EQ,26.95,27.45,27.8,25.5,,25.8,26.49,74900.0,1984000.0,,,
1998-02-04,NALCO,EQ,25.8,26.15,26.25,25.1,,25.25,25.76,43700.0,1126000.0,,,
1998-02-05,NALCO,EQ,25.25,25.55,26.25,25.45,,26.0,25.85,101400.0,2621000.0,,,
1998-02-06,NALCO,EQ,26.0,25.95,26.25,25.6,,26.2,25.95,15100.0,392000.0,,,
1998-02-09,NALCO,EQ,26.2,25.8,26.1,25.7,,26.05,25.95,18100.0,470000.0,,,
1998-02-10,NALCO,EQ,26.05,25.65,26.5,25.65,,26.15,25.93,120800.0,3133000.0,,,
1998-02-11,NALCO,EQ,26.15,26.25,26.8,26.25,,26.5,26.28,48100.0,1264000.0,,,
1998-02-12,NALCO,EQ,26.5,26.5,26.65,26.3,,26.45,26.46,5900.0,156000.0,,,
1998-02-13,NALCO,EQ,26.45,26.5,26.6,26.25,,26.35,26.3,7600.0,200000.0,,,
1998-02-17,NALCO,EQ,26.35,26.6,28.75,26.25,,27.5,27.4,65000.0,1781000.0,,,
1998-02-18,NALCO,EQ,27.5,27.5,27.65,26.75,,26.75,26.99,203800.0,5501000.0,,,
1998-02-19,NALCO,EQ,26.75,26.55,27.4,26.55,,27.25,27.14,6000.0,163000.0,,,
1998-02-20,NALCO,EQ,27.25,27.75,27.85,27.2,,27.35,27.51,7700.0,212000.0,,,
1998-02-23,NALCO,EQ,27.35,27.35,28.0,27.35,,27.9,27.87,17800.0,496000.0,,,
1998-02-24,NALCO,EQ,27.9,27.55,27.9,27.0,,27.3,27.32,21300.0,582000.0,,,
1998-02-25,NALCO,EQ,27.3,27.95,28.95,27.75,,28.1,28.21,64300.0,1814000.0,,,
1998-02-26,NALCO,EQ,28.1,28.0,28.3,27.75,,28.0,27.99,36500.0,1022000.0,,,
1998-02-27,NALCO,EQ,28.0,28.05,28.4,27.7,,28.1,28.01,47900.0,1342000.0,,,
1998-03-02,NALCO,EQ,28.1,28.0,28.95,28.0,,28.7,28.64,18800.0,538000.0,,,
1998-03-03,NALCO,EQ,28.7,27.1,28.3,26.0,,26.35,27.32,26700.0,729000.0,,,
1998-03-04,NALCO,EQ,26.35,27.5,28.3,27.0,,27.2,27.41,34300.0,940000.0,,,
1998-03-05,NALCO,EQ,27.2,26.5,27.85,26.5,,27.45,27.46,13400.0,368000.0,,,
1998-03-06,NALCO,EQ,27.45,27.15,27.7,27.1,,27.3,27.32,28400.0,776000.0,,,
1998-03-09,NALCO,EQ,27.3,27.5,28.2,27.1,,27.5,27.59,137900.0,3805000.0,,,
1998-03-10,NALCO,EQ,27.5,28.0,28.1,27.3,,27.5,27.67,106200.0,2939000.0,,,
1998-03-11,NALCO,EQ,27.5,27.2,28.5,27.2,,27.45,27.58,32400.0,894000.0,,,
1998-03-12,NALCO,EQ,27.45,27.5,27.75,27.15,,27.6,27.48,13100.0,360000.0,,,
1998-03-16,NALCO,EQ,27.6,28.0,28.4,27.9,,28.0,28.17,9800.0,276000.0,,,
1998-03-17,NALCO,EQ,28.0,27.8,28.0,27.35,,27.5,27.77,43100.0,1197000.0,,,
1998-03-18,NALCO,EQ,27.5,29.0,30.25,28.6,,29.3,29.4,99600.0,2929000.0,,,
1998-03-19,NALCO,EQ,29.3,31.5,31.5,28.0,,28.5,28.99,42700.0,1238000.0,,,
1998-03-20,NALCO,EQ,28.5,28.75,29.65,28.0,,28.2,28.23,63700.0,1799000.0,,,
1998-03-23,NALCO,EQ,28.2,28.0,28.45,27.35,28.45,28.45,28.0,3100.0,87000.0,,,
1998-03-24,NALCO,EQ,28.45,29.0,29.0,27.5,27.5,27.85,28.17,62100.0,1749000.0,,,
1998-03-25,NALCO,EQ,27.85,28.35,29.95,28.35,29.75,29.8,29.59,78200.0,2314000.0,,,
1998-03-26,NALCO,EQ,29.8,30.0,32.25,28.7,28.7,28.85,29.82,60300.0,1798000.0,,,
1998-03-27,NALCO,EQ,28.85,27.0,29.7,26.05,28.95,28.75,28.15,60500.0,1703000.0,,,
1998-03-30,NALCO,EQ,28.75,29.5,31.0,28.7,28.7,28.75,28.97,147700.0,4279000.0,,,
1998-03-31,NALCO,EQ,28.75,28.75,28.85,27.6,28.0,27.9,28.22,66300.0,1871000.0,,,
1998-04-01,NALCO,EQ,27.9,29.7,29.9,28.5,29.25,29.0,28.83,25900.0,747000.0,,,
1998-04-02,NALCO,EQ,29.0,28.5,29.4,28.5,29.0,29.2,29.14,14700.0,428000.0,,,
1998-04-03,NALCO,EQ,29.2,29.75,29.75,28.2,28.5,28.35,28.83,31900.0,920000.0,,,
1998-04-06,NALCO,EQ,28.35,28.0,29.35,28.0,28.85,28.95,28.72,99900.0,2869000.0,,,
1998-04-07,NALCO,EQ,28.95,28.9,31.75,28.9,31.0,30.45,30.19,100600.0,3037000.0,,,
1998-04-09,NALCO,EQ,30.45,30.7,33.5,30.7,32.0,32.0,32.54,152800.0,4972000.0,,,
1998-04-10,NALCO,EQ,32.0,33.0,34.7,32.3,33.65,33.5,33.33,199800.0,6660000.0,,,
1998-04-13,NALCO,EQ,33.5,32.95,33.8,32.5,33.75,33.15,33.01,151200.0,4991000.0,,,
1998-04-15,NALCO,EQ,33.15,36.0,36.5,35.5,36.5,36.5,36.47,247000.0,9009000.0,,,
1998-04-16,NALCO,EQ,36.5,37.0,38.0,34.25,34.5,34.8,36.55,332600.0,12157000.0,,,
1998-04-17,NALCO,EQ,34.8,35.75,35.8,33.5,35.5,35.3,34.65,211000.0,7312000.0,,,
1998-04-20,NALCO,EQ,35.3,36.4,36.45,33.2,33.2,34.0,34.9,216400.0,7551000.0,,,
1998-04-21,NALCO,EQ,34.0,34.0,34.4,33.0,33.95,33.25,33.57,221600.0,7440000.0,,,
1998-04-22,NALCO,EQ,33.25,35.5,36.4,32.3,32.5,32.5,34.18,164400.0,5619000.0,,,
1998-04-23,NALCO,EQ,32.5,32.0,32.6,29.85,31.0,30.6,30.83,174900.0,5393000.0,,,
1998-04-24,NALCO,EQ,30.6,30.35,31.2,30.05,30.5,30.6,30.64,50800.0,1556000.0,,,
1998-04-27,NALCO,EQ,30.6,30.5,31.9,30.0,31.25,31.45,31.17,717500.0,22364000.0,,,
1998-04-28,NALCO,EQ,31.45,30.3,31.25,30.0,31.0,31.05,30.69,127800.0,3922000.0,,,
1998-04-29,NALCO,EQ,31.05,31.5,33.0,31.5,33.0,32.75,32.16,78800.0,2534000.0,,,
1998-04-30,NALCO,EQ,32.75,32.0,35.5,31.6,35.5,34.7,33.88,117800.0,3991000.0,,,
1998-05-04,NALCO,EQ,34.7,34.9,35.0,33.15,33.85,33.7,33.82,41900.0,1417000.0,,,
1998-05-05,NALCO,EQ,33.7,33.15,33.5,32.6,33.4,33.2,32.98,46200.0,1524000.0,,,
1998-05-06,NALCO,EQ,33.2,33.0,33.5,32.4,32.85,32.7,33.07,19500.0,645000.0,,,
1998-05-08,NALCO,EQ,32.7,33.25,33.25,30.5,30.5,31.0,31.92,37800.0,1207000.0,,,
1998-05-11,NALCO,EQ,31.0,30.75,31.4,30.3,31.1,31.15,31.03,21800.0,676000.0,,,
1998-05-12,NALCO,EQ,31.15,30.75,30.8,29.5,30.5,30.05,29.92,51500.0,1541000.0,,,
1998-05-13,NALCO,EQ,30.05,30.0,30.5,28.55,28.55,28.95,29.52,51300.0,1514000.0,,,
1998-05-14,NALCO,EQ,28.95,29.5,29.8,28.6,29.8,29.6,29.28,22100.0,647000.0,,,
1998-05-15,NALCO,EQ,29.6,29.95,30.2,29.5,29.75,29.8,29.83,39400.0,1175000.0,,,
1998-05-18,NALCO,EQ,29.8,29.15,30.45,29.15,30.0,30.0,30.09,22300.0,671000.0,,,
1998-05-19,NALCO,EQ,30.0,29.6,30.0,29.25,29.6,29.85,29.75,28700.0,854000.0,,,
1998-05-20,NALCO,EQ,29.85,30.55,31.2,30.0,31.2,30.8,30.58,69100.0,2113000.0,,,
1998-05-21,NALCO,EQ,30.8,30.15,30.6,29.5,30.25,30.25,30.03,32100.0,964000.0,,,
1998-05-22,NALCO,EQ,30.25,30.0,30.9,29.5,29.65,29.75,29.95,17900.0,536000.0,,,
1998-05-25,NALCO,EQ,29.75,29.0,29.0,26.8,26.9,27.05,27.58,91100.0,2512000.0,,,
1998-05-26,NALCO,EQ,27.05,26.0,27.25,26.0,26.8,26.35,26.6,43200.0,1149000.0,,,
1998-05-27,NALCO,EQ,26.35,27.0,28.0,26.75,27.4,27.25,27.25,20600.0,561000.0,,,
1998-05-28,NALCO,EQ,27.25,27.5,27.5,26.5,26.6,26.6,26.85,21100.0,566000.0,,,
1998-05-29,NALCO,EQ,26.6,26.0,27.9,25.5,27.9,27.35,26.36,112300.0,2960000.0,,,
1998-06-01,NALCO,EQ,27.35,28.0,30.0,27.1,27.3,27.25,28.9,86500.0,2500000.0,,,
1998-06-02,NALCO,EQ,27.25,28.0,28.65,27.05,27.05,27.25,27.86,75500.0,2104000.0,,,
1998-06-03,NALCO,EQ,27.25,28.0,28.75,26.55,27.0,27.1,27.39,76500.0,2095000.0,,,
1998-06-04,NALCO,EQ,27.1,27.5,27.5,25.5,25.5,25.5,26.59,58300.0,1550000.0,,,
1998-06-05,NALCO,EQ,25.5,25.1,25.45,23.95,23.95,24.4,24.81,56500.0,1402000.0,,,
1998-06-08,NALCO,EQ,24.4,25.9,25.9,23.5,24.65,24.75,25.15,106600.0,2680000.0,,,
1998-06-09,NALCO,EQ,24.75,24.5,24.5,23.75,24.0,24.1,24.04,83600.0,2010000.0,,,
1998-06-10,NALCO,EQ,24.1,24.95,25.0,23.9,23.9,23.9,24.09,32700.0,788000.0,,,
1998-06-11,NALCO,EQ,23.9,22.25,23.2,22.2,23.0,23.0,22.82,190900.0,4357000.0,,,
1998-06-12,NALCO,EQ,23.0,24.25,24.9,22.75,23.25,23.25,23.48,44500.0,1045000.0,,,
1998-06-15,NALCO,EQ,23.25,24.0,24.0,21.85,22.0,21.95,22.02,175300.0,3861000.0,,,
1998-06-16,NALCO,EQ,21.95,23.05,23.05,20.05,22.25,21.55,22.33,60600.0,1353000.0,,,
1998-06-17,NALCO,EQ,21.55,22.2,23.0,22.2,22.3,22.3,22.6,42500.0,960000.0,,,
1998-06-18,NALCO,EQ,22.3,23.25,23.25,22.0,22.0,22.1,22.45,25400.0,570000.0,,,
1998-06-19,NALCO,EQ,22.1,20.5,21.4,20.0,21.05,21.05,20.92,13200.0,276000.0,,,
1998-06-22,NALCO,EQ,21.05,19.95,20.5,19.5,20.4,20.25,19.98,18100.0,362000.0,,,
1998-06-23,NALCO,EQ,20.25,19.05,20.9,19.0,20.25,20.05,20.23,30400.0,615000.0,,,
1998-06-24,NALCO,EQ,20.05,21.0,21.65,21.0,21.65,21.65,21.22,7600.0,161000.0,,,
1998-06-25,NALCO,EQ,21.65,22.4,22.75,21.75,22.0,21.95,22.15,10400.0,230000.0,,,
1998-06-26,NALCO,EQ,21.95,20.8,22.15,20.75,21.45,21.7,21.71,32900.0,714000.0,,,
1998-06-29,NALCO,EQ,21.7,21.4,22.0,21.35,22.0,22.0,21.7,7600.0,165000.0,,,
1998-06-30,NALCO,EQ,22.0,21.3,21.45,19.8,19.9,20.0,20.46,110200.0,2255000.0,,,
1998-07-01,NALCO,EQ,20.0,20.0,21.0,20.0,20.0,20.1,20.52,72500.0,1488000.0,,,
1998-07-02,NALCO,EQ,20.1,19.55,20.0,19.2,19.45,19.45,19.46,88300.0,1719000.0,,,
1998-07-03,NALCO,EQ,19.45,18.5,19.5,18.5,19.0,19.05,19.17,55700.0,1068000.0,,,
1998-07-06,NALCO,EQ,19.05,19.75,19.75,18.9,19.1,19.05,19.08,26200.0,500000.0,,,
1998-07-07,NALCO,EQ,19.05,19.0,19.2,18.5,18.5,18.65,18.84,42400.0,799000.0,,,
1998-07-08,NALCO,EQ,18.65,19.8,19.8,18.95,19.0,19.0,19.1,18100.0,346000.0,,,
1998-07-09,NALCO,EQ,19.0,19.0,19.2,18.55,18.85,18.9,18.86,61000.0,1150000.0,,,
1998-07-10,NALCO,EQ,18.9,18.9,19.0,18.0,18.0,18.15,18.19,105400.0,1917000.0,,,
1998-07-13,NALCO,EQ,18.15,18.7,19.5,18.3,18.55,18.55,18.8,90800.0,1707000.0,,,
1998-07-14,NALCO,EQ,18.55,18.7,18.7,18.0,18.15,18.05,18.22,160500.0,2924000.0,,,
1998-07-15,NALCO,EQ,18.05,18.3,18.5,17.95,18.0,18.0,18.04,133700.0,2412000.0,,,
1998-07-16,NALCO,EQ,18.0,18.4,19.7,17.5,19.4,19.35,18.41,114000.0,2098000.0,,,
1998-07-17,NALCO,EQ,19.35,19.05,19.5,18.3,18.5,18.5,18.93,48000.0,909000.0,,,
1998-07-20,NALCO,EQ,18.5,18.0,18.5,17.5,17.75,17.75,17.76,66400.0,1179000.0,,,
1998-07-21,NALCO,EQ,17.75,17.5,17.6,16.75,17.15,17.35,17.47,182400.0,3187000.0,,,
1998-07-22,NALCO,EQ,17.35,17.5,18.0,17.2,17.2,17.3,17.57,19800.0,348000.0,,,
1998-07-23,NALCO,EQ,17.3,17.1,17.55,16.8,17.0,17.0,17.03,46300.0,789000.0,,,
1998-07-24,NALCO,EQ,17.0,17.0,17.2,16.6,17.0,17.0,16.89,42400.0,716000.0,,,
1998-07-27,NALCO,EQ,17.0,17.0,17.0,16.15,16.55,16.4,16.47,31100.0,512000.0,,,
1998-07-28,NALCO,EQ,16.4,16.3,16.55,16.0,16.0,16.1,16.32,21100.0,344000.0,,,
1998-07-29,NALCO,EQ,16.1,16.6,16.85,16.3,16.8,16.75,16.53,47900.0,792000.0,,,
1998-07-30,NALCO,EQ,16.75,16.8,18.2,16.8,18.2,17.9,17.65,21600.0,381000.0,,,
1998-07-31,NALCO,EQ,17.9,16.85,18.35,16.75,18.35,18.0,17.93,81800.0,1466000.0,,,
1998-08-03,NALCO,EQ,18.0,17.6,19.2,17.6,19.0,18.75,18.55,157900.0,2930000.0,,,
1998-08-04,NALCO,EQ,18.75,18.85,19.15,18.15,18.4,18.35,18.76,58300.0,1094000.0,,,
1998-08-05,NALCO,EQ,18.35,19.85,21.2,19.0,21.05,20.75,20.05,94500.0,1895000.0,,,
1998-08-06,NALCO,EQ,20.75,20.95,22.45,20.9,22.45,22.2,21.93,309800.0,6795000.0,,,
1998-08-07,NALCO,EQ,22.2,22.5,24.0,22.5,24.0,24.0,23.65,59100.0,1398000.0,,,
1998-08-10,NALCO,EQ,24.0,24.0,25.95,23.55,25.95,25.95,24.72,456400.0,11284000.0,,,
1998-08-11,NALCO,EQ,25.95,25.0,25.0,23.9,23.9,23.9,24.42,32500.0,794000.0,,,
1998-08-12,NALCO,EQ,23.9,22.25,23.0,22.0,22.0,22.0,22.29,74100.0,1652000.0,,,
1998-08-13,NALCO,EQ,22.0,20.35,22.45,20.3,21.5,21.95,21.48,75100.0,1613000.0,,,
1998-08-14,NALCO,EQ,21.95,22.35,22.35,21.25,21.25,21.35,21.51,23400.0,503000.0,,,
1998-08-17,NALCO,EQ,21.35,21.2,21.2,20.25,20.4,20.4,20.65,24600.0,508000.0,,,
1998-08-18,NALCO,EQ,20.4,20.2,20.3,19.55,20.15,20.2,19.98,41600.0,831000.0,,,
1998-08-19,NALCO,EQ,20.2,20.0,20.2,19.8,20.0,20.0,20.02,23800.0,476000.0,,,
1998-08-20,NALCO,EQ,20.0,20.2,20.4,19.9,20.0,19.95,20.0,40100.0,802000.0,,,
1998-08-21,NALCO,EQ,19.95,20.0,20.4,19.85,20.0,20.15,20.15,14400.0,290000.0,,,
1998-08-24,NALCO,EQ,20.15,19.8,21.8,19.75,21.15,21.1,20.95,91000.0,1907000.0,,,
1998-08-25,NALCO,EQ,21.1,20.9,21.5,20.6,20.8,20.65,21.01,463700.0,9742000.0,,,
1998-08-27,NALCO,EQ,20.65,21.65,21.9,19.9,20.25,20.2,20.33,25400.0,516000.0,,,
1998-08-28,NALCO,EQ,20.2,19.4,19.9,18.6,18.6,18.9,19.29,50400.0,972000.0,,,
1998-08-31,NALCO,EQ,18.9,18.45,18.45,17.8,18.05,18.0,18.06,35500.0,641000.0,,,
1998-09-01,NALCO,EQ,18.0,17.0,17.75,17.0,17.45,17.35,17.46,76300.0,1332000.0,,,
1998-09-02,NALCO,EQ,17.35,17.5,17.7,17.0,17.0,17.05,17.18,17500.0,301000.0,,,
1998-09-03,NALCO,EQ,17.05,17.0,17.7,17.0,17.25,17.25,17.22,8400.0,145000.0,,,
1998-09-04,NALCO,EQ,17.25,17.5,17.5,17.0,17.25,17.25,17.2,30300.0,521000.0,,,
1998-09-07,NALCO,EQ,17.25,17.4,17.75,17.2,17.65,17.55,17.33,19900.0,345000.0,,,
1998-09-08,NALCO,EQ,17.55,17.25,17.5,17.0,17.25,17.25,17.32,25200.0,436000.0,,,
1998-09-09,NALCO,EQ,17.25,18.0,18.5,17.7,18.0,18.0,18.06,27900.0,504000.0,,,
1998-09-10,NALCO,EQ,18.0,18.0,18.0,17.5,18.0,18.0,17.99,17200.0,309000.0,,,
1998-09-11,NALCO,EQ,18.0,17.9,17.9,17.4,17.5,17.5,17.51,20600.0,361000.0,,,
1998-09-14,NALCO,EQ,17.5,17.85,18.45,17.35,17.5,17.5,17.79,32300.0,575000.0,,,
1998-09-15,NALCO,EQ,17.5,17.3,17.55,16.85,16.95,17.0,17.17,66400.0,1140000.0,,,
1998-09-16,NALCO,EQ,17.0,17.9,18.0,16.5,16.5,16.6,17.1,66700.0,1141000.0,,,
1998-09-17,NALCO,EQ,16.6,16.6,17.0,16.5,16.5,16.55,16.74,31900.0,534000.0,,,
1998-09-18,NALCO,EQ,16.55,16.75,16.75,15.75,15.75,15.9,16.01,99500.0,1593000.0,,,
1998-09-21,NALCO,EQ,15.9,16.25,16.6,16.0,16.6,16.45,16.32,237000.0,3868000.0,,,
1998-09-22,NALCO,EQ,16.45,16.15,17.0,16.0,16.3,16.35,16.56,128600.0,2129000.0,,,
1998-09-23,NALCO,EQ,16.35,16.8,17.4,16.15,16.5,16.35,16.79,159000.0,2670000.0,,,
1998-09-24,NALCO,EQ,16.35,16.75,20.45,16.55,20.2,20.4,19.27,195900.0,3775000.0,,,
1998-09-25,NALCO,EQ,20.4,20.0,20.75,19.15,19.5,19.55,19.97,70400.0,1406000.0,,,
1998-09-28,NALCO,EQ,19.55,20.6,20.6,19.1,19.5,19.45,19.7,248800.0,4901000.0,,,
1998-09-29,NALCO,EQ,19.45,19.95,20.25,19.05,19.05,19.15,19.41,82900.0,1609000.0,,,
1998-09-30,NALCO,EQ,19.15,20.0,21.8,19.9,21.8,21.55,20.85,71400.0,1489000.0,,,
1998-10-05,NALCO,EQ,21.55,21.5,21.5,19.85,19.85,19.85,20.07,23600.0,474000.0,,,
1998-10-06,NALCO,EQ,19.85,18.9,21.0,18.55,21.0,20.65,19.68,119300.0,2347000.0,,,
1998-10-07,NALCO,EQ,20.65,21.5,22.3,21.4,22.0,21.95,22.12,311400.0,6889000.0,,,
1998-10-08,NALCO,EQ,21.95,22.1,22.6,20.5,20.7,20.7,21.24,56100.0,1192000.0,,,
1998-10-09,NALCO,EQ,20.7,20.9,21.7,20.25,21.2,21.4,21.21,28800.0,611000.0,,,
1998-10-12,NALCO,EQ,21.4,21.25,21.5,20.0,21.5,21.2,20.69,66700.0,1380000.0,,,
1998-10-13,NALCO,EQ,21.2,20.25,21.0,20.25,21.0,20.7,20.77,105800.0,2197000.0,,,
1998-10-14,NALCO,EQ,20.7,21.0,21.0,20.0,20.5,20.5,20.5,69700.0,1429000.0,,,
1998-10-15,NALCO,EQ,20.5,20.5,20.5,20.1,20.45,20.4,20.43,33200.0,678000.0,,,
1998-10-16,NALCO,EQ,20.4,20.25,20.5,19.6,20.1,20.05,20.07,21800.0,438000.0,,,
1998-10-19,NALCO,EQ,20.05,19.6,20.45,19.6,19.8,20.0,20.03,9700.0,194000.0,,,
1998-10-20,NALCO,EQ,20.0,18.8,19.45,18.6,18.7,18.75,18.84,38400.0,724000.0,,,
1998-10-22,NALCO,EQ,18.75,19.0,19.75,17.5,17.5,17.55,18.12,97100.0,1759000.0,,,
1998-10-23,NALCO,EQ,17.55,17.5,17.7,16.9,17.35,17.15,17.23,135600.0,2336000.0,,,
1998-10-26,NALCO,EQ,17.15,17.95,21.0,17.95,19.35,19.35,19.37,154100.0,2986000.0,,,
1998-10-27,NALCO,EQ,19.35,20.0,20.0,18.6,18.9,18.8,18.95,129600.0,2455000.0,,,
1998-10-28,NALCO,EQ,18.8,19.0,19.25,18.75,18.95,18.8,18.99,98500.0,1871000.0,,,
1998-10-29,NALCO,EQ,18.8,18.9,18.95,18.4,18.75,18.7,18.69,36100.0,675000.0,,,
1998-10-30,NALCO,EQ,18.7,18.5,18.5,17.25,17.4,17.6,17.93,102700.0,1841000.0,,,
1998-10-31,NALCO,EQ,17.6,17.5,17.8,17.5,17.8,17.75,17.71,6200.0,110000.0,,,
1998-11-02,NALCO,EQ,17.75,20.0,20.0,17.5,17.7,17.65,17.79,22100.0,393000.0,,,
1998-11-03,NALCO,EQ,17.65,17.9,17.9,17.5,17.5,17.55,17.62,38100.0,671000.0,,,
1998-11-05,NALCO,EQ,17.55,17.4,17.9,16.75,17.3,17.25,17.2,39100.0,673000.0,,,
1998-11-06,NALCO,EQ,17.25,17.35,17.35,17.0,17.1,17.1,17.14,38700.0,663000.0,,,
1998-11-09,NALCO,EQ,17.1,17.5,17.6,17.0,17.3,17.35,17.39,92100.0,1602000.0,,,
1998-11-10,NALCO,EQ,17.35,17.25,17.5,17.15,17.5,17.5,17.46,82900.0,1448000.0,,,
1998-11-11,NALCO,EQ,17.5,17.6,18.25,17.4,17.5,17.4,17.87,244300.0,4365000.0,,,
1998-11-12,NALCO,EQ,17.4,17.4,17.65,17.25,17.5,17.3,17.39,72100.0,1254000.0,,,
1998-11-13,NALCO,EQ,17.3,17.5,18.5,17.5,17.5,17.7,18.06,220300.0,3979000.0,,,
1998-11-16,NALCO,EQ,17.7,17.1,18.0,17.1,17.55,17.6,17.83,70600.0,1259000.0,,,
1998-11-17,NALCO,EQ,17.6,17.75,17.9,17.5,17.5,17.6,17.66,93300.0,1647000.0,,,
1998-11-18,NALCO,EQ,17.6,17.8,20.3,17.8,20.2,20.2,19.1,315900.0,6034000.0,,,
1998-11-19,NALCO,EQ,20.2,20.95,21.0,19.5,19.5,19.5,20.07,195400.0,3922000.0,,,
1998-11-20,NALCO,EQ,19.5,19.55,20.05,19.25,19.4,19.4,19.72,124800.0,2461000.0,,,
1998-11-21,NALCO,EQ,19.4,19.25,19.5,19.2,19.35,19.35,19.33,7000.0,135000.0,,,
1998-11-23,NALCO,EQ,19.35,19.0,19.0,18.2,18.25,18.25,18.62,59500.0,1108000.0,,,
1998-11-24,NALCO,EQ,18.25,18.25,18.4,18.0,18.0,18.0,18.18,120900.0,2198000.0,,,
1998-11-26,NALCO,EQ,18.0,17.95,18.0,17.4,17.4,17.4,17.77,194400.0,3454000.0,,,
1998-11-27,NALCO,EQ,17.4,17.3,17.6,16.9,17.0,17.0,17.07,300100.0,5121000.0,,,
1998-11-28,NALCO,EQ,17.0,17.25,17.55,16.9,17.0,17.0,17.09,57600.0,984000.0,,,
1998-11-30,NALCO,EQ,17.0,16.8,17.0,16.75,17.0,17.0,16.89,35900.0,606000.0,,,
1998-12-01,NALCO,EQ,17.0,17.15,17.15,16.85,16.9,16.9,16.95,79700.0,1351000.0,,,
1998-12-02,NALCO,EQ,16.9,17.0,17.25,16.9,17.0,17.0,17.03,84100.0,1432000.0,,,
1998-12-03,NALCO,EQ,17.0,17.0,17.0,16.9,16.95,16.95,16.98,43300.0,735000.0,,,
1998-12-04,NALCO,EQ,16.95,16.95,17.15,16.95,17.15,17.15,17.01,47100.0,801000.0,,,
1998-12-07,NALCO,EQ,17.15,17.1,17.25,17.05,17.2,17.2,17.14,17500.0,300000.0,,,
1998-12-08,NALCO,EQ,17.2,16.75,17.25,16.75,17.25,17.25,17.0,61300.0,1042000.0,,,
1998-12-09,NALCO,EQ,17.25,17.25,17.35,17.1,17.25,17.25,17.24,27900.0,481000.0,,,
1998-12-10,NALCO,EQ,17.25,17.2,17.45,17.1,17.2,17.2,17.3,10100.0,175000.0,,,
1998-12-11,NALCO,EQ,17.2,17.1,17.4,16.9,17.0,17.0,17.09,50700.0,867000.0,,,
1998-12-14,NALCO,EQ,17.0,17.1,17.1,14.95,15.0,15.0,15.49,364900.0,5653000.0,,,
1998-12-15,NALCO,EQ,15.0,15.2,15.85,15.2,15.85,15.85,15.6,73900.0,1153000.0,,,
1998-12-16,NALCO,EQ,15.85,16.0,16.4,15.5,16.3,16.3,16.04,50100.0,804000.0,,,
1998-12-17,NALCO,EQ,16.3,15.85,16.4,15.7,16.05,16.05,15.99,187500.0,2999000.0,,,
1998-12-18,NALCO,EQ,16.05,16.1,16.3,16.0,16.2,16.2,16.23,154600.0,2509000.0,,,
1998-12-21,NALCO,EQ,16.2,16.35,16.65,16.35,16.65,16.65,16.52,28400.0,469000.0,,,
1998-12-22,NALCO,EQ,16.65,16.75,16.75,16.0,16.4,16.4,16.38,69100.0,1132000.0,,,
1998-12-23,NALCO,EQ,16.4,17.0,17.1,16.5,16.95,16.95,16.92,45500.0,770000.0,,,
1998-12-24,NALCO,EQ,16.95,17.1,17.4,17.0,17.3,17.3,17.18,16200.0,278000.0,,,
1998-12-28,NALCO,EQ,17.3,17.9,20.0,17.9,19.8,19.8,19.37,199500.0,3864000.0,,,
1998-12-29,NALCO,EQ,19.8,19.1,20.3,18.9,18.9,18.9,19.39,103600.0,2009000.0,,,
1998-12-30,NALCO,EQ,18.9,19.5,19.8,17.9,18.1,18.1,18.6,99800.0,1856000.0,,,
1998-12-31,NALCO,EQ,18.1,18.5,19.2,18.35,18.75,18.75,18.78,55700.0,1046000.0,,,
1999-01-01,NALCO,EQ,18.75,18.8,19.1,18.1,18.5,18.5,18.63,80900.0,1507000.0,,,
1999-01-04,NALCO,EQ,18.5,19.0,19.4,18.6,19.15,19.15,19.11,72300.0,1382000.0,,,
1999-01-05,NALCO,EQ,19.15,19.0,20.0,18.5,20.0,20.0,19.45,165800.0,3224000.0,,,
1999-01-06,NALCO,EQ,20.0,21.0,21.5,20.2,21.5,21.5,20.9,258300.0,5400000.0,,,
1999-01-07,NALCO,EQ,21.5,21.5,21.8,20.5,20.7,20.7,21.01,56200.0,1181000.0,,,
1999-01-08,NALCO,EQ,20.7,21.55,21.7,20.3,20.5,20.5,20.71,72200.0,1495000.0,,,
1999-01-11,NALCO,EQ,20.5,21.0,21.2,20.1,20.1,20.1,20.7,160400.0,3321000.0,,,
1999-01-12,NALCO,EQ,20.1,19.75,20.15,18.5,18.55,18.55,19.11,248200.0,4744000.0,,,
1999-01-13,NALCO,EQ,18.55,19.75,19.75,18.0,18.65,18.65,18.7,143100.0,2677000.0,,,
1999-01-14,NALCO,EQ,18.65,18.9,20.2,18.5,19.45,19.45,19.84,244500.0,4850000.0,,,
1999-01-15,NALCO,EQ,19.45,20.0,20.0,19.05,19.5,19.5,19.49,66200.0,1290000.0,,,
1999-01-18,NALCO,EQ,19.5,21.9,21.9,18.1,19.3,19.3,19.33,61800.0,1195000.0,,,
1999-01-19,NALCO,EQ,19.3,19.1,19.5,18.75,18.8,18.8,19.03,134800.0,2565000.0,,,
1999-01-21,NALCO,EQ,18.8,19.1,19.4,18.9,19.4,19.4,19.05,57200.0,1090000.0,,,
1999-01-22,NALCO,EQ,19.4,20.4,20.5,18.85,18.85,18.85,19.1,58900.0,1125000.0,,,
1999-01-25,NALCO,EQ,18.85,19.0,19.75,18.75,18.75,18.75,19.06,66000.0,1258000.0,,,
1999-01-27,NALCO,EQ,18.75,19.5,19.5,18.85,19.45,19.45,19.07,43100.0,822000.0,,,
1999-01-28,NALCO,EQ,19.45,19.0,24.35,18.6,24.35,24.35,22.28,543200.0,12105000.0,,,
1999-01-29,NALCO,EQ,24.35,24.0,25.0,22.4,22.4,22.4,22.8,278500.0,6350000.0,,,
1999-02-01,NALCO,EQ,22.4,20.7,21.5,20.65,20.65,20.65,20.78,56600.0,1176000.0,,,
1999-02-02,NALCO,EQ,20.65,19.2,20.2,19.0,19.0,19.0,19.26,267700.0,5155000.0,,,
1999-02-03,NALCO,EQ,19.0,19.0,19.3,18.1,18.75,18.75,18.73,132700.0,2485000.0,,,
1999-02-04,NALCO,EQ,18.75,18.35,19.6,18.3,19.6,19.6,19.01,148900.0,2830000.0,,,
1999-02-05,NALCO,EQ,19.6,19.0,19.6,18.85,18.95,18.95,18.94,161200.0,3054000.0,,,
1999-02-08,NALCO,EQ,18.95,18.2,18.85,18.2,18.5,18.5,18.55,34100.0,632000.0,,,
1999-02-09,NALCO,EQ,18.5,18.25,18.5,17.75,18.0,18.0,18.11,34900.0,632000.0,,,
1999-02-10,NALCO,EQ,18.0,18.45,19.4,18.0,18.35,18.35,18.25,68700.0,1254000.0,,,
1999-02-11,NALCO,EQ,18.35,18.95,18.95,17.0,17.35,17.35,17.81,144700.0,2577000.0,,,
1999-02-12,NALCO,EQ,17.35,17.7,18.0,16.9,17.0,17.0,17.21,138700.0,2388000.0,,,
1999-02-15,NALCO,EQ,17.0,16.75,17.5,15.5,15.95,15.95,16.65,136100.0,2266000.0,,,
1999-02-16,NALCO,EQ,15.95,15.9,17.8,15.4,16.0,16.0,16.35,218000.0,3565000.0,,,
1999-02-17,NALCO,EQ,16.0,16.55,17.5,16.55,17.3,17.3,17.19,49000.0,842000.0,,,
1999-02-18,NALCO,EQ,17.3,17.0,17.4,15.25,16.2,16.2,16.11,220900.0,3559000.0,,,
1999-02-19,NALCO,EQ,16.2,16.1,17.15,15.0,16.7,16.7,16.1,317500.0,5113000.0,,,
1999-02-22,NALCO,EQ,16.7,16.9,17.25,15.5,16.0,16.0,16.14,97600.0,1575000.0,,,
1999-02-23,NALCO,EQ,16.0,15.25,15.9,15.2,15.5,15.5,15.55,116000.0,1804000.0,,,
1999-02-24,NALCO,EQ,15.5,16.0,17.0,15.0,15.75,15.75,15.86,410600.0,6513000.0,,,
1999-02-25,NALCO,EQ,15.75,16.0,16.4,15.45,15.45,15.45,15.89,462700.0,7350000.0,,,
1999-02-26,NALCO,EQ,15.45,16.45,16.45,15.75,16.1,16.1,16.05,159600.0,2562000.0,,,
1999-02-27,NALCO,EQ,16.1,16.35,16.75,15.6,16.0,16.0,16.24,146500.0,2379000.0,,,
1999-03-01,NALCO,EQ,16.0,16.1,16.2,14.75,15.0,15.0,15.12,462500.0,6993000.0,,,
