,0,1,2
3MINDIA,10762.5227273,10770.45,334.543996582
3MINDIA.1,10762.5227273,10770.45,334.543996582
3MINDIA.NS,10788.5272727,10770.45,386.375897875
8KMILES,674.797727273,677.7,28.108355296
8KMILES.NS,672.413636364,677.7,25.9419185591
AARTIIND,698.440909091,699.75,13.4066937471
AARTIIND.NS,698.318181818,699.025,13.4010975515
ABAN,238.870454545,240.05,10.8450741407
ABAN.NS,238.586363636,240.05,10.6683798678
ABB,1042.08409091,1044.05,9.58200677813
ABB.NS,1047.70227273,1043.475,30.1197312218
ABFRL,220.35,220.35,0.0
ABFRL.NS,220.35,220.35,0.0
ABIRLANUVO,1234.29318182,1230.75,41.9512225131
ABIRLANUVO.NS,1234.53636364,1230.75,42.2662963269
ACC,1315.26590909,1314.2,22.2834840952
ACC.NS,1314.34090909,1314.2,21.7030699845
ADANIENT,74.0409090909,73.1,3.1731626241
ADANIENT.NS,74.1159090909,73.1,3.30185324454
ADANIPORTS,275.547727273,274.55,8.83815426315
ADANIPORTS.NS,275.843181818,274.55,9.3565013742
ADANIPOWER,30.9431818182,31.075,1.50454038659
ADANIPOWER.NS,30.9886363636,31.075,1.56881300429
ADANITRANS,55.6568181818,55.9,1.66227722851
ADANITRANS.NS,55.8477272727,55.9,1.93473741744
AEGISCHEM,134.238636364,132.2,5.31002941024
AEGISCHEM.NS,134.540909091,133.225,5.20644372649
AHLUCONT,255.477272727,255.025,4.33135652546
AHLUCONT.NS,256.05,256.325,4.25729066538
AIAENG,1282.87272727,1276.05,17.957295422
AIAENG.NS,1284.32954545,1284.225,17.6652986381
AJANTPHARM,1782.71364091,1786.025025,39.1748581645
AJANTPHARM.NS,1782.03636136,1782.775025,39.1227703748
AKZOINDIA,1402.86818182,1405.55,24.1076037474
AKZOINDIA.NS,1401.96818182,1401.925,24.0800527282
ALBK,63.0704545455,62.8,3.41664898105
ALBK.NS,63.125,62.8,3.42559518638
ALKEM,1628.64772727,1630.325,27.9379306818
ALKEM.NS,1630.7,1630.325,30.9708157557
ALLCARGO,173.231818182,172.375,4.91255789871
ALLCARGO.NS,173.306818182,172.725,4.90022583188
ALOKTEXT,3.27727272727,3.425,0.339020744107
ALOKTEXT.NS,3.27272727273,3.425,0.33549085316
AMARAJABAT,895.479542727,898.449985,20.4845705744
AMARAJABAT.NS,893.002267727,898.449985,17.4005963771
AMBUJACEM,206.352272727,205.3,5.50381852883
AMBUJACEM.NS,206.120454545,205.3,5.27831726186
AMTEKAUTO,34.1772727273,33.975,1.71170530902
AMTEKAUTO.NS,34.1522727273,33.95,1.70987866965
ANANTRAJ,40.8704545455,40.6,2.7724262664
ANANTRAJ.NS,40.8590909091,40.6,2.76007403126
ANDHRABANK,48.7454545455,48.3,1.47647497608
ANDHRABANK.NS,48.7681818182,48.475,1.47143802796
APARINDS,585.372727273,574.4,25.0498585077
APARINDS.NS,586.129545455,574.4,26.0356287892
APLAPOLLO,908.881818182,904.2,26.4486049027
APLAPOLLO.NS,908.3,904.2,25.513367178
APLLTD,613.979545455,609.0,11.7244825156
APLLTD.NS,613.975,609.0,11.7360225882
APOLLOHOSP,1188.68409091,1196.05,31.7957334153
APOLLOHOSP.NS,1188.43863636,1193.15,31.7568175351
APOLLOTYRE,190.295454545,188.9,4.95897236597
APOLLOTYRE.NS,190.427272727,189.125,5.0979390624
ARVIND,345.786363636,341.7,11.3913101991
ARVIND.NS,345.770454545,341.7,11.3760992048
ASHOKA,156.515909091,155.1,2.78090368849
ASHOKA.NS,156.479545455,155.1,2.80474339251
ASHOKLEY,79.8181818182,78.475,2.99326806011
ASHOKLEY.NS,79.7863636364,78.475,2.93339482423
ASIANPAINT,895.075,898.25,21.6696559293
ASIANPAINT.NS,893.925,898.25,20.1201436022
ASTRAL,390.897727273,390.85,5.84979603374
ASTRAL.NS,391.070454545,392.1,5.89084558347
ASTRAZEN,940.154545455,939.4,10.2051563658
ASTRAZEN.NS,941.590909091,941.975,11.208793703
ATUL,2064.08409091,2069.325,36.0610440991
ATUL.NS,2064.08636364,2069.325,36.0629019968
AUROPHARMA,676.354545455,674.075,24.3490143982
AUROPHARMA.NS,676.781818182,674.075,24.6935385102
AVANTIFEED,494.381818182,489.975,15.2499379035
AVANTIFEED.NS,496.127272727,489.975,19.9413767452
AXISBANK,453.290909091,454.15,11.647344234
AXISBANK.NS,452.822727273,452.85,11.6952343497
BAJAJCORP,363.534090909,361.3,7.69720707486
BAJAJCORP.NS,363.602272727,361.3,7.76822706488
BAJAJELEC,219.209090909,218.175,7.14800398985
BAJAJELEC.NS,219.509090909,218.175,7.6446469968
BAJAJFINSV,2828.84772273,2851.0,145.819622697
BAJAJFINSV.NS,2830.92498636,2851.0,148.214093576
BAJAJHIND,13.9045454545,13.575,0.755442016764
BAJAJHIND.NS,13.9545454545,13.575,0.842178169549
BAJAJHLDNG,1866.27272727,1842.075,77.3338953088
BAJAJHLDNG.NS,1867.67045455,1842.075,77.9538930563
BAJFINANCE,840.995455455,842.899995,34.5974711549
BAJFINANCE.NS,841.954545455,842.899995,35.9568251144
BALKRISIND,1104.78636364,1096.3,38.4824610075
BALKRISIND.NS,1104.07954545,1093.3,38.7147648071
BALLARPUR,15.7159090909,15.75,0.326739434425
BALLARPUR.NS,15.7159090909,15.75,0.326739434425
BALMLAWRIE,619.827272727,236.0,435.510835448
BALMLAWRIE.NS,620.725,238.675,434.675904376
BALRAMCHIN,123.395454545,119.975,6.37446373264
BALRAMCHIN.NS,123.720454545,119.975,7.04317736555
BANKBARODA,153.925,153.25,4.26035852504
BANKBARODA.NS,153.890909091,153.125,4.2675027928
BANKINDIA,109.479545455,109.325,3.54262006521
BANKINDIA.NS,109.540909091,109.325,3.56753337368
BASF,1110.44318182,1116.825,32.252627414
BASF.NS,1112.43409091,1116.825,33.7141392776
BATAINDIA,437.913636364,425.625,22.1882647115
BATAINDIA.NS,437.211363636,425.625,21.1463828485
BBTC,509.386363636,505.925,20.9403244041
BBTC.NS,509.209090909,505.925,20.654456664
BEL,1411.39545455,1411.85,37.9926399799
BEL.NS,1417.87727273,1418.5,44.3369396867
BEML,960.013636364,972.975,39.2118063544
BEML.NS,975.213636364,972.975,70.9616935258
BERGEPAINT,205.761364545,203.700005,8.65179333636
BERGEPAINT.NS,206.052273636,203.700005,9.21328441068
BFUTILITIE,394.211363636,394.25,9.71068302019
BFUTILITIE.NS,394.215909091,394.075,9.71385101364
BGRENERGY,115.611363636,115.325,5.36656163351
BGRENERGY.NS,116.161363636,115.325,6.39653797393
BHARATFIN,603.363636364,612.225,52.3443820195
BHARATFIN.NS,603.743181818,611.5,52.5303977654
BHARATFORG,931.045452273,917.92499,31.0945341078
BHARATFORG.NS,931.679545909,922.22498,30.9660008295
BHARTIARTL,310.070454545,307.95,11.1276110803
BHARTIARTL.NS,310.004545455,307.95,11.074411831
BHEL,122.95,122.65,3.39456849071
BHEL.NS,123.088636364,122.65,3.56884441142
BHUSANSTL,40.8772727273,40.825,0.776243590991
BHUSANSTL.NS,40.9454545455,40.825,0.898134189108
BIOCON,943.975,945.475,19.2399185104
BIOCON.NS,948.136363636,945.475,26.3406944887
BIRLACORPN,644.656818182,629.025,30.0078493519
BIRLACORPN.NS,644.477272727,629.025,29.6667872949
BLISSGVS,159.029545455,158.95,4.07654905091
BLISSGVS.NS,158.777272727,158.75,4.17577273353
BLUEDART,4404.91818182,4442.3,98.7127296098
BLUEDART.NS,4405.10681818,4433.75,99.0547014526
BLUESTARCO,469.622727273,466.9,16.3817677928
BLUESTARCO.NS,469.911363636,466.9,16.8222919834
BOMDYEING,48.6204545455,47.575,2.64906358527
BOMDYEING.NS,48.725,47.575,2.85835242254
BOSCHLTD,20322.1318182,20351.5,674.001131401
BOSCHLTD.NS,20314.3136364,20351.5,665.871553677
BPCL,630.411363636,618.125,22.4651313511
BPCL.NS,629.670454545,618.125,21.4057327607
BRFL,142.406818182,141.125,4.92424264069
BRFL.NS,142.470454545,141.125,4.9764602808
BRIGADE,152.268181818,152.475,3.40117435792
BRIGADE.NS,152.5,152.475,3.51324026261
BRITANNIA,2879.04772273,2884.72495,42.9272283034
BRITANNIA.NS,2878.53862727,2881.97495,42.8422876455
CADILAHC,365.470456364,367.45,15.2700453859
CADILAHC.NS,363.581819545,361.825,14.6982326705
CAIRN,250.543181818,252.125,8.48771234329
CAIRN.NS,250.720454545,252.125,8.62501427315
CANBK,279.35,270.35,16.8234176359
CANBK.NS,279.259090909,270.175,16.8780474241
CANFINHOME,1621.62727273,1647.725,83.8020708451
CANFINHOME.NS,1621.425,1647.725,83.6802428039
CAPF,556.670454545,545.825,31.5725342478
CAPF.NS,556.595454545,545.825,31.4670459108
CAPLIPOINT,342.295454545,341.725,5.87500575665
CAPLIPOINT.NS,345.084090909,343.775,10.843117044
CARBORUNIV,247.540909091,246.9,5.80060826785
CARBORUNIV.NS,247.738636364,246.9,6.05620366351
CARERATING,1348.35227273,1319.825,57.369264372
CARERATING.NS,1350.56136364,1331.0,56.7313320079
CASTROLIND,378.913636364,379.125,10.2640981073
CASTROLIND.NS,378.815909091,379.125,10.1558496674
CCL,261.077272727,261.7,5.55088425544
CCL.NS,261.068181818,261.7,5.5435622348
CEATLTD,1191.55227273,1192.95,45.6766624721
CEATLTD.NS,1191.68636364,1186.4,46.0803960533
CENTRALBK,83.5977272727,83.45,1.28428943414
CENTRALBK.NS,83.5818181818,83.275,1.28744352207
CENTURYPLY,167.668181818,166.0,6.58545557332
CENTURYPLY.NS,167.820454545,166.0,6.81422984313
CENTURYTEX,792.631818182,788.675,27.1525301174
CENTURYTEX.NS,793.784090909,788.675,28.7266650078
CERA,2022.56363636,2044.125,65.7296432036
CERA.NS,2024.13409091,2044.125,67.3541977098
CESC,630.572727273,628.0,11.2313838276
CESC.NS,631.627272727,628.0,12.673911405
CHAMBLFERT,73.0454545455,71.0,6.36506291988
CHAMBLFERT.NS,72.9545454545,71.0,6.19000555987
CHENNPETRO,283.225,274.8,22.8003537462
CHENNPETRO.NS,284.109090909,274.8,24.5041038174
CHOLAFIN,910.577272727,933.3,50.0424456201
CHOLAFIN.NS,911.511363636,933.3,50.77646608
CIPLA,570.031816364,568.125,8.365018734
CIPLA.NS,569.390910455,568.125,7.55916710381
COALINDIA,296.977272727,296.925,8.14459691295
COALINDIA.NS,296.440909091,296.925,7.68064413785
COFFEEDAY,197.315909091,197.2,1.98016271359
COFFEEDAY.NS,197.406818182,197.325,2.00643580312
COLPAL,901.868181818,901.225,7.18138376131
COLPAL.NS,901.284090909,901.225,7.65099412096
CONCOR,1121.84090909,1111.4,32.5413606279
CONCOR.NS,1123.55454545,1111.4,35.4608667913
COROMANDEL,288.606818182,280.75,14.9305479076
COROMANDEL.NS,290.5,280.75,19.0089076864
CORPBANK,42.2795454545,41.9,1.4057415507
CORPBANK.NS,42.2727272727,41.85,1.40887723558
CRISIL,2205.40454545,2203.05,33.3254654134
CRISIL.NS,2204.40681818,2203.05,32.6285563486
CROMPGREAV,59.4113636364,59.325,1.72557318415
CROMPGREAV.NS,59.3909090909,59.325,1.69899384536
CUB,132.020452727,130.975,3.2681258361
CUB.NS,132.024999091,130.975,3.28165393841
CUMMINSIND,805.652272727,807.65,14.9437475162
CUMMINSIND.NS,806.397727273,806.5,15.6866524797
CYIENT,494.120454545,491.65,10.7033779614
CYIENT.NS,494.061363636,491.65,10.7489637576
DABUR,273.297728182,275.02499,5.32399049432
DABUR.NS,273.209090909,274.52499,5.31078396518
DALMIABHA,1465.24772727,1490.1,89.2408945299
DALMIABHA.NS,1466.225,1490.1,90.143480537
DBCORP,360.334090909,359.275,8.28804914669
DBCORP.NS,359.920454545,359.275,7.7073041901
DBREALTY,38.2295454545,38.4,1.48513740673
DBREALTY.NS,38.2113636364,38.4,1.48539972319
DCBBANK,108.493181818,107.975,3.31606104023
DCBBANK.NS,108.425,107.975,3.20411751464
DCMSHRIRAM,216.277272727,214.75,11.8033664213
DCMSHRIRAM.NS,217.529545455,214.75,15.1687936166
DEEPAKFERT,209.806818182,207.15,9.46833438682
DEEPAKFERT.NS,209.788636364,207.15,9.43731110588
DELTACORP,110.663636364,109.65,8.2874429082
DELTACORP.NS,111.111363636,109.65,9.07787645372
DEN,68.2772727273,67.15,3.23296735555
DEN.NS,68.2477272727,67.15,3.20143112614
DENABANK,33.4045454545,33.375,0.871494213694
DENABANK.NS,33.4,33.375,0.867261700493
DHANUKA,731.809090909,719.375,27.2521542895
DHANUKA.NS,732.806818182,719.375,29.0576819425
DHFL,242.390909091,243.35,5.75592109967
DHFL.NS,242.984090909,243.35,6.68743288998
DISHMAN,219.477272727,219.55,7.72353742161
DISHMAN.NS,221.704545455,219.55,12.2666496094
DISHTV,84.4431818182,84.325,1.64565050494
DISHTV.NS,84.5045454545,84.325,1.7183123705
DIVISLAB,929.979545455,811.225,189.285925482
DIVISLAB.NS,929.920454545,811.225,189.350693574
DLF,115.722727273,113.175,6.73441281904
DLF.NS,115.659090909,113.175,6.63259692665
DREDGECORP,400.940909091,385.9,24.2662446148
DREDGECORP.NS,402.584090909,385.9,26.9791912158
DRREDDY,3087.21816818,3077.8999,55.6954703332
DRREDDY.NS,3077.38863636,3069.20005,51.3883233722
DYNAMATECH,2891.32045455,2903.625,63.388820291
DYNAMATECH.NS,2892.51818182,2903.625,64.3732300644
ECLERX,1399.90909091,1401.45,32.0126933023
ECLERX.NS,1400.42727273,1401.45,32.3195456389
EDELWEISS,94.4977272727,95.9,4.46442224899
EDELWEISS.NS,94.575,95.9,4.5160230608
EICHERMOT,21760.4545455,21780.35,711.795627923
EICHERMOT.NS,21786.3318182,21780.35,752.047338547
EIDPARRY,259.331818182,257.9,12.6051533816
EIDPARRY.NS,259.665909091,257.9,13.2414877092
EIHOTEL,96.775,96.6,2.49874968734
EIHOTEL.NS,96.8954545455,96.775,2.53306275611
EMAMILTD,1004.29318182,1011.45,31.0403550523
EMAMILTD.NS,1005.04545455,1011.45,31.8112061308
ENGINERSIN,347.526136364,317.175,202.330622355
ENGINERSIN.NS,347.692045455,317.175,202.165284422
EQUITAS,148.140909091,147.95,4.12941355123
EQUITAS.NS,148.272727273,148.75,4.14791190362
EROSMEDIA,167.831818182,168.35,6.54685576031
EROSMEDIA.NS,168.311363636,168.35,6.91797059112
ESCORTS,308.390909091,314.025,16.9459760385
ESCORTS.NS,308.6,314.025,17.3323465836
ESSELPACK,245.977272727,246.1,2.42912522334
ESSELPACK.NS,246.113636364,246.1,2.50922971572
EVEREADY,215.931818182,216.975,6.03471199957
EVEREADY.NS,216.011363636,216.975,6.13300850236
EXIDEIND,177.981818182,176.15,5.14482045257
EXIDEIND.NS,177.784090909,176.15,4.84815591755
FAGBEARING,3879.95454545,3888.75,48.6604462163
FAGBEARING.NS,3877.94318182,3886.35,49.0075608731
FDC,218.102272727,218.825,4.907682929
FDC.NS,218.481818182,220.525,5.03299932953
FEDERALBNK,67.0431818182,67.1,2.02733084284
FEDERALBNK.NS,67.2181818182,67.1,2.13204269671
FINCABLES,415.8,415.025,7.31918548682
FINCABLES.NS,415.281818182,414.525,7.06511458901
FINPIPE,435.502272727,432.825,7.84215527458
FINPIPE.NS,435.222727273,432.825,7.47912535109
FLFL,127.947727273,125.575,7.5665535539
FLFL.NS,127.706818182,125.575,7.16828822388
FORTIS,182.331818182,182.825,5.72547659598
FORTIS.NS,183.131818182,182.825,7.34395678764
FSL,34.75,34.75,0.0
FSL.NS,34.75,34.75,0.0
GAIL,430.772727273,429.475,8.76240246563
GAIL.NS,430.377272727,429.475,8.32195500258
GATI,114.870454545,115.425,2.77838849708
GATI.NS,114.997727273,115.425,2.90321977551
GAYAPROJ,634.877272727,639.025,23.40940352
GAYAPROJ.NS,634.413636364,639.025,23.1390577957
GDL,237.825,234.675,9.61120068313
GDL.NS,237.613636364,234.675,9.38371413189
GEPIL,484.095454545,479.2,23.2921707114
GEPIL.NS,486.345454545,479.2,27.78111687
GESHIP,367.504545455,365.875,10.2912342391
GESHIP.NS,367.538636364,365.875,10.3516956492
GILLETTE,4274.43181818,4293.125,31.7105868811
GILLETTE.NS,4274.65,4293.125,31.3331066355
GLAXO,2726.33181818,2726.575,13.1378002929
GLAXO.NS,2726.375,2727.45,13.1610061672
GLENMARK,906.768181818,898.4,18.9279306434
GLENMARK.NS,907.193181818,899.45,18.6606110211
GMDCLTD,94.8295454545,94.0,3.9295479896
GMDCLTD.NS,94.9363636364,94.0,4.08205077481
GMRINFRA,11.9227272727,11.75,0.427263516526
GMRINFRA.NS,11.9295454545,11.75,0.437976703802
GODFRYPHLP,954.238636364,956.75,80.0075174025
GODFRYPHLP.NS,955.813636364,956.75,81.9298439459
GODREJCP,1478.30454545,1462.55,37.2948512631
GODREJCP.NS,1480.96136364,1462.55,41.4967093699
GODREJIND,421.404543636,418.90001,13.3132579298
GODREJIND.NS,421.243180455,418.90001,13.0603853601
GODREJPROP,306.197727273,302.675,9.73073771579
GODREJPROP.NS,306.75,302.675,10.4606405158
GPPL,133.715909091,133.975,4.33368276147
GPPL.NS,133.736363636,133.85,4.34078613185
GRANULES,110.390909091,111.175,3.55747490583
GRANULES.NS,109.547727273,110.325,4.13755958877
GRASIM,842.072727273,847.025,20.8639968279
GRASIM.NS,841.906818182,845.875,20.822213959
GREAVESCOT,122.095454545,122.375,2.37009689831
GREAVESCOT.NS,122.090909091,122.175,2.37339601795
GREENPLY,251.365909091,249.125,6.21992547734
GREENPLY.NS,251.663636364,250.975,6.14542380689
GRINDWELL,325.163636364,325.4,3.61946397696
GRINDWELL.NS,325.788636364,325.85,3.25374991789
GRUH,319.504545455,321.65,7.89297320241
GRUH.NS,319.663636364,321.65,8.17573619545
GSFC,95.3704545455,93.6,5.90213155787
GSFC.NS,95.9522727273,93.6,7.00845539115
GSKCONS,5049.46590909,5053.8,61.4914422741
GSKCONS.NS,5049.19090909,5053.8,61.0971603977
GSPL,139.856818182,138.7,4.88340960743
GSPL.NS,139.825,138.7,4.90278710822
GUJFLUORO,476.411363636,474.325,8.58219269099
GUJFLUORO.NS,476.55,474.325,8.58639566269
GUJGASLTD,532.55,532.275,12.254600691
GUJGASLTD.NS,534.459090909,535.875,12.9021559325
GULFOILLUB,655.538636364,663.2,24.928497423
GULFOILLUB.NS,654.356818182,659.3,24.7915466365
GVKPIL,5.54545454545,5.525,0.167551762371
GVKPIL.NS,5.54545454545,5.525,0.167551762371
HATHWAY,34.975,34.55,0.961614465861
HATHWAY.NS,35.05,34.55,1.02562408411
HAVELLS,335.868181818,336.65,15.2217540559
HAVELLS.NS,336.352272727,336.65,16.1132929246
HCC,39.8568181818,39.8,2.07962310313
HCC.NS,39.9340909091,39.8,2.17498693831
HCLTECH,819.038636364,819.975,16.0775570566
HCLTECH.NS,821.190909091,820.8,16.9145868041
HDFC,1238.00454545,1233.85,21.2577991799
HDFC.NS,1237.82727273,1233.85,21.4238836864
HDFCBANK,1186.42272727,1185.85,9.06242539901
HDFCBANK.NS,1187.43409091,1185.85,10.8115501109
HDIL,60.0136363636,60.925,2.94307831304
HDIL.NS,59.9977272727,60.925,2.92479047979
HEIDELBERG,111.704545455,111.45,5.09553747553
HEIDELBERG.NS,111.947727273,111.725,5.06080826578
HEROMOTOCO,3069.42727273,3051.3,67.4546191847
HEROMOTOCO.NS,3067.39772727,3041.875,67.965667939
HEXAWARE,205.468181818,205.825,3.7044550224
HEXAWARE.NS,205.618181818,205.825,3.55519557611
HFCL,12.7068181818,12.8,0.428534450064
HFCL.NS,12.7204545455,12.8,0.447920882392
HIMATSEIDE,291.540909091,293.85,9.34852466542
HIMATSEIDE.NS,291.577272727,293.85,9.37484891653
HINDALCO,163.552272727,160.75,8.506866656
HINDALCO.NS,163.593181818,161.0,8.55098567772
HINDCOPPER,60.1272727273,59.225,2.12992998279
HINDCOPPER.NS,60.4863636364,59.225,2.78277789517
HINDPETRO,438.363636364,431.525,19.4683943001
HINDPETRO.NS,438.765909091,431.525,20.2702831185
HINDUNILVR,817.179545455,820.05,14.8856167322
HINDUNILVR.NS,816.911363636,820.05,14.5955467101
HINDZINC,264.070454545,262.1,10.6094483844
HINDZINC.NS,264.697727273,262.1,10.8373085447
HMVL,267.804545455,268.85,4.40199925064
HMVL.NS,268.084090909,268.85,4.84717360854
HONAUT,8765.25909091,8589.85,337.94503943
HONAUT.NS,8750.73863636,8589.85,318.884069818
HSIL,280.329545455,280.25,2.78553487601
HSIL.NS,280.736363636,280.25,3.37050165187
HTMEDIA,73.3818181818,73.225,1.43124533308
HTMEDIA.NS,73.3386363636,73.225,1.36703814506
IBREALEST,73.2227272727,71.0,3.97766763655
IBREALEST.NS,73.2931818182,71.0,4.10331734131
IBULHSGFIN,651.197727273,648.525,15.0336723429
IBULHSGFIN.NS,653.372727273,648.525,17.5853004583
ICICIBANK,255.520454545,254.85,4.39926019459
ICICIBANK.NS,255.638636364,254.85,4.4949424441
ICIL,160.970454545,160.825,4.52962888974
ICIL.NS,161.240909091,160.825,4.61224138167
ICRA,3957.27045455,3966.95,32.0018067164
ICRA.NS,3956.38181818,3966.95,31.1063557487
IDBI,69.3840909091,69.875,1.55298379193
IDBI.NS,69.6295454545,69.875,1.98420303606
IDEA,73.6977272727,73.325,2.27567244236
IDEA.NS,73.825,74.125,2.26703865995
IDFC,54.2272727273,54.375,1.90298808098
IDFC.NS,54.0931818182,54.375,1.7567756893
IDFCBANK,61.2795454545,60.65,2.45873850209
IDFCBANK.NS,61.3909090909,60.775,2.45529730348
IFCI,26.8363636364,27.2,1.11869203156
IFCI.NS,26.8636363636,27.2,1.14613032357
IGARASHI,717.247727273,724.425,15.5314387559
IGARASHI.NS,716.602272727,721.325,15.269659282
IGL,902.0,901.5,24.8691145227
IGL.NS,902.388636364,901.5,25.2888641586
IIFL,260.486363636,261.925,3.93933707918
IIFL.NS,260.572727273,261.925,3.84468486766
INDHOTEL,97.5022727273,97.375,1.99842064264
INDHOTEL.NS,97.6454545455,97.475,1.91907151973
INDIACEM,116.197727273,113.075,5.91763863122
INDIACEM.NS,116.420454545,113.075,6.32503828505
INDIANB,224.361363636,224.85,12.8108950267
INDIANB.NS,224.454545455,224.85,12.8889848606
INDIGO,829.5,829.675,8.45987729282
INDIGO.NS,830.913636364,829.675,11.2802100392
INDOCO,262.631818182,261.875,5.91413853676
INDOCO.NS,262.388636364,261.875,5.53912344402
INDUSINDBK,1092.90681818,1085.775,26.6437578478
INDUSINDBK.NS,1094.35454545,1085.775,29.7830724897
INFIBEAM,1150.86590909,1160.575,40.1133821227
INFIBEAM.NS,1149.82954545,1160.575,38.9986008879
INFRATEL,345.631818182,345.2,8.56481653342
INFRATEL.NS,345.370454545,345.2,8.35480556171
INFY,992.956817727,995.0,11.9181186024
INFY.NS,992.79318,995.0,12.2238523869
INGERRAND,671.009090909,669.625,10.6552763183
INGERRAND.NS,670.604545455,669.025,10.5425770443
INOXLEISUR,225.431818182,227.85,4.95901164919
INOXLEISUR.NS,225.506818182,227.85,5.012895168
INOXWIND,189.640909091,185.475,8.59568879153
INOXWIND.NS,189.575,185.475,8.6492739855
INTELLECT,146.213636364,144.35,11.0013114134
INTELLECT.NS,146.152272727,144.125,11.005782866
IOB,24.6227272727,24.55,0.397829609592
IOB.NS,24.6340909091,24.675,0.398026788892
IOC,319.197727273,314.725,19.3827333401
IOC.NS,319.052272727,314.725,19.1833042319
IPAPPM,301.827272727,304.4,7.16686700616
IPAPPM.NS,302.034090909,304.4,7.37949840797
IPCALAB,536.122727273,537.35,8.91412372203
IPCALAB.NS,535.420454545,536.1,8.51777775472
IRB,199.631818182,197.375,8.41626183073
IRB.NS,199.690909091,197.375,8.52428793792
ITC,234.972726818,234.75,7.29449734166
ITC.NS,235.4,234.75,7.8910591419
ITDCEM,152.009090909,148.275,8.59838905681
ITDCEM.NS,152.184090909,148.275,8.85806582085
JAGRAN,171.875,169.8,5.35789915296
JAGRAN.NS,172.156818182,169.8,5.64223645827
JAICORPLTD,69.6545454545,68.3,3.22574867983
JAICORPLTD.NS,69.6295454545,68.3,3.19753100774
JBCHEPHARM,343.470454545,345.225,7.97873153618
JBCHEPHARM.NS,343.054545455,344.325,7.8056894557
JBFIND,209.095454545,208.3,5.10559704757
JBFIND.NS,209.354545455,208.3,5.5241872725
JCHAC,1409.29772727,1387.875,36.8735822238
JCHAC.NS,1411.46363636,1397.875,35.766754921
JETAIRWAYS,357.256818182,358.5,10.9730654598
JETAIRWAYS.NS,358.061363636,358.5,12.559837084
JINDALPOLY,333.938636364,337.7,13.2862167375
JINDALPOLY.NS,334.006818182,337.7,13.3831387828
JINDALSTEL,71.4977272727,71.85,3.05105279538
JINDALSTEL.NS,71.5863636364,71.85,3.12722994031
JISLJALEQS,86.9409090909,86.375,3.87764153786
JISLJALEQS.NS,87.2,86.375,4.30741332168
JKCEMENT,694.811363636,700.275,33.3453356909
JKCEMENT.NS,694.427272727,697.4,33.1566366526
JKIL,209.809090909,207.625,10.5941205209
JKIL.NS,209.731818182,207.625,10.4589508881
JKLAKSHMI,351.765909091,352.35,10.0426517363
JKLAKSHMI.NS,351.815909091,352.35,10.0745245234
JKTYRE,114.668181818,115.975,3.07476462338
JKTYRE.NS,114.790909091,115.4,3.29518538981
JMFINANCIL,67.3159090909,67.225,1.80299924489
JMFINANCIL.NS,67.3159090909,67.225,1.80359339492
JMTAUTOLTD,19.7409090909,19.2,0.982178865928
JMTAUTOLTD.NS,19.7522727273,19.2,0.972169551243
JPASSOCIAT,8.25681818182,7.725,1.17729466459
JPASSOCIAT.NS,8.27272727273,7.725,1.20837624942
JPINFRATEC,7.52727272727,7.4,0.464124181024
JPINFRATEC.NS,7.53863636364,7.4,0.483767904352
JPPOWER,3.95909090909,3.925,0.153247670406
JPPOWER.NS,3.95454545455,3.925,0.147929432106
JSWENERGY,60.3386363636,59.925,2.5647765993
JSWENERGY.NS,60.2431818182,59.925,2.38398902675
JSWHL,1370.30909091,1357.6,32.978144409
JSWHL.NS,1371.58863636,1357.6,34.9742487983
JSWSTEEL,8176.10909091,1644.55,7354.04727913
JSWSTEEL.NS,8176.10909091,1644.55,7354.04727913
JUBILANT,638.836363636,631.225,46.1450177412
JUBILANT.NS,638.368181818,631.225,45.4757275537
JUBLFOOD,836.277272727,838.975,21.7868884078
JUBLFOOD.NS,835.338636364,835.475,21.903581637
JUSTDIAL,357.325,351.1,22.486936684
JUSTDIAL.NS,358.002272727,351.1,23.1902148765
JYOTHYLAB,342.940909091,337.45,14.0085062285
JYOTHYLAB.NS,342.686363636,337.45,14.2222510259
KAJARIACER,470.190909091,473.45,20.7417260404
KAJARIACER.NS,471.7,473.45,22.9012840147
KALPATPOWR,245.915909091,241.575,11.5117578233
KALPATPOWR.NS,246.306818182,241.575,12.081226044
KANSAINER,329.345454545,329.15001,8.53609979372
KANSAINER.NS,329.281818636,329.15001,8.47546407393
KARURVYSYA,91.03,91.03,1.45452735216e-14
KARURVYSYA.NS,91.03,91.03,1.45452735216e-14
KEC,139.4,139.4,3.96358423652
KEC.NS,139.331818182,139.4,3.89207208415
KESORAMIND,130.527272273,130.025,6.46701644946
KESORAMIND.NS,130.568180455,130.025,6.63323922653
KITEX,407.856818182,407.675,5.41011608569
KITEX.NS,409.322727273,407.675,8.5026848319
KOLTEPATIL,89.2,89.75,4.86775102075
KOLTEPATIL.NS,89.2704545455,89.75,4.89982164619
KOTAKBANK,716.188636364,716.85,8.44149236155
KOTAKBANK.NS,715.652272727,714.1,8.59096254478
KPIT,135.647727273,135.525,1.81780069057
KPIT.NS,135.956818182,136.175,1.92881011029
KPRMILL,1129.9,1129.9,2.32724376346e-13
KPRMILL.NS,564.95,564.95,1.16362188173e-13
KRBL,295.697727273,296.35,12.1436195012
KRBL.NS,295.643181818,296.35,12.0677186018
KSBPUMPS,612.640909091,614.95,10.93945063
KSBPUMPS.NS,612.225,613.45,10.8730088489
KSCL,405.684090909,406.175,12.2180135004
KSCL.NS,405.884090909,406.175,12.5593864193
KTKBANK,112.168181818,112.65,3.36941938811
KTKBANK.NS,112.302272727,112.65,3.57189683077
KWALITY,125.661363636,126.85,5.05500534167
KWALITY.NS,125.984090909,126.85,5.43908663471
LAKSHVILAS,140.784090909,141.575,2.5822833364
LAKSHVILAS.NS,140.720454545,141.575,2.69729401839
LALPATHLAB,1067.7,1068.925,31.6574936589
LALPATHLAB.NS,1067.38863636,1068.925,31.2090452846
LAOPALA,477.315909091,469.575,22.953822103
LAOPALA.NS,477.688636364,472.6,22.8361291223
LAXMIMACH,3953.70681818,3948.025,46.2227404749
LAXMIMACH.NS,3952.91136364,3948.025,45.7885407057
LICHSGFIN,541.277272727,542.525,13.4848921396
LICHSGFIN.NS,541.129545455,542.525,13.6903742609
LINDEINDIA,355.315906818,353.97499,6.57606195085
LINDEINDIA.NS,355.60227,354.199995,6.5118641199
LITL,3.67954545455,3.625,0.140288046286
LITL.NS,3.67045454545,3.625,0.132430656526
LT,1359.66363636,1358.225,20.5087622494
LT.NS,1359.03863636,1358.225,19.6175573198
LUPIN,1478.325,1483.675,29.0589743125
LUPIN.NS,1476.22954545,1483.675,27.2466365731
MAGMA,103.134090909,104.05,2.58265212356
MAGMA.NS,102.686363636,103.8,2.71938288772
MAHINDCIE,183.547727273,183.35,4.2383587702
MAHINDCIE.NS,183.663636364,183.35,4.40387226303
MAHLIFE,356.345454545,358.1,4.58838879001
MAHLIFE.NS,356.572727273,358.1,4.79103148434
MANAPPURAM,66.8863636364,67.95,4.38732432339
MANAPPURAM.NS,66.8363636364,67.95,4.33378702254
MANPASAND,545.361363636,547.525,15.6531826356
MANPASAND.NS,545.309090909,547.525,15.6922989633
MARICO,252.774998636,251.60001,5.76429278073
MARICO.NS,252.663636364,251.60001,5.64039874094
MARKSANS,40.9068181818,40.8,1.09406357595
MARKSANS.NS,40.9522727273,40.875,1.0828178927
MARUTI,5302.12954545,5210.575,196.1868847
MARUTI.NS,5306.77727273,5210.575,204.38707601
MAYURUNIQ,346.586363636,343.15,6.94982325603
MAYURUNIQ.NS,346.377272727,343.15,7.09586947712
MCLEODRUSS,143.731818182,141.25,4.65378866277
MCLEODRUSS.NS,144.140909091,142.925,4.62002979695
MERCK,990.338636364,985.85,21.2343215653
MERCK.NS,989.445454545,985.85,21.7809380897
MFSL,546.288636364,546.45,11.1827453378
MFSL.NS,546.038636364,545.8,11.2084782092
MHRIL,396.6,396.125,3.96619645072
MHRIL.NS,396.329545455,396.125,4.22277439524
MINDTREE,502.081818182,500.2,14.1100567433
MINDTREE.NS,501.275,498.5,14.5173848983
MMTC,54.4886363636,52.4,5.64028730732
MMTC.NS,55.1772727273,52.4,6.93084422936
MOIL,363.275,356.9,19.9846533382
MOIL.NS,364.856818182,356.9,23.4837851631
MONSANTO,2255.11136364,2255.975,9.93065158532
MONSANTO.NS,2255.24545455,2255.975,10.0209769162
MOTHERSUMI,321.952274091,321.875,6.99284171145
MOTHERSUMI.NS,321.679547273,321.875,6.64618664775
MOTILALOFS,515.295454545,513.7,12.5219037527
MOTILALOFS.NS,515.579545455,516.25,12.5184307845
MPHASIS,545.231818182,547.125,16.9081943043
MPHASIS.NS,545.670454545,547.125,16.4837702221
MRF,50421.2636364,50388.75,1614.73948232
MRF.NS,50476.5272727,50388.75,1685.3299361
MRPL,97.55,95.675,7.20104159133
MRPL.NS,97.6795454545,95.675,7.45798803283
MTNL,19.3818181818,19.6,0.738973782405
MTNL.NS,19.4431818182,19.65,0.783656790545
MUTHOOTFIN,280.572727273,280.1,10.508360926
MUTHOOTFIN.NS,280.102272727,280.1,9.93529635373
MYSOREBANK,540.015909091,535.35,18.2508994323
MYSOREBANK.NS,540.040909091,535.35,18.2287883016
NATCOPHARM,595.881818182,594.45,13.7296129853
NATCOPHARM.NS,596.956818182,594.45,16.3121507111
NATIONALUM,62.5909090909,64.1,3.83736753653
NATIONALUM.NS,62.7386363636,64.1,3.98526846255
NAUKRI,867.247727273,866.7,27.8639145255
NAUKRI.NS,865.356818182,859.725,28.057968461
NAVINFLUOR,2482.37272727,2485.05,87.2062780714
NAVINFLUOR.NS,2495.37727273,2485.05,114.317370183
NAVKARCORP,168.825,170.325,5.82381706771
NAVKARCORP.NS,169.15,170.325,6.17604820485
NBCC,234.663636364,228.925,12.253300642
NBCC.NS,235.754545455,228.925,14.2271613898
NCC,81.5590909091,82.175,2.73859698019
NCC.NS,81.4931818182,81.975,2.70666265487
NETWORK18,34.5454545455,35.1,1.68825840742
NETWORK18.NS,34.5659090909,35.1,1.69799506166
NH,338.190909091,338.3,3.1571399189
NH.NS,338.211363636,338.3,3.16780424999
NHPC,26.8431818182,26.95,0.458593983343
NHPC.NS,26.8454545455,26.95,0.461340977841
NIITTECH,426.734090909,426.725,5.34489935679
NIITTECH.NS,427.459090909,428.1,5.28088728935
NILKAMAL,1328.21363636,1321.3,67.3986844259
NILKAMAL.NS,1338.31590909,1321.3,84.5288291007
NITINFIRE,25.8477272727,25.725,1.81852093699
NITINFIRE.NS,25.8045454545,25.725,1.77051977107
NLCINDIA,76.8840909091,76.325,2.06595915483
NLCINDIA.NS,77.1295454545,76.325,2.55662813146
NMDC,127.845454545,127.825,5.13762751182
NMDC.NS,127.947727273,127.825,5.32278295615
NTPC,162.838636364,163.6,2.08594684554
NTPC.NS,162.718181818,163.3,2.05510661608
OBEROIRLTY,305.134090909,305.65,9.30626243788
OBEROIRLTY.NS,305.170454545,306.0,9.31162431601
OCL,727.529545455,742.575,33.1973523725
OCL.NS,727.220454545,742.575,32.9357045335
OFSS,3158.98181818,3153.85,31.9755395556
OFSS.NS,3156.65909091,3153.85,34.3006651205
OIL,502.193636364,471.125,68.1802983375
OIL.NS,502.668636364,471.125,68.0026632739
OMAXE,159.059090909,159.075,1.12774916618
OMAXE.NS,158.997727273,158.95,1.10781609192
ONGC,212.113636364,199.75,39.9850036824
ONGC.NS,207.094681818,198.225,34.2355463884
ORIENTBANK,109.990909091,110.075,4.86164866127
ORIENTBANK.NS,110.077272727,110.075,4.87395232388
ORIENTCEM,125.418181818,126.05,3.45851418189
ORIENTCEM.NS,125.509090909,126.05,3.51536208132
ORISSAMINE,2193.20681818,2137.8,116.914394095
ORISSAMINE.NS,2193.22272727,2137.8,117.003636215
PAGEIND,13601.4136364,13689.1,303.308560938
PAGEIND.NS,13616.7272727,13689.1,314.490239355
PCJEWELLER,386.418181818,390.55,17.9588123047
PCJEWELLER.NS,386.086363636,390.55,17.5000964747
PEL,1611.94318182,1611.125,83.1656641253
PEL.NS,1614.17727273,1611.125,85.8808542432
PERSISTENT,616.631818182,612.0,16.5540496085
PERSISTENT.NS,616.211363636,612.0,15.9827282657
PETRONET,370.840909091,373.75,9.64379440691
PETRONET.NS,370.3,373.225,9.79107951634
PFC,125.311363636,126.4,4.50911594699
PFC.NS,125.352272727,126.4,4.55533379867
PFIZER,1825.68409091,1819.975,25.1692527197
PFIZER.NS,1824.62045455,1819.975,26.1833492123
PFS,38.1613636364,38.375,0.933239597952
PFS.NS,38.1636363636,38.375,0.936836345186
PGHH,6870.31363636,6861.45,126.408721239
PGHH.NS,6865.075,6849.1,127.934089941
PHOENIXLTD,371.240909091,369.925,6.56884124672
PHOENIXLTD.NS,371.354545455,369.925,6.49981518219
PIDILITIND,601.070454545,605.45,11.8469270588
PIDILITIND.NS,601.806818182,605.45,13.1947887933
PIIND,820.768181818,819.675,13.4014528837
PIIND.NS,818.997727273,816.9,11.8803005942
PNB,120.088636364,119.05,5.08941319047
PNB.NS,120.136363636,119.4,5.0818346382
PNCINFRA,104.454545455,104.65,1.00497679325
PNCINFRA.NS,104.463636364,104.7,1.01150310338
POLARIS,150.909090909,151.3,3.66097945402
POLARIS.NS,151.306818182,151.3,4.35458968201
POWERGRID,184.161363636,183.575,3.28539088847
POWERGRID.NS,183.956818182,183.575,3.04041411084
PRAJIND,80.7909090909,79.975,2.44251219053
PRAJIND.NS,80.9022727273,79.975,2.63896973371
PRESTIGE,168.579545455,169.325,5.07889327771
PRESTIGE.NS,169.236363636,169.325,5.9700877759
PRISMCEM,82.4,83.075,3.3236526092
PRISMCEM.NS,82.6409090909,83.075,3.58537493436
PTC,74.6704545455,74.45,2.05800753683
PTC.NS,74.825,74.45,2.362844835
PUNJLLOYD,19.2863636364,19.3,0.574493942564
PUNJLLOYD.NS,19.35,19.3,0.695050529167
PVR,1111.59318182,1098.2,51.9179992081
PVR.NS,1113.56590909,1098.2,55.2239388791
RADICO,114.354545455,112.875,4.90953661597
RADICO.NS,114.172727273,112.875,4.67202228246
RAIN,53.725,53.7,0.951283593988
RAIN.NS,53.775,53.925,0.969628058293
RAJESHEXPO,462.000000455,451.024995,24.0806597471
RAJESHEXPO.NS,461.622728636,451.024995,23.4462220066
RALLIS,197.765912273,198.775,5.28615429388
RALLIS.NS,198.113639091,198.775,5.8214948189
RAMCOCEM,542.713636364,535.575,24.3855742964
RAMCOCEM.NS,543.777272727,535.575,26.5550225151
RAMCOSYS,342.106818182,344.05,27.572723303
RAMCOSYS.NS,343.559090909,344.05,29.5916559843
RAYMOND,492.468181818,489.625,17.7582679969
RAYMOND.NS,492.220454545,489.625,17.4991405169
RCF,48.25,47.4,3.13976037909
RCF.NS,48.4818181818,47.4,3.67217806961
RCOM,34.7590909091,34.65,1.17043300531
RCOM.NS,34.6909090909,34.65,1.24734349754
RDEL,54.7840909091,55.025,0.914224412853
RDEL.NS,54.9568181818,55.025,1.25729258012
RECLTD,126.638636364,127.95,4.21052908728
RECLTD.NS,126.675,127.8,4.23448850006
REDINGTON,95.4909090909,95.95,1.5208578691
REDINGTON.NS,95.8181818182,95.95,1.95414976363
RELAXO,402.445454545,401.2,3.95973511292
RELAXO.NS,402.320454545,400.7,4.02822361567
RELCAPITAL,438.418181818,441.6,12.1657652516
RELCAPITAL.NS,438.384090909,441.6,12.1416970098
RELIANCE,1062.93409091,1062.9,15.0577490442
RELIANCE.NS,1063.73636364,1062.9,16.0371976965
RELIGARE,254.415909091,255.05,4.53238049415
RELIGARE.NS,253.977272727,253.95,4.73780960221
RELINFRA,481.470454545,482.825,16.2504480458
RELINFRA.NS,481.861363636,482.825,16.6323904577
RENUKA,13.8386363636,13.65,0.769806997794
RENUKA.NS,13.9,13.65,0.887881373458
REPCOHOME,548.431818182,537.8,30.7551797629
REPCOHOME.NS,548.568181818,537.8,31.0288864856
RIIL,388.45,388.75,9.50548713714
RIIL.NS,388.254545455,388.75,9.28322743922
RKFORGE,307.409090909,299.425,19.5691790978
RKFORGE.NS,307.102272727,299.425,19.0888304244
ROLTA,64.1113636364,63.3,3.45560041707
ROLTA.NS,64.1636363636,63.7,3.44729644995
RPOWER,41.9159090909,41.925,1.22419909325
RPOWER.NS,41.9113636364,41.925,1.21664368715
RTNPOWER,6.95454545455,7.0,0.227778657655
RTNPOWER.NS,6.93409090909,6.95,0.210094289284
RUCHISOYA,19.4772727273,19.625,0.492739492828
RUCHISOYA.NS,19.4977272727,19.625,0.52383141434
SADBHAV,270.679545455,272.675,5.1510900162
SADBHAV.NS,270.531818182,272.15,5.09403351865
SAIL,51.1068181818,51.45,1.85422910785
SAIL.NS,51.1613636364,51.45,1.89139226989
SANOFI,4260.09318182,4263.25,42.8993375891
SANOFI.NS,4260.40909091,4263.25,42.5540262668
SBBJ,687.177272727,678.6,22.7819776686
SBBJ.NS,687.468181818,678.6,22.5409920001
SBIN,252.093181818,248.95,8.1242039237
SBIN.NS,252.254545455,248.95,8.0136625758
SBT,539.984090909,533.725,19.8820652992
SBT.NS,540.070454545,533.725,19.8029859406
SCHNEIDER,140.220454545,139.575,4.21634176494
SCHNEIDER.NS,139.993181818,139.575,4.07896156996
SCI,60.4295454545,60.475,2.69914709152
SCI.NS,60.5659090909,60.475,2.89870194117
SEQUENT,112.875,110.05,5.16752105071
SEQUENT.NS,113.384090909,110.05,6.37327729037
SFCL,97.8954545455,98.125,1.61892888538
SFCL.NS,97.9613636364,98.125,1.70865665824
SHARDACROP,453.970454545,446.925,16.6587504468
SHARDACROP.NS,454.581818182,446.925,17.5455430879
SHILPAMED,705.997727273,698.1,28.7611364654
SHILPAMED.NS,706.247727273,700.725,28.7085663227
SHK,302.040909091,300.4,14.1089353346
SHK.NS,302.493181818,300.4,14.7054111797
SHOPERSTOP,290.761363636,292.2,5.49512623492
SHOPERSTOP.NS,290.815909091,292.45,5.51427555065
SHREECEM,14159.8909091,14125.55,439.175774452
SHREECEM.NS,14170.2227273,14125.55,443.898794699
SHRIRAMCIT,1803.66590909,1799.825,40.5299812201
SHRIRAMCIT.NS,1801.975,1799.825,39.6495533813
SIEMENS,1112.01136364,1115.55,32.974058822
SIEMENS.NS,1111.70681818,1115.55,32.6824049629
SIMPLEXINF,279.938636364,282.825,8.43155823335
SIMPLEXINF.NS,279.925,282.05,8.52064369914
SINTEX,76.5068181818,75.475,3.79141559989
SINTEX.NS,76.7090909091,75.475,4.14931538712
SITINET,37.4318181818,37.275,0.370503343133
SITINET.NS,37.4431818182,37.375,0.369779681685
SJVN,30.1977272727,30.15,0.305690970912
SJVN.NS,30.2,30.15,0.306283404398
SKFINDIA,1264.13863636,1262.5,19.975144864
SKFINDIA.NS,1265.32045455,1262.5,20.9962335573
SMLISUZU,1088.21818182,1056.775,62.5415586506
SMLISUZU.NS,1087.77954545,1056.775,61.9150928963
SNOWMAN,52.3272727273,51.7,2.17445818499
SNOWMAN.NS,52.3704545455,51.7,2.23886977709
SOBHA,251.959090909,248.0,7.92310720019
SOBHA.NS,251.795454545,248.0,7.62080343675
SOLARINDS,682.375,680.75,18.2121868539
SOLARINDS.NS,681.818181818,680.75,17.684244706
SOMANYCERA,490.047727273,489.275,11.7725515832
SOMANYCERA.NS,490.2,489.275,11.6190422521
SONATSOFTW,189.209090909,190.25,10.565810049
SONATSOFTW.NS,189.138636364,190.25,10.524268234
SOUTHBANK,20.3386363636,20.5,0.810927132271
SOUTHBANK.NS,20.3704545455,20.5,0.828173419111
SPARC,307.252272727,307.55,4.43899058862
SPARC.NS,307.138636364,307.55,4.45827031958
SREINFRA,76.4590909091,76.525,2.86417262896
SREINFRA.NS,76.5681818182,76.525,3.05542240298
SRF,1523.85,1521.425,33.2516558843
SRF.NS,1524.57954545,1521.425,34.2817515635
SRTRANSFIN,853.590909091,846.1,46.8525718061
SRTRANSFIN.NS,854.193181818,846.1,47.9064572033
STAR,1071.09090909,1070.875,25.6724914681
STAR.NS,1076.86590909,1070.875,36.697500195
STCINDIA,171.543181818,180.8,47.5734852509
STCINDIA.NS,172.036363636,180.8,48.2503026929
SUNDARMFIN,1174.51136364,1174.625,33.400659146
SUNDARMFIN.NS,1177.19545455,1174.625,36.6189253343
SUNDRMFAST,286.611363636,284.95,11.1956936004
SUNDRMFAST.NS,286.727272727,284.95,11.4031399944
SUNPHARMA,637.059090455,635.074985,20.8798700769
SUNPHARMA.NS,636.563635,633.149995,20.873788794
SUNTECK,226.184090909,226.075,12.5585048621
SUNTECK.NS,226.670454545,226.075,13.4204060961
SUNTV,500.993181818,495.125,19.1119714132
SUNTV.NS,501.402272727,495.125,19.8566018605
SUPRAJIT,194.365909091,194.5,5.83302148208
SUPRAJIT.NS,194.781818182,195.075,6.0210651141
SUPREMEIND,897.813636364,904.225,13.8242986718
SUPREMEIND.NS,895.234090909,899.25,14.9739963998
SUVEN,171.522727273,173.5,5.13806354279
SUVEN.NS,171.645454545,172.95,5.27620239266
SUZLON,14.2636363636,14.275,0.431823877839
SUZLON.NS,14.2886363636,14.275,0.46186264145
SWANENERGY,166.722727273,163.5,15.0149982737
SWANENERGY.NS,166.745454545,163.5,15.0214918184
SYMPHONY,1186.34772727,1190.825,22.3018869438
SYMPHONY.NS,1184.16136364,1180.5,22.7830812949
SYNDIBANK,62.8090909091,62.175,1.96981002007
SYNDIBANK.NS,62.9068181818,62.175,1.98867600455
SYNGENE,572.070454545,578.775,23.7514343381
SYNGENE.NS,573.052272727,578.775,24.4088317217
TAKE,138.615909091,139.7,3.70554238571
TAKE.NS,139.045454545,139.7,4.27865435819
TATACHEM,493.05,488.95,11.7150086885
TATACHEM.NS,493.370454545,488.95,12.1791161917
TATACOFFEE,114.009090909,114.9,2.04634612603
TATACOFFEE.NS,113.965909091,114.4,2.03782016845
TATACOMM,627.559090909,629.0,10.4580412939
TATACOMM.NS,627.302272727,629.0,10.3357732596
TATAELXSI,1403.07727273,1406.8,49.4849802304
TATAELXSI.NS,1403.74318182,1409.725,49.5067943761
TATAGLOBAL,122.520454545,123.35,2.30551404716
TATAGLOBAL.NS,122.515909091,123.35,2.30162397966
TATAMOTORS,475.622727273,471.9,13.6020545303
TATAMOTORS.NS,476.572727273,471.9,15.6424462774
TATAMTRDVR,302.670454545,298.15,9.89716961814
TATAMTRDVR.NS,302.970454545,298.15,10.5229981593
TATAPOWER,76.0545454545,76.3,1.45748552969
TATAPOWER.NS,76.0227272727,76.225,1.44112450081
TATASPONGE,574.295454545,575.95,16.6236915639
TATASPONGE.NS,574.495454545,575.95,16.9263524401
TATASTEEL,406.172727273,406.1,13.2543678989
TATASTEEL.NS,406.845454545,406.1,14.1988925548
TCS,2301.38636364,2300.4,51.4465399406
TCS.NS,2303.94318182,2310.55,51.1018038435
TECHM,477.538636364,475.55,9.3750165945
TECHM.NS,477.877272727,475.55,9.14145095382
TECHNO,304.925,301.55,10.5977732387
TECHNO.NS,305.529545455,301.55,12.1408074091
TEXRAIL,111.643181818,112.5,2.55870574866
TEXRAIL.NS,111.731818182,112.5,2.63274008332
THERMAX,787.388636364,788.9,31.4380340315
THERMAX.NS,787.072727273,788.9,31.2691264412
THOMASCOOK,186.775,186.7,4.59108219424
THOMASCOOK.NS,187.034090909,186.7,5.07246033953
TIDEWATER,5609.79772727,5610.675,94.958557975
TIDEWATER.NS,5633.66363636,5610.675,143.377491411
TIMKEN,598.252272727,586.05,22.361885501
TIMKEN.NS,598.295454545,586.05,22.4101322168
TITAN,328.688636364,321.325,17.575902956
TITAN.NS,328.945454545,321.325,18.0273727656
TNPL,338.661363636,338.325,8.50849619943
TNPL.NS,338.536363636,338.325,8.4558261377
TORNTPHARM,1319.54318182,1311.55,32.7807445493
TORNTPHARM.NS,1317.16136364,1311.55,29.3182899676
TORNTPOWER,178.709090909,179.0,3.81886409076
TORNTPOWER.NS,178.738636364,179.0,3.82547637302
TRENT,199.025,199.925,2.31041894779
TRENT.NS,198.993181818,199.85,2.31183783078
TRIDENT,57.9909090909,58.45,1.54716610088
TRIDENT.NS,58.0863636364,58.45,1.65437240425
TRITURBINE,117.743181818,118.45,1.8052367906
TRITURBINE.NS,117.756818182,118.425,1.83025469569
TTKPRESTIG,5559.32272727,5585.725,137.247489982
TTKPRESTIG.NS,5556.58636364,5585.125,136.082383295
TUBEINVEST,573.715909091,575.05,8.2190745969
TUBEINVEST.NS,574.197727273,575.95,8.45394353278
TV18BRDCST,37.2272727273,37.35,0.799661725018
TV18BRDCST.NS,37.2045454545,37.35,0.781163523352
TVSMOTOR,373.013636364,373.175,10.202942874
TVSMOTOR.NS,372.740909091,373.175,9.84226353616
TVSSRICHAK,3262.33636364,3219.825,95.1555120414
TVSSRICHAK.NS,3265.96590909,3219.825,95.9393563247
TVTODAY,270.513636364,270.675,10.8679649584
TVTODAY.NS,270.309090909,269.25,10.7871466323
UBL,794.752272727,796.55,24.7474264043
UBL.NS,795.175,796.55,24.9043778423
UCOBANK,33.7522727273,33.725,0.568305181413
UCOBANK.NS,33.7227272727,33.7,0.560553993136
UFLEX,267.013636364,264.75,9.9486800012
UFLEX.NS,267.097727273,264.75,10.1230110013
ULTRACEMCO,3250.20454545,3257.35,105.882996869
ULTRACEMCO.NS,3246.83181818,3257.35,104.025886826
UNICHEMLAB,263.393181818,264.525,7.43170965805
UNICHEMLAB.NS,263.525,264.525,7.66750642399
UNIONBANK,129.606818182,128.0,6.41347716874
UNIONBANK.NS,129.634090909,127.775,6.43606627795
UNITECH,4.35909090909,4.35,0.287284645487
UNITECH.NS,4.35227272727,4.35,0.280932661279
UPL,649.356818182,649.05,20.2980135989
UPL.NS,650.111363636,649.05,20.8984673157
VAKRANGEE,272.709090909,273.125,3.71001336038
VAKRANGEE.NS,272.802272727,273.125,3.68027164088
VEDL,224.781816364,225.25,9.80502572256
VEDL.NS,224.961361364,225.25,9.93302809829
VGUARD,164.606818182,164.65,4.19089987651
VGUARD.NS,164.545454545,164.6,4.20928421386
VIDEOIND,104.004545455,104.075,0.200540395473
VIDEOIND.NS,104.011363636,104.05,0.208698813617
VIJAYABANK,47.9068181818,47.725,0.924185027669
VIJAYABANK.NS,48.0659090909,47.725,1.2296327717
VINATIORGA,597.422727273,595.625,18.7437464319
VINATIORGA.NS,598.479545455,595.625,20.9776789486
VIPIND,119.052272727,118.55,2.83441760511
VIPIND.NS,118.865909091,118.55,2.69198043418
VOLTAS,323.615909091,321.0,10.3908428821
VOLTAS.NS,324.225,321.0,11.3306553209
VRLLOG,264.888636364,265.675,4.08440506299
VRLLOG.NS,265.838636364,265.675,6.4085495688
VSTIND,2319.17045455,2300.625,78.7346276139
VSTIND.NS,2319.90909091,2300.625,79.7008209857
VTL,1101.05681818,1098.825,12.7142710917
VTL.NS,1101.21363636,1099.925,12.6870873784
WABAG,471.420454545,472.875,9.75747160716
WABAG.NS,471.568181818,472.875,9.90184621379
WABCOINDIA,5079.93409091,5060.575,158.818209483
WABCOINDIA.NS,5087.68409091,5060.575,167.05695093
WELCORP,77.1431818182,76.8,2.07968034715
WELCORP.NS,77.2931818182,76.8,2.28380923723
WELSPUNIND,67.675,67.55,2.39079335308
WELSPUNIND.NS,67.5181818182,67.55,2.2722731148
WHIRLPOOL,891.227272727,883.7,27.1740673265
WHIRLPOOL.NS,890.561363636,883.7,26.5032564568
WIPRO,466.734093636,466.47499,6.34097463865
WIPRO.NS,467.125001818,466.47499,6.70260718641
WOCKPHARMA,674.984090909,671.25,22.4730970716
WOCKPHARMA.NS,673.897727273,671.25,20.8727521018
WONDERLA,341.370454545,342.825,5.98781817111
WONDERLA.NS,342.195454545,342.825,6.94546630288
YESBANK,1170.32954545,1163.025,43.034497953
YESBANK.NS,1171.57045455,1163.025,45.48046849
ZEEL,448.743181818,445.35,10.3543560589
ZEEL.NS,449.045454545,445.35,10.8365003696
ZEELEARN,40.2659090909,39.95,1.96434809031
ZEELEARN.NS,40.3090909091,39.95,2.07803916066
ZENSARTECH,961.981818182,947.475,33.2319680624
ZENSARTECH.NS,961.565909091,947.475,33.5586564887
ZYDUSWELL,858.738636364,862.0,12.1386820872
ZYDUSWELL.NS,858.793181818,862.0,12.2207502639
Nifty50,8134.12950564,8162.1999515,101.377697516
Nifty500,6966.35682259,6982.799805,99.328553664
