,Old_Rank,New_Rank,Difference,Start_Date,End_Date,Mean_Price,Volatility,Start_Price,End_Price,nday_Return,Mean_log_Return,Min_Day_Change,Max_Day_Change,Start_Date,End_Date,Mean_Price,Volatility,Start_Price,End_Price,nday_Return,Mean_log_Return,Min_Day_Change,Max_Day_Change
THERMAX,485,9,476,2016-12-27,2017-01-02,746.95,0.0,758.35,737.6,-0.03,-0.01,-0.01,-0.0,2017-01-02,2017-01-06,780.79,0.02,737.6,805.35,0.09,0.02,-0.01,0.04
RKFORGE,456,4,452,2016-12-27,2017-01-02,292.82,0.03,299.0,299.95,0.0,0.0,-0.02,0.06,2017-01-02,2017-01-06,326.24,0.03,299.95,342.6,0.13,0.03,0.01,0.09
RADICO,465,14,451,2016-12-27,2017-01-02,111.08,0.01,111.4,110.65,-0.01,-0.0,-0.01,0.01,2017-01-02,2017-01-06,116.45,0.03,110.65,121.3,0.09,0.02,-0.01,0.05
CUB,461,26,435,2016-12-27,2017-01-02,129.36,0.01,130.7,129.7,-0.01,-0.0,-0.02,0.0,2017-01-02,2017-01-06,133.45,0.01,129.7,138.8,0.07,0.02,-0.01,0.03
EMAMILTD,472,45,427,2016-12-27,2017-01-02,970.05,0.01,979.35,972.4,-0.01,-0.0,-0.02,0.02,2017-01-02,2017-01-06,1025.49,0.03,972.4,1031.25,0.06,0.01,-0.02,0.06
NATCOPHARM,452,25,427,2016-12-27,2017-01-02,590.96,0.03,585.25,584.6,-0.0,-0.0,-0.03,0.04,2017-01-02,2017-01-06,596.83,0.02,584.6,624.95,0.07,0.02,-0.0,0.05
TECHNO,455,30,425,2016-12-27,2017-01-02,303.63,0.01,303.95,303.1,-0.0,-0.0,-0.02,0.01,2017-01-02,2017-01-06,313.8,0.02,303.1,325.65,0.07,0.02,0.0,0.04
AVANTIFEED,425,20,405,2016-12-27,2017-01-02,487.88,0.0,482.85,490.0,0.01,0.0,-0.0,0.01,2017-01-02,2017-01-06,501.91,0.02,490.0,528.85,0.08,0.02,0.0,0.04
PCJEWELLER,462,59,403,2016-12-27,2017-01-02,393.83,0.01,396.1,390.5,-0.01,-0.0,-0.01,0.01,2017-01-02,2017-01-06,399.84,0.02,390.5,411.55,0.05,0.01,-0.0,0.05
DEN,409,11,398,2016-12-27,2017-01-02,65.98,0.02,65.35,66.0,0.01,0.0,-0.02,0.02,2017-01-02,2017-01-06,69.88,0.03,66.0,72.05,0.09,0.02,-0.02,0.06
FINCABLES,487,99,388,2016-12-27,2017-01-02,413.56,0.01,420.15,404.4,-0.04,-0.01,-0.02,0.0,2017-01-02,2017-01-06,413.45,0.01,404.4,421.8,0.04,0.01,0.0,0.02
DEEPAKFERT,410,28,382,2016-12-27,2017-01-02,207.73,0.01,209.05,210.3,0.01,0.0,-0.02,0.01,2017-01-02,2017-01-06,219.51,0.01,210.3,225.8,0.07,0.02,0.01,0.03
VRLLOG,464,84,380,2016-12-27,2017-01-02,259.24,0.0,260.1,258.8,-0.01,-0.0,-0.0,0.0,2017-01-02,2017-01-06,265.04,0.01,258.8,271.4,0.05,0.01,-0.0,0.02
JINDALPOLY,408,32,376,2016-12-27,2017-01-02,317.18,0.01,317.3,321.5,0.01,0.0,-0.02,0.01,2017-01-02,2017-01-06,337.07,0.01,321.5,344.65,0.07,0.02,0.0,0.04
CHAMBLFERT,373,1,372,2016-12-27,2017-01-02,70.67,0.01,70.0,71.35,0.02,0.0,-0.0,0.02,2017-01-02,2017-01-06,77.99,0.04,71.35,85.95,0.19,0.05,-0.01,0.11
LAOPALA,474,103,371,2016-12-27,2017-01-02,448.0,0.01,452.8,450.1,-0.01,-0.0,-0.02,0.02,2017-01-02,2017-01-06,464.28,0.02,450.1,468.5,0.04,0.01,-0.01,0.04
YESBANK,376,8,368,2016-12-27,2017-01-02,1138.09,0.02,1128.0,1144.65,0.01,0.0,-0.01,0.03,2017-01-02,2017-01-06,1185.53,0.01,1144.65,1246.75,0.09,0.02,0.0,0.04
CADILAHC,393,29,364,2016-12-27,2017-01-02,352.48,0.01,350.75,354.5,0.01,0.0,-0.01,0.02,2017-01-02,2017-01-06,363.58,0.01,354.5,379.45,0.07,0.02,0.0,0.03
ONGC,415,57,358,2016-12-27,2017-01-02,191.08,0.0,190.3,192.25,0.01,0.0,-0.0,0.01,2017-01-02,2017-01-06,196.35,0.01,192.25,202.55,0.05,0.01,0.0,0.02
SYMPHONY,482,146,336,2016-12-27,2017-01-02,1172.5,0.02,1176.55,1152.65,-0.02,-0.01,-0.02,0.02,2017-01-02,2017-01-06,1168.94,0.01,1152.65,1192.55,0.03,0.01,-0.0,0.02
MRF,397,65,332,2016-12-27,2017-01-02,48812.52,0.0,48692.9,49084.4,0.01,0.0,-0.0,0.01,2017-01-02,2017-01-06,50630.34,0.01,49084.4,51579.2,0.05,0.01,-0.0,0.03
CANBK,478,148,330,2016-12-27,2017-01-02,263.47,0.01,267.55,262.45,-0.02,-0.0,-0.01,0.01,2017-01-02,2017-01-06,265.57,0.01,262.45,270.35,0.03,0.01,-0.0,0.01
WELCORP,430,102,328,2016-12-27,2017-01-02,75.22,0.02,75.8,75.95,0.0,0.0,-0.02,0.02,2017-01-02,2017-01-06,77.46,0.01,75.95,79.2,0.04,0.01,0.0,0.03
VIJAYABANK,439,124,315,2016-12-27,2017-01-02,47.33,0.01,47.0,47.0,0.0,0.0,-0.01,0.01,2017-01-02,2017-01-06,47.91,0.03,47.0,49.05,0.04,0.01,-0.02,0.05
SUNDRMFAST,358,46,312,2016-12-27,2017-01-02,287.54,0.01,282.1,287.65,0.02,0.0,-0.01,0.02,2017-01-02,2017-01-06,297.24,0.03,287.65,304.1,0.06,0.01,-0.02,0.07
CIPLA,443,143,300,2016-12-27,2017-01-02,565.14,0.0,563.65,566.0,0.0,0.0,-0.0,0.01,2017-01-02,2017-01-06,574.12,0.01,566.0,582.85,0.03,0.01,-0.01,0.02
IPAPPM,403,108,295,2016-12-27,2017-01-02,293.26,0.01,294.2,296.05,0.01,0.0,-0.01,0.01,2017-01-02,2017-01-06,303.65,0.01,296.05,307.7,0.04,0.01,0.0,0.03
WELSPUNIND,378,88,290,2016-12-27,2017-01-02,66.46,0.0,65.95,66.7,0.01,0.0,-0.0,0.01,2017-01-02,2017-01-06,69.73,0.02,66.7,70.15,0.05,0.01,-0.01,0.04
BANKBARODA,467,180,287,2016-12-27,2017-01-02,150.77,0.02,149.9,148.9,-0.01,-0.0,-0.03,0.01,2017-01-02,2017-01-06,149.94,0.01,148.9,153.25,0.03,0.01,-0.0,0.02
SOBHA,324,39,285,2016-12-27,2017-01-02,247.52,0.01,245.95,252.15,0.02,0.01,-0.01,0.03,2017-01-02,2017-01-06,259.78,0.0,252.15,266.5,0.06,0.01,0.01,0.02
FORTIS,348,69,279,2016-12-27,2017-01-02,180.56,0.02,178.85,182.4,0.02,0.0,-0.01,0.03,2017-01-02,2017-01-06,187.09,0.02,182.4,190.9,0.05,0.01,-0.02,0.03
SUZLON,367,89,278,2016-12-27,2017-01-02,13.79,0.01,13.8,14.05,0.02,0.0,-0.01,0.02,2017-01-02,2017-01-06,14.61,0.03,14.05,14.65,0.04,0.01,-0.03,0.05
JSWHL,394,121,273,2016-12-27,2017-01-02,1347.12,0.02,1350.75,1358.7,0.01,0.0,-0.02,0.02,2017-01-02,2017-01-06,1390.93,0.01,1358.7,1413.3,0.04,0.01,-0.01,0.02
BEL,457,185,272,2016-12-27,2017-01-02,1367.87,0.01,1372.15,1365.5,-0.0,-0.0,-0.01,0.01,2017-01-02,2017-01-06,1412.85,0.02,1365.5,1411.65,0.03,0.01,-0.01,0.04
GEPIL,283,12,271,2016-12-27,2017-01-02,465.72,0.02,461.7,476.4,0.03,0.01,-0.01,0.05,2017-01-02,2017-01-06,507.88,0.02,476.4,520.65,0.09,0.02,-0.0,0.06
TAKE,379,114,265,2016-12-27,2017-01-02,134.2,0.01,134.3,135.65,0.01,0.0,-0.01,0.01,2017-01-02,2017-01-06,139.94,0.02,135.65,141.2,0.04,0.01,-0.01,0.04
INDUSINDBK,340,78,262,2016-12-27,2017-01-02,1089.29,0.02,1063.35,1087.45,0.02,0.01,-0.02,0.02,2017-01-02,2017-01-06,1111.96,0.01,1087.45,1144.05,0.05,0.01,-0.0,0.02
TORNTPHARM,334,72,262,2016-12-27,2017-01-02,1299.43,0.01,1291.0,1310.75,0.02,0.0,-0.01,0.03,2017-01-02,2017-01-06,1346.67,0.01,1310.75,1375.9,0.05,0.01,0.01,0.02
REDINGTON,477,216,261,2016-12-27,2017-01-02,95.27,0.01,96.05,94.5,-0.02,-0.0,-0.01,0.01,2017-01-02,2017-01-06,96.12,0.01,94.5,95.95,0.02,0.0,-0.02,0.02
PNB,451,195,256,2016-12-27,2017-01-02,114.83,0.01,116.0,115.6,-0.0,-0.0,-0.02,0.02,2017-01-02,2017-01-06,117.12,0.02,115.6,119.05,0.03,0.01,-0.02,0.02
HMVL,414,159,255,2016-12-27,2017-01-02,264.39,0.01,263.75,266.5,0.01,0.0,-0.01,0.01,2017-01-02,2017-01-06,270.19,0.01,266.5,273.4,0.03,0.01,-0.0,0.01
DBCORP,441,189,252,2016-12-27,2017-01-02,360.19,0.0,360.65,360.75,0.0,0.0,-0.01,0.01,2017-01-02,2017-01-06,369.58,0.01,360.75,373.2,0.03,0.01,-0.01,0.03
ABAN,282,34,248,2016-12-27,2017-01-02,228.51,0.0,224.35,230.7,0.03,0.01,0.0,0.01,2017-01-02,2017-01-06,242.84,0.02,230.7,246.75,0.07,0.02,-0.01,0.04
GMDCLTD,300,52,248,2016-12-27,2017-01-02,91.16,0.01,90.0,93.05,0.03,0.01,-0.0,0.02,2017-01-02,2017-01-06,96.52,0.03,93.05,98.95,0.06,0.02,-0.02,0.06
INDIGO,471,228,243,2016-12-27,2017-01-02,823.88,0.01,830.25,822.35,-0.01,-0.0,-0.02,0.01,2017-01-02,2017-01-06,833.65,0.01,822.35,840.8,0.02,0.01,-0.0,0.03
IOC,289,47,242,2016-12-27,2017-01-02,321.79,0.01,317.3,327.45,0.03,0.01,-0.0,0.02,2017-01-02,2017-01-06,342.91,0.03,327.45,346.35,0.06,0.01,-0.02,0.05
SOUTHBANK,318,77,241,2016-12-27,2017-01-02,19.39,0.01,19.25,19.65,0.02,0.01,-0.01,0.02,2017-01-02,2017-01-06,20.11,0.01,19.65,20.6,0.05,0.01,0.01,0.02
POWERGRID,418,177,241,2016-12-27,2017-01-02,181.65,0.01,181.05,183.65,0.01,0.0,-0.01,0.02,2017-01-02,2017-01-06,187.62,0.02,183.65,188.8,0.03,0.01,-0.01,0.02
UNIONBANK,384,144,240,2016-12-27,2017-01-02,123.75,0.01,124.0,125.55,0.01,0.0,-0.02,0.02,2017-01-02,2017-01-06,126.88,0.01,125.55,129.15,0.03,0.01,-0.01,0.02
LT,449,213,236,2016-12-27,2017-01-02,1350.69,0.01,1355.6,1359.6,0.0,0.0,-0.01,0.01,2017-01-02,2017-01-06,1377.33,0.0,1359.6,1390.95,0.02,0.01,-0.0,0.01
IOB,428,197,231,2016-12-27,2017-01-02,24.12,0.0,24.1,24.15,0.0,0.0,-0.0,0.01,2017-01-02,2017-01-06,24.39,0.01,24.15,24.55,0.02,0.0,-0.0,0.01
ALOKTEXT,383,152,231,2016-12-27,2017-01-02,3.44,0.01,3.4,3.45,0.01,0.0,0.0,0.01,2017-01-02,2017-01-06,3.54,0.03,3.45,3.55,0.03,0.01,-0.03,0.04
KANSAINER,330,105,225,2016-12-27,2017-01-02,318.73,0.01,317.2,324.5,0.02,0.01,-0.0,0.02,2017-01-02,2017-01-06,333.83,0.02,324.5,337.75,0.04,0.01,-0.02,0.03
APOLLOTYRE,463,238,225,2016-12-27,2017-01-02,185.42,0.01,187.85,185.85,-0.01,-0.0,-0.03,0.01,2017-01-02,2017-01-06,187.0,0.01,185.85,188.9,0.02,0.0,-0.01,0.01
BOMDYEING,242,17,225,2016-12-27,2017-01-02,47.46,0.01,47.2,48.75,0.03,0.01,-0.01,0.03,2017-01-02,2017-01-06,51.2,0.03,48.75,53.35,0.09,0.02,-0.01,0.06
ORIENTCEM,479,257,222,2016-12-27,2017-01-02,125.67,0.02,128.7,126.25,-0.02,-0.0,-0.02,0.03,2017-01-02,2017-01-06,127.12,0.01,126.25,127.0,0.01,0.0,-0.01,0.02
NITINFIRE,222,2,220,2016-12-27,2017-01-02,23.78,0.01,23.4,24.45,0.04,0.01,0.0,0.02,2017-01-02,2017-01-06,26.27,0.03,24.45,28.0,0.14,0.03,0.01,0.09
ICICIBANK,466,248,218,2016-12-27,2017-01-02,252.73,0.01,253.55,251.95,-0.01,-0.0,-0.01,0.02,2017-01-02,2017-01-06,254.57,0.01,251.95,258.15,0.02,0.01,-0.01,0.02
TNPL,354,138,216,2016-12-27,2017-01-02,330.51,0.01,325.8,332.2,0.02,0.0,-0.0,0.01,2017-01-02,2017-01-06,341.26,0.01,332.2,342.7,0.03,0.01,-0.01,0.03
CRISIL,475,264,211,2016-12-27,2017-01-02,2205.9,0.0,2219.75,2205.4,-0.01,-0.0,-0.01,0.0,2017-01-02,2017-01-06,2237.49,0.02,2205.4,2234.35,0.01,0.0,-0.02,0.03
SBIN,484,274,210,2016-12-27,2017-01-02,247.59,0.01,248.75,243.6,-0.02,-0.01,-0.03,0.01,2017-01-02,2017-01-06,244.53,0.01,243.6,245.9,0.01,0.0,-0.01,0.01
RUCHISOYA,316,107,209,2016-12-27,2017-01-02,18.96,0.01,18.85,19.3,0.02,0.01,-0.01,0.02,2017-01-02,2017-01-06,19.84,0.01,19.3,20.1,0.04,0.01,-0.01,0.02
APLAPOLLO,328,119,209,2016-12-27,2017-01-02,907.84,0.01,898.5,919.7,0.02,0.01,-0.01,0.02,2017-01-02,2017-01-06,935.87,0.0,919.7,953.1,0.04,0.01,0.0,0.02
GPPL,448,241,207,2016-12-27,2017-01-02,130.28,0.01,131.05,131.25,0.0,0.0,-0.02,0.02,2017-01-02,2017-01-06,132.47,0.01,131.25,134.55,0.02,0.01,-0.02,0.02
UBL,388,182,206,2016-12-27,2017-01-02,774.07,0.01,764.5,775.05,0.01,0.0,-0.01,0.02,2017-01-02,2017-01-06,794.02,0.01,775.05,801.35,0.03,0.01,-0.01,0.02
DCBBANK,332,127,205,2016-12-27,2017-01-02,107.57,0.01,106.75,109.4,0.02,0.01,-0.01,0.02,2017-01-02,2017-01-06,112.14,0.01,109.4,113.95,0.04,0.01,0.0,0.02
GODFRYPHLP,426,221,205,2016-12-27,2017-01-02,1014.82,0.02,999.7,1014.1,0.01,0.0,-0.01,0.03,2017-01-02,2017-01-06,1038.63,0.02,1014.1,1034.05,0.02,0.0,-0.02,0.03
MAHINDCIE,372,168,204,2016-12-27,2017-01-02,181.26,0.02,179.6,182.75,0.02,0.0,-0.01,0.03,2017-01-02,2017-01-06,184.7,0.01,182.75,188.75,0.03,0.01,-0.0,0.03
VIPIND,346,142,204,2016-12-27,2017-01-02,116.96,0.0,115.95,118.3,0.02,0.01,0.0,0.01,2017-01-02,2017-01-06,121.93,0.03,118.3,122.0,0.03,0.01,-0.02,0.04
GSKCONS,422,219,203,2016-12-27,2017-01-02,5015.97,0.01,4999.75,5072.15,0.01,0.0,-0.0,0.01,2017-01-02,2017-01-06,5099.5,0.01,5072.15,5149.1,0.02,0.0,-0.0,0.02
KITEX,407,208,199,2016-12-27,2017-01-02,404.09,0.01,404.85,407.05,0.01,0.0,-0.01,0.01,2017-01-02,2017-01-06,410.26,0.01,407.05,414.5,0.02,0.0,-0.0,0.02
GRANULES,292,94,198,2016-12-27,2017-01-02,106.74,0.01,105.05,108.2,0.03,0.01,0.0,0.02,2017-01-02,2017-01-06,110.78,0.02,108.2,112.25,0.04,0.01,-0.01,0.03
IPCALAB,338,140,198,2016-12-27,2017-01-02,526.52,0.01,517.4,529.55,0.02,0.01,-0.01,0.02,2017-01-02,2017-01-06,540.44,0.02,529.55,544.65,0.03,0.01,-0.01,0.04
CAIRN,362,167,195,2016-12-27,2017-01-02,242.42,0.01,242.55,247.0,0.02,0.0,-0.02,0.02,2017-01-02,2017-01-06,249.41,0.02,247.0,255.7,0.03,0.01,-0.01,0.04
FINPIPE,417,223,194,2016-12-27,2017-01-02,437.43,0.03,432.45,438.75,0.01,0.0,-0.03,0.04,2017-01-02,2017-01-06,442.38,0.01,438.75,446.75,0.02,0.0,-0.01,0.01
TEXRAIL,442,249,193,2016-12-27,2017-01-02,110.5,0.01,110.85,111.25,0.0,0.0,-0.01,0.02,2017-01-02,2017-01-06,113.37,0.02,111.25,113.0,0.02,0.0,-0.01,0.04
RELIGARE,473,281,192,2016-12-27,2017-01-02,256.11,0.01,253.95,252.25,-0.01,-0.0,-0.02,0.02,2017-01-02,2017-01-06,251.45,0.01,252.25,255.05,0.01,0.0,-0.01,0.02
WONDERLA,470,279,191,2016-12-27,2017-01-02,341.99,0.0,343.4,339.25,-0.01,-0.0,-0.01,0.0,2017-01-02,2017-01-06,341.19,0.01,339.25,344.15,0.01,0.0,-0.0,0.02
TV18BRDCST,339,150,189,2016-12-27,2017-01-02,36.47,0.01,35.95,36.85,0.02,0.01,-0.01,0.01,2017-01-02,2017-01-06,37.51,0.01,36.85,38.0,0.03,0.01,0.0,0.01
TVTODAY,287,100,187,2016-12-27,2017-01-02,261.0,0.01,257.9,265.65,0.03,0.01,-0.01,0.02,2017-01-02,2017-01-06,278.68,0.04,265.65,275.7,0.04,0.01,-0.03,0.08
SCHNEIDER,308,122,186,2016-12-27,2017-01-02,135.44,0.01,134.7,137.9,0.02,0.01,-0.0,0.02,2017-01-02,2017-01-06,144.23,0.03,137.9,143.75,0.04,0.01,-0.02,0.07
HTMEDIA,345,161,184,2016-12-27,2017-01-02,72.28,0.01,71.95,73.3,0.02,0.0,-0.0,0.01,2017-01-02,2017-01-06,74.74,0.02,73.3,75.6,0.03,0.01,-0.01,0.03
INFIBEAM,400,218,182,2016-12-27,2017-01-02,1166.64,0.0,1155.9,1170.35,0.01,0.0,-0.0,0.01,2017-01-02,2017-01-06,1185.94,0.01,1170.35,1197.2,0.02,0.01,-0.0,0.02
IDFC,236,54,182,2016-12-27,2017-01-02,53.68,0.04,52.35,54.25,0.04,0.01,-0.04,0.06,2017-01-02,2017-01-06,55.54,0.02,54.25,56.85,0.05,0.01,-0.0,0.04
BALLARPUR,454,273,181,2016-12-27,2017-01-02,15.56,0.0,15.6,15.6,0.0,0.0,-0.0,0.0,2017-01-02,2017-01-06,15.86,0.02,15.6,15.75,0.01,0.0,-0.02,0.02
PRISMCEM,260,79,181,2016-12-27,2017-01-02,77.98,0.01,77.25,79.85,0.03,0.01,-0.01,0.03,2017-01-02,2017-01-06,83.35,0.02,79.85,84.2,0.05,0.01,-0.0,0.04
WOCKPHARMA,219,40,179,2016-12-27,2017-01-02,651.88,0.0,640.6,666.4,0.04,0.01,0.0,0.01,2017-01-02,2017-01-06,676.54,0.02,666.4,710.9,0.06,0.02,-0.0,0.05
DENABANK,302,123,179,2016-12-27,2017-01-02,32.38,0.01,32.05,33.05,0.03,0.01,-0.0,0.02,2017-01-02,2017-01-06,33.66,0.01,33.05,34.3,0.04,0.01,-0.0,0.03
SUNTV,227,49,178,2016-12-27,2017-01-02,488.87,0.01,482.25,501.6,0.04,0.01,-0.01,0.02,2017-01-02,2017-01-06,522.67,0.02,501.6,532.05,0.06,0.01,-0.0,0.04
VINATIORGA,238,60,178,2016-12-27,2017-01-02,580.45,0.01,575.55,596.45,0.04,0.01,-0.01,0.03,2017-01-02,2017-01-06,608.25,0.02,596.45,626.4,0.05,0.01,-0.0,0.05
APLLTD,460,283,177,2016-12-27,2017-01-02,603.24,0.01,608.4,601.5,-0.01,-0.0,-0.01,0.01,2017-01-02,2017-01-06,604.09,0.0,601.5,606.6,0.01,0.0,-0.0,0.01
ADANIPORTS,286,109,177,2016-12-27,2017-01-02,268.47,0.01,266.95,273.8,0.03,0.01,-0.01,0.02,2017-01-02,2017-01-06,279.24,0.02,273.8,286.05,0.04,0.01,-0.01,0.04
MONSANTO,445,269,176,2016-12-27,2017-01-02,2243.5,0.0,2248.7,2245.25,-0.0,-0.0,-0.0,0.0,2017-01-02,2017-01-06,2255.48,0.0,2245.25,2260.85,0.01,0.0,-0.0,0.01
JSWSTEEL,296,120,176,2016-12-27,2017-01-02,1605.38,0.01,1580.2,1634.3,0.03,0.01,0.0,0.02,2016-12-28,2017-01-03,1618.25,0.0,1585.15,1644.55,0.04,0.01,0.0,0.02
SNOWMAN,201,27,174,2016-12-27,2017-01-02,50.22,0.01,49.55,51.7,0.04,0.01,0.0,0.03,2017-01-02,2017-01-06,54.72,0.03,51.7,55.2,0.07,0.02,-0.02,0.06
PTC,255,85,170,2016-12-27,2017-01-02,73.02,0.01,71.5,73.8,0.03,0.01,0.0,0.02,2017-01-02,2017-01-06,75.52,0.03,73.8,77.6,0.05,0.01,-0.01,0.06
SINTEX,186,16,170,2016-12-27,2017-01-02,73.59,0.01,71.95,75.15,0.04,0.01,0.0,0.02,2017-01-02,2017-01-06,80.47,0.03,75.15,82.2,0.09,0.02,-0.01,0.07
SBT,486,317,169,2016-12-27,2017-01-02,529.18,0.01,535.5,520.5,-0.03,-0.01,-0.02,0.01,2017-01-02,2017-01-06,519.5,0.0,520.5,522.05,0.0,0.0,-0.01,0.01
HEROMOTOCO,432,263,169,2016-12-27,2017-01-02,3029.42,0.01,3034.95,3030.55,-0.0,-0.0,-0.01,0.01,2017-01-02,2017-01-06,3032.26,0.01,3030.55,3067.55,0.01,0.0,-0.01,0.02
GLENMARK,469,302,167,2016-12-27,2017-01-02,889.64,0.01,890.2,884.0,-0.01,-0.0,-0.01,0.01,2017-01-02,2017-01-06,893.29,0.01,884.0,892.65,0.01,0.0,-0.01,0.01
RAJESHEXPO,181,19,162,2016-12-27,2017-01-02,456.73,0.0,447.3,466.2,0.04,0.01,0.01,0.01,2017-01-02,2017-01-06,488.41,0.02,466.2,504.75,0.08,0.02,-0.01,0.04
ABB,437,276,161,2016-12-27,2017-01-02,1035.01,0.01,1034.6,1036.9,0.0,0.0,-0.01,0.02,2017-01-02,2017-01-06,1040.2,0.01,1036.9,1044.35,0.01,0.0,-0.01,0.01
PFS,315,156,159,2016-12-27,2017-01-02,37.18,0.01,36.85,37.75,0.02,0.01,-0.0,0.01,2017-01-02,2017-01-06,38.58,0.01,37.75,38.95,0.03,0.01,-0.01,0.02
APARINDS,243,86,157,2016-12-27,2017-01-02,573.08,0.0,567.15,581.8,0.03,0.01,-0.0,0.01,2017-01-02,2017-01-06,615.22,0.06,581.8,613.1,0.05,0.01,-0.06,0.1
SBBJ,476,322,154,2016-12-27,2017-01-02,674.33,0.01,679.15,666.95,-0.02,-0.0,-0.02,0.01,2017-01-02,2017-01-06,665.08,0.0,666.95,667.8,0.0,0.0,-0.01,0.01
NHPC,359,206,153,2016-12-27,2017-01-02,26.5,0.01,26.35,26.8,0.02,0.0,-0.0,0.01,2017-01-02,2017-01-06,27.25,0.01,26.8,27.25,0.02,0.0,-0.01,0.02
ALBK,264,112,152,2016-12-27,2017-01-02,59.68,0.01,59.2,60.9,0.03,0.01,-0.01,0.01,2017-01-02,2017-01-06,62.34,0.01,60.9,63.3,0.04,0.01,-0.0,0.02
RPOWER,235,83,152,2016-12-27,2017-01-02,40.74,0.01,40.1,41.9,0.04,0.01,0.0,0.02,2017-01-02,2017-01-06,42.7,0.01,41.9,43.9,0.05,0.01,0.0,0.02
PUNJLLOYD,246,96,150,2016-12-27,2017-01-02,18.7,0.01,18.5,19.1,0.03,0.01,0.0,0.02,2017-01-02,2017-01-06,19.65,0.02,19.1,19.9,0.04,0.01,-0.02,0.04
ASHOKLEY,230,80,150,2016-12-27,2017-01-02,79.28,0.0,78.05,81.0,0.04,0.01,0.0,0.01,2017-01-02,2017-01-06,83.03,0.01,81.0,85.3,0.05,0.01,0.0,0.03
STAR,323,174,149,2016-12-27,2017-01-02,1053.93,0.02,1043.25,1068.45,0.02,0.01,-0.01,0.03,2017-01-02,2017-01-06,1076.82,0.02,1068.45,1098.85,0.03,0.01,-0.02,0.02
VEDL,277,129,148,2016-12-27,2017-01-02,216.13,0.02,214.65,220.95,0.03,0.01,-0.01,0.02,2017-01-02,2017-01-06,223.13,0.02,220.95,230.6,0.04,0.01,-0.01,0.05
LAXMIMACH,444,297,147,2016-12-27,2017-01-02,3940.29,0.01,3932.95,3934.7,0.0,0.0,-0.01,0.01,2017-01-02,2017-01-06,3996.25,0.01,3934.7,3987.6,0.01,0.0,-0.0,0.02
SHK,251,104,147,2016-12-27,2017-01-02,304.09,0.01,296.35,306.45,0.03,0.01,-0.01,0.02,2017-01-02,2017-01-06,317.65,0.05,306.45,317.6,0.04,0.01,-0.04,0.09
ALKEM,382,239,143,2016-12-27,2017-01-02,1619.79,0.0,1607.55,1622.25,0.01,0.0,-0.0,0.01,2017-01-02,2017-01-06,1653.32,0.01,1622.25,1659.9,0.02,0.01,-0.0,0.02
ZEEL,305,162,143,2016-12-27,2017-01-02,446.33,0.01,436.3,451.6,0.03,0.01,-0.0,0.02,2017-01-02,2017-01-06,460.46,0.02,451.6,463.1,0.03,0.01,-0.02,0.03
ENGINERSIN,488,352,136,2016-12-27,2017-01-02,224.67,0.29,318.85,153.45,-0.73,-0.18,-0.68,0.04,2017-01-02,2017-01-06,153.96,0.01,153.45,152.95,-0.0,-0.0,-0.01,0.01
HDFC,459,324,135,2016-12-27,2017-01-02,1241.4,0.02,1232.15,1217.1,-0.01,-0.0,-0.04,0.02,2017-01-02,2017-01-06,1216.55,0.0,1217.1,1222.35,0.0,0.0,-0.0,0.0
MAYURUNIQ,446,313,133,2016-12-27,2017-01-02,340.43,0.0,341.05,340.95,-0.0,-0.0,-0.0,0.0,2017-01-02,2017-01-06,342.63,0.0,340.95,342.95,0.01,0.0,-0.0,0.01
AMARAJABAT,249,116,133,2016-12-27,2017-01-02,876.17,0.01,869.6,896.6,0.03,0.01,-0.0,0.03,2017-01-02,2017-01-06,907.5,0.01,896.6,930.4,0.04,0.01,-0.01,0.02
MYSOREBANK,481,350,131,2016-12-27,2017-01-02,530.28,0.01,535.1,523.1,-0.02,-0.01,-0.02,0.01,2017-01-02,2017-01-06,521.67,0.0,523.1,524.4,0.0,0.0,-0.0,0.01
ORIENTBANK,326,196,130,2016-12-27,2017-01-02,104.89,0.02,105.15,106.8,0.02,0.0,-0.01,0.03,2017-01-02,2017-01-06,108.29,0.01,106.8,110.2,0.03,0.01,-0.01,0.03
SHARDACROP,217,87,130,2016-12-27,2017-01-02,443.16,0.01,434.45,452.4,0.04,0.01,0.0,0.02,2017-01-02,2017-01-06,475.41,0.03,452.4,474.1,0.05,0.01,-0.02,0.06
SOLARINDS,290,164,126,2016-12-27,2017-01-02,669.71,0.01,661.95,680.6,0.03,0.01,-0.0,0.02,2017-01-02,2017-01-06,704.87,0.02,680.6,702.15,0.03,0.01,-0.02,0.05
RCF,130,5,125,2016-12-27,2017-01-02,46.38,0.01,45.1,47.95,0.06,0.02,0.0,0.03,2017-01-02,2017-01-06,50.7,0.02,47.95,54.55,0.13,0.03,-0.0,0.06
KOTAKBANK,453,328,125,2016-12-27,2017-01-02,714.62,0.01,712.15,714.8,0.0,0.0,-0.01,0.01,2017-01-02,2017-01-06,707.59,0.02,714.8,716.85,0.0,0.0,-0.02,0.03
WHIRLPOOL,276,155,121,2016-12-27,2017-01-02,879.68,0.01,869.55,894.05,0.03,0.01,0.0,0.01,2017-01-02,2017-01-06,926.03,0.02,894.05,920.4,0.03,0.01,-0.02,0.04
SPARC,385,265,120,2016-12-27,2017-01-02,301.71,0.01,301.65,304.15,0.01,0.0,-0.01,0.01,2017-01-02,2017-01-06,307.05,0.01,304.15,307.2,0.01,0.0,-0.01,0.02
ZEELEARN,134,15,119,2016-12-27,2017-01-02,38.73,0.01,37.95,39.9,0.05,0.01,0.0,0.02,2017-01-02,2017-01-06,42.23,0.02,39.9,43.55,0.09,0.02,-0.01,0.05
TVSSRICHAK,431,312,119,2016-12-27,2017-01-02,3202.22,0.0,3201.25,3199.7,-0.0,-0.0,-0.0,0.01,2017-01-02,2017-01-06,3274.05,0.04,3199.7,3245.25,0.01,0.0,-0.04,0.06
BANKINDIA,298,181,117,2016-12-27,2017-01-02,105.81,0.01,104.75,107.45,0.03,0.01,-0.0,0.02,2017-01-02,2017-01-06,108.72,0.01,107.45,110.55,0.03,0.01,-0.01,0.02
BHEL,256,139,117,2016-12-27,2017-01-02,120.21,0.01,119.25,122.5,0.03,0.01,-0.01,0.02,2017-01-02,2017-01-06,125.75,0.01,122.5,126.4,0.03,0.01,-0.01,0.02
KPRMILL,206,90,116,2016-11-22,2016-11-28,1116.43,0.03,1081.85,1129.9,0.04,0.01,-0.02,0.04,2016-11-22,2016-11-28,1116.43,0.03,1081.85,1129.9,0.04,0.01,-0.02,0.04
CENTURYTEX,374,258,116,2016-12-27,2017-01-02,799.16,0.02,798.35,816.1,0.02,0.01,-0.02,0.02,2017-01-02,2017-01-06,828.36,0.02,816.1,823.1,0.01,0.0,-0.02,0.03
AMTEKAUTO,263,149,114,2016-12-27,2017-01-02,32.5,0.01,32.4,33.3,0.03,0.01,-0.0,0.03,2017-01-02,2017-01-06,33.86,0.0,33.3,34.45,0.03,0.01,0.0,0.02
IDBI,274,160,114,2016-12-27,2017-01-02,68.35,0.02,67.0,69.0,0.03,0.01,-0.01,0.03,2017-01-02,2017-01-06,70.23,0.01,69.0,71.1,0.03,0.01,-0.0,0.02
TVSMOTOR,189,75,114,2016-12-27,2017-01-02,359.58,0.02,351.65,367.65,0.04,0.01,-0.01,0.03,2017-01-02,2017-01-06,378.44,0.01,367.65,387.1,0.05,0.01,-0.01,0.03
JMFINANCIL,266,153,113,2016-12-27,2017-01-02,66.24,0.01,65.6,67.7,0.03,0.01,-0.0,0.02,2017-01-02,2017-01-06,69.17,0.01,67.7,69.55,0.03,0.01,-0.01,0.02
BHUSANSTL,254,141,113,2016-12-27,2017-01-02,40.17,0.01,39.65,40.85,0.03,0.01,-0.01,0.02,2017-01-02,2017-01-06,41.5,0.01,40.85,41.95,0.03,0.01,-0.01,0.02
RAMCOSYS,159,51,108,2016-12-27,2017-01-02,336.75,0.02,332.45,349.4,0.05,0.01,-0.0,0.05,2017-01-02,2017-01-06,367.21,0.04,349.4,372.55,0.06,0.02,-0.03,0.09
CARBORUNIV,363,255,108,2016-12-27,2017-01-02,245.96,0.01,245.45,250.35,0.02,0.0,-0.01,0.02,2017-01-02,2017-01-06,252.64,0.01,250.35,253.55,0.01,0.0,-0.01,0.02
ABFRL,436,329,107,2016-12-27,2017-01-02,220.35,0.0,220.35,220.35,0.0,0.0,0.0,0.0,2017-01-02,2017-01-06,220.35,0.0,220.35,220.35,0.0,0.0,0.0,0.0
DCMSHRIRAM,114,7,107,2016-12-27,2017-01-02,210.32,0.0,204.5,217.35,0.06,0.02,0.01,0.02,2017-01-02,2017-01-06,224.64,0.03,217.35,239.45,0.1,0.02,-0.02,0.06
SEQUENT,139,33,106,2016-12-27,2017-01-02,110.64,0.02,109.15,114.7,0.05,0.01,-0.0,0.04,2017-01-02,2017-01-06,118.04,0.02,114.7,123.0,0.07,0.02,0.0,0.04
TATAPOWER,355,250,105,2016-12-27,2017-01-02,74.79,0.01,73.6,75.4,0.02,0.01,-0.01,0.02,2017-01-02,2017-01-06,76.16,0.0,75.4,77.1,0.02,0.01,0.0,0.01
GUJFLUORO,419,314,105,2016-12-27,2017-01-02,468.41,0.01,466.85,471.65,0.01,0.0,-0.01,0.01,2017-01-02,2017-01-06,476.04,0.02,471.65,475.95,0.01,0.0,-0.02,0.02
JUSTDIAL,129,24,105,2016-12-27,2017-01-02,332.7,0.01,324.1,345.85,0.06,0.02,-0.01,0.03,2017-01-02,2017-01-06,361.74,0.07,345.85,376.05,0.08,0.02,-0.05,0.14
PRESTIGE,320,215,105,2016-12-27,2017-01-02,168.27,0.01,165.45,169.0,0.02,0.01,-0.01,0.01,2017-01-02,2017-01-06,171.07,0.01,169.0,172.3,0.02,0.0,-0.01,0.01
PIIND,317,212,105,2016-12-27,2017-01-02,817.91,0.01,808.3,826.85,0.02,0.01,-0.01,0.02,2017-01-02,2017-01-06,832.0,0.0,826.85,841.5,0.02,0.0,0.0,0.01
HDFCBANK,427,323,104,2016-12-27,2017-01-02,1196.09,0.01,1185.2,1197.1,0.01,0.0,-0.01,0.02,2017-01-02,2017-01-06,1190.47,0.0,1197.1,1193.65,-0.0,-0.0,-0.01,0.01
GVKPIL,220,117,103,2016-12-27,2017-01-02,5.4,0.01,5.35,5.55,0.04,0.01,-0.01,0.03,2017-01-02,2017-01-06,5.71,0.04,5.55,5.75,0.04,0.01,-0.02,0.07
VSTIND,375,272,103,2016-12-27,2017-01-02,2373.03,0.02,2380.6,2400.55,0.01,0.0,-0.03,0.02,2017-01-02,2017-01-06,2403.3,0.0,2400.55,2414.15,0.01,0.0,-0.0,0.01
MOIL,123,21,102,2016-12-27,2017-01-02,355.9,0.01,346.6,368.6,0.06,0.02,0.0,0.02,2017-01-02,2017-01-06,382.44,0.02,368.6,401.25,0.08,0.02,-0.0,0.05
ANDHRABANK,381,282,99,2016-12-27,2017-01-02,47.32,0.01,47.25,47.7,0.01,0.0,-0.0,0.01,2017-01-02,2017-01-06,47.96,0.01,47.7,48.3,0.01,0.0,-0.0,0.01
GESHIP,172,73,99,2016-12-27,2017-01-02,358.57,0.0,349.95,366.4,0.05,0.01,0.01,0.02,2017-01-02,2017-01-06,375.95,0.0,366.4,384.8,0.05,0.01,0.01,0.02
EROSMEDIA,269,171,98,2016-12-27,2017-01-02,162.04,0.02,159.6,164.15,0.03,0.01,-0.01,0.03,2017-01-02,2017-01-06,169.6,0.02,164.15,169.85,0.03,0.01,-0.02,0.03
IGARASHI,343,246,97,2016-12-27,2017-01-02,705.9,0.0,700.55,711.65,0.02,0.0,-0.0,0.01,2017-01-02,2017-01-06,725.56,0.01,711.65,727.05,0.02,0.01,-0.01,0.02
GLAXO,416,321,95,2016-12-27,2017-01-02,2718.42,0.0,2701.75,2730.5,0.01,0.0,0.0,0.01,2017-01-02,2017-01-06,2737.9,0.0,2730.5,2726.15,-0.0,-0.0,-0.0,0.01
DRREDDY,337,242,95,2016-12-27,2017-01-02,3062.91,0.01,3034.95,3083.4,0.02,0.0,-0.0,0.01,2017-01-02,2017-01-06,3108.5,0.01,3083.4,3159.15,0.02,0.01,-0.0,0.01
LICHSGFIN,483,390,93,2016-12-27,2017-01-02,546.67,0.03,538.85,530.1,-0.02,-0.0,-0.05,0.02,2017-01-02,2017-01-06,525.21,0.01,530.1,524.6,-0.01,-0.0,-0.03,0.01
NAVINFLUOR,228,135,93,2016-12-27,2017-01-02,2485.69,0.01,2413.65,2518.05,0.04,0.01,-0.0,0.03,2017-01-02,2017-01-06,2566.62,0.01,2518.05,2610.5,0.04,0.01,-0.0,0.02
UNICHEMLAB,135,43,92,2016-12-27,2017-01-02,254.43,0.01,247.0,259.9,0.05,0.01,-0.01,0.03,2017-01-02,2017-01-06,265.27,0.01,259.9,274.9,0.06,0.01,0.0,0.03
ASIANPAINT,284,192,92,2016-12-27,2017-01-02,885.49,0.01,876.0,904.65,0.03,0.01,-0.0,0.02,2017-01-02,2017-01-06,910.77,0.01,904.65,929.5,0.03,0.01,-0.01,0.01
MARICO,262,170,92,2016-12-27,2017-01-02,252.35,0.02,245.6,253.8,0.03,0.01,-0.03,0.03,2017-01-02,2017-01-06,258.05,0.01,253.8,260.4,0.03,0.01,-0.0,0.02
THOMASCOOK,205,115,90,2016-12-27,2017-01-02,183.84,0.02,179.85,187.15,0.04,0.01,-0.01,0.04,2017-01-02,2017-01-06,189.22,0.02,187.15,193.95,0.04,0.01,-0.01,0.04
KEC,273,184,89,2016-12-27,2017-01-02,138.26,0.01,134.75,139.5,0.03,0.01,-0.01,0.03,2017-01-02,2017-01-06,143.35,0.01,139.5,144.1,0.03,0.01,-0.01,0.02
KRBL,182,93,89,2016-12-27,2017-01-02,296.12,0.01,287.85,300.35,0.04,0.01,0.0,0.03,2017-01-02,2017-01-06,309.57,0.02,300.35,312.05,0.04,0.01,-0.01,0.04
BAJAJHLDNG,185,97,88,2016-12-27,2017-01-02,1796.28,0.01,1757.85,1825.65,0.04,0.01,0.0,0.02,2017-01-02,2017-01-06,1851.83,0.01,1825.65,1891.8,0.04,0.01,-0.0,0.02
NMDC,136,50,86,2016-12-27,2017-01-02,123.51,0.02,121.85,128.2,0.05,0.01,-0.01,0.04,2017-01-02,2017-01-06,132.72,0.01,128.2,135.95,0.06,0.01,0.01,0.03
GMRINFRA,176,91,85,2016-12-27,2017-01-02,11.68,0.01,11.5,12.05,0.05,0.01,-0.01,0.02,2017-01-02,2017-01-06,12.46,0.02,12.05,12.5,0.04,0.01,-0.02,0.04
AXISBANK,319,235,84,2016-12-27,2017-01-02,443.93,0.01,437.65,447.75,0.02,0.01,-0.0,0.01,2017-01-02,2017-01-06,453.87,0.01,447.75,455.2,0.02,0.0,-0.01,0.02
TITAN,132,48,84,2016-12-27,2017-01-02,322.46,0.01,316.35,333.95,0.05,0.01,-0.01,0.02,2017-01-02,2017-01-06,351.0,0.02,333.95,355.2,0.06,0.02,-0.01,0.04
SHILPAMED,368,284,84,2016-12-27,2017-01-02,685.72,0.01,672.8,689.8,0.02,0.01,-0.0,0.02,2017-01-02,2017-01-06,700.57,0.01,689.8,698.1,0.01,0.0,-0.01,0.02
VGUARD,344,261,83,2016-12-27,2017-01-02,159.84,0.02,159.9,163.25,0.02,0.01,-0.03,0.02,2017-01-02,2017-01-06,164.22,0.0,163.25,164.65,0.01,0.0,-0.0,0.0
BPCL,218,136,82,2016-12-27,2017-01-02,629.27,0.02,615.55,640.5,0.04,0.01,-0.01,0.04,2017-01-02,2017-01-06,656.81,0.01,640.5,664.85,0.04,0.01,-0.01,0.03
BATAINDIA,163,82,81,2016-12-27,2017-01-02,442.14,0.01,426.35,447.15,0.05,0.01,-0.01,0.03,2017-01-02,2017-01-06,463.26,0.01,447.15,472.25,0.05,0.01,0.0,0.04
OIL,215,134,81,2016-12-27,2017-01-02,444.93,0.01,436.1,455.25,0.04,0.01,0.0,0.02,2017-01-02,2017-01-06,462.49,0.01,455.25,475.1,0.04,0.01,-0.0,0.02
VIDEOIND,440,360,80,2016-12-27,2017-01-02,104.18,0.0,104.1,104.1,0.0,0.0,-0.0,0.0,2017-01-02,2017-01-06,104.08,0.0,104.1,104.1,0.0,0.0,-0.0,0.0
JCHAC,429,349,80,2016-12-27,2017-01-02,1384.48,0.0,1381.95,1383.4,0.0,0.0,-0.0,0.0,2017-01-02,2017-01-06,1380.25,0.01,1383.4,1378.6,-0.0,-0.0,-0.01,0.01
JPPOWER,198,118,80,2016-12-27,2017-01-02,3.91,0.01,3.85,4.0,0.04,0.01,-0.01,0.03,2017-01-02,2017-01-06,4.13,0.03,4.0,4.15,0.04,0.01,-0.04,0.04
IDFCBANK,438,361,77,2016-12-27,2017-01-02,60.17,0.02,61.1,60.8,-0.0,-0.0,-0.02,0.01,2017-01-02,2017-01-06,60.55,0.01,60.8,60.65,-0.0,-0.0,-0.01,0.01
GAIL,299,222,77,2016-12-27,2017-01-02,429.72,0.02,424.05,435.15,0.03,0.01,-0.01,0.03,2017-01-02,2017-01-06,440.29,0.01,435.15,442.55,0.02,0.0,-0.0,0.01
TATACOMM,371,294,77,2016-12-27,2017-01-02,619.75,0.02,619.3,629.25,0.02,0.0,-0.02,0.02,2017-01-02,2017-01-06,630.33,0.01,629.25,633.6,0.01,0.0,-0.01,0.02
AARTIIND,351,275,76,2016-12-27,2017-01-02,682.88,0.01,680.75,695.25,0.02,0.01,-0.01,0.01,2017-01-02,2017-01-06,699.55,0.01,695.25,699.75,0.01,0.0,-0.01,0.01
SCI,138,62,76,2016-12-27,2017-01-02,58.14,0.01,57.1,60.3,0.05,0.01,-0.0,0.03,2017-01-02,2017-01-06,62.95,0.03,60.3,63.65,0.05,0.01,-0.03,0.05
BAJAJELEC,164,92,72,2016-12-27,2017-01-02,214.66,0.01,209.8,221.05,0.05,0.01,0.0,0.02,2017-01-02,2017-01-06,227.14,0.02,221.05,229.1,0.04,0.01,-0.02,0.03
DISHTV,335,266,69,2016-12-27,2017-01-02,83.69,0.01,82.95,84.8,0.02,0.01,-0.0,0.02,2017-01-02,2017-01-06,85.46,0.01,84.8,86.0,0.01,0.0,-0.01,0.02
FSL,434,365,69,2016-12-27,2017-01-02,34.75,0.0,34.75,34.75,0.0,0.0,0.0,0.0,2017-01-02,2017-01-06,34.75,0.0,34.75,34.75,0.0,0.0,0.0,0.0
GILLETTE,468,399,69,2016-12-27,2017-01-02,4289.5,0.01,4293.7,4249.75,-0.01,-0.0,-0.01,0.0,2017-01-02,2017-01-06,4234.1,0.0,4249.75,4220.75,-0.01,-0.0,-0.0,-0.0
DHANUKA,196,128,68,2016-12-27,2017-01-02,731.87,0.01,716.45,746.45,0.04,0.01,-0.0,0.02,2017-01-02,2017-01-06,764.34,0.01,746.45,775.45,0.04,0.01,-0.0,0.02
POLARIS,265,201,64,2016-12-27,2017-01-02,149.34,0.01,147.95,152.0,0.03,0.01,-0.0,0.02,2017-01-02,2017-01-06,154.04,0.01,152.0,155.1,0.02,0.01,-0.01,0.02
JUBILANT,69,6,63,2016-12-27,2017-01-02,615.05,0.03,579.6,621.95,0.07,0.02,-0.02,0.06,2017-01-02,2017-01-06,679.18,0.05,621.95,704.45,0.12,0.03,-0.02,0.11
SUNPHARMA,361,299,62,2016-12-27,2017-01-02,624.24,0.01,621.1,634.05,0.02,0.01,-0.01,0.02,2017-01-02,2017-01-06,638.34,0.0,634.05,640.75,0.01,0.0,-0.0,0.01
BHARTIARTL,226,165,61,2016-12-27,2017-01-02,303.75,0.01,299.6,311.0,0.04,0.01,-0.0,0.02,2017-01-02,2017-01-06,314.04,0.02,311.0,319.75,0.03,0.01,-0.02,0.03
LINDEINDIA,450,389,61,2016-12-27,2017-01-02,351.12,0.01,350.7,352.25,0.0,0.0,-0.01,0.02,2017-01-02,2017-01-06,352.23,0.01,352.25,349.75,-0.01,-0.0,-0.01,0.01
CHOLAFIN,447,388,59,2016-12-27,2017-01-02,954.26,0.03,947.2,949.95,0.0,0.0,-0.04,0.05,2017-01-02,2017-01-06,947.39,0.01,949.95,942.85,-0.01,-0.0,-0.02,0.01
SYNDIBANK,369,310,59,2016-12-27,2017-01-02,61.24,0.01,60.9,61.85,0.02,0.0,-0.0,0.01,2017-01-02,2017-01-06,62.03,0.01,61.85,62.65,0.01,0.0,-0.01,0.01
HSIL,424,366,58,2016-12-27,2017-01-02,277.39,0.01,279.6,281.45,0.01,0.0,-0.01,0.02,2017-01-02,2017-01-06,282.82,0.01,281.45,282.5,0.0,0.0,-0.01,0.01
SUNTECK,76,18,58,2016-12-27,2017-01-02,214.84,0.01,208.5,223.35,0.07,0.02,-0.0,0.03,2017-01-02,2017-01-06,238.58,0.03,223.35,243.05,0.08,0.02,-0.01,0.05
SWANENERGY,98,41,57,2016-12-27,2017-01-02,152.99,0.02,151.55,160.55,0.06,0.01,-0.02,0.04,2017-01-02,2017-01-06,163.53,0.03,160.55,170.7,0.06,0.02,-0.02,0.06
FEDERALBNK,278,224,54,2016-12-27,2017-01-02,65.75,0.01,64.3,66.05,0.03,0.01,-0.01,0.02,2017-01-02,2017-01-06,66.53,0.01,66.05,67.2,0.02,0.0,-0.01,0.03
ICRA,412,359,53,2016-12-27,2017-01-02,3979.46,0.0,3951.8,3992.35,0.01,0.0,-0.0,0.01,2017-01-02,2017-01-06,3969.95,0.01,3992.35,3992.7,0.0,0.0,-0.01,0.01
ESSELPACK,396,343,53,2016-12-27,2017-01-02,245.17,0.0,244.65,246.0,0.01,0.0,-0.0,0.0,2017-01-02,2017-01-06,246.62,0.0,246.0,246.2,0.0,0.0,-0.01,0.0
HINDUNILVR,347,295,52,2016-12-27,2017-01-02,817.45,0.0,806.75,825.35,0.02,0.01,-0.0,0.01,2017-01-02,2017-01-06,828.74,0.01,825.35,833.75,0.01,0.0,-0.01,0.01
INDOCO,158,106,52,2016-12-27,2017-01-02,260.21,0.03,251.1,262.85,0.05,0.01,-0.01,0.05,2017-01-02,2017-01-06,267.38,0.01,262.85,272.9,0.04,0.01,-0.0,0.02
WIPRO,377,326,51,2016-12-27,2017-01-02,470.58,0.01,465.2,471.55,0.01,0.0,-0.01,0.01,2017-01-02,2017-01-06,472.9,0.02,471.55,469.95,-0.0,-0.0,-0.02,0.02
TATAGLOBAL,327,280,47,2016-12-27,2017-01-02,121.36,0.01,120.55,123.55,0.02,0.01,-0.01,0.01,2017-01-02,2017-01-06,124.46,0.0,123.55,124.65,0.01,0.0,-0.0,0.01
VOLTAS,280,234,46,2016-12-27,2017-01-02,324.46,0.02,318.0,328.4,0.03,0.01,-0.01,0.04,2017-01-02,2017-01-06,335.56,0.02,328.4,336.45,0.02,0.01,-0.02,0.03
MCLEODRUSS,399,353,46,2016-12-27,2017-01-02,140.01,0.0,139.85,140.65,0.01,0.0,-0.0,0.01,2017-01-02,2017-01-06,140.28,0.01,140.65,141.25,0.0,0.0,-0.01,0.01
UCOBANK,341,296,45,2016-12-27,2017-01-02,33.19,0.0,32.95,33.55,0.02,0.0,0.0,0.01,2017-01-02,2017-01-06,33.78,0.0,33.55,34.05,0.01,0.0,0.0,0.01
ITC,306,262,44,2016-12-27,2017-01-02,237.62,0.01,234.05,240.95,0.03,0.01,-0.0,0.02,2017-01-02,2017-01-06,243.84,0.01,240.95,242.7,0.01,0.0,-0.02,0.01
HINDALCO,349,305,44,2016-12-27,2017-01-02,155.56,0.01,155.55,158.85,0.02,0.01,-0.01,0.02,2017-01-02,2017-01-06,159.87,0.01,158.85,160.75,0.01,0.0,-0.01,0.02
TIDEWATER,291,247,44,2016-12-27,2017-01-02,5541.93,0.0,5466.6,5610.65,0.03,0.01,0.0,0.01,2017-01-02,2017-01-06,5650.18,0.0,5610.65,5720.0,0.02,0.0,0.0,0.01
JPINFRATEC,56,13,43,2016-12-27,2017-01-02,7.21,0.02,7.0,7.55,0.08,0.02,0.0,0.05,2017-01-02,2017-01-06,7.99,0.05,7.55,8.25,0.09,0.02,-0.04,0.08
MERCK,398,356,42,2016-12-27,2017-01-02,986.01,0.01,968.0,981.35,0.01,0.0,-0.02,0.02,2017-01-02,2017-01-06,988.27,0.01,981.35,983.5,0.0,0.0,-0.01,0.02
BGRENERGY,79,37,42,2016-12-27,2017-01-02,111.35,0.0,108.05,115.45,0.07,0.02,0.01,0.02,2017-01-02,2017-01-06,121.21,0.03,115.45,122.75,0.06,0.02,-0.02,0.06
EXIDEIND,267,225,42,2016-12-27,2017-01-02,179.32,0.0,176.85,183.05,0.03,0.01,0.0,0.02,2017-01-02,2017-01-06,183.78,0.01,183.05,186.5,0.02,0.0,-0.0,0.01
ADANIPOWER,73,31,42,2016-12-27,2017-01-02,29.65,0.02,28.55,30.6,0.07,0.02,-0.0,0.05,2017-01-02,2017-01-06,31.64,0.01,30.6,32.7,0.07,0.02,0.0,0.03
INDIANB,94,53,41,2016-12-27,2017-01-02,216.8,0.0,209.85,222.6,0.06,0.01,0.01,0.02,2017-01-02,2017-01-06,226.8,0.01,222.6,234.15,0.05,0.01,0.01,0.03
HAVELLS,110,70,40,2016-12-27,2017-01-02,330.93,0.02,322.05,341.85,0.06,0.01,-0.01,0.04,2017-01-02,2017-01-06,351.24,0.01,341.85,360.8,0.05,0.01,0.0,0.02
KESORAMIND,115,76,39,2016-12-27,2017-01-02,124.72,0.02,122.8,130.8,0.06,0.02,-0.0,0.05,2017-01-02,2017-01-06,137.58,0.03,130.8,137.95,0.05,0.01,-0.02,0.05
PERSISTENT,225,186,39,2016-12-27,2017-01-02,615.28,0.01,598.4,622.85,0.04,0.01,-0.01,0.03,2017-01-02,2017-01-06,636.54,0.01,622.85,639.9,0.03,0.01,-0.01,0.03
SMLISUZU,92,55,37,2016-12-27,2017-01-02,1078.86,0.02,1064.3,1125.1,0.06,0.01,-0.0,0.04,2017-01-02,2017-01-06,1168.53,0.02,1125.1,1184.55,0.05,0.01,-0.02,0.03
HINDZINC,281,244,37,2016-12-27,2017-01-02,254.69,0.02,252.4,259.55,0.03,0.01,-0.01,0.03,2017-01-02,2017-01-06,259.33,0.03,259.55,264.5,0.02,0.0,-0.03,0.04
PEL,117,81,36,2016-12-27,2017-01-02,1569.16,0.02,1501.1,1594.3,0.06,0.02,-0.02,0.04,2017-01-02,2017-01-06,1621.53,0.02,1594.3,1678.8,0.05,0.01,-0.01,0.04
8KMILES,100,66,34,2016-12-27,2017-01-02,647.37,0.02,635.05,674.2,0.06,0.01,-0.0,0.04,2017-01-02,2017-01-06,703.26,0.02,674.2,710.25,0.05,0.01,-0.01,0.05
TATASTEEL,192,158,34,2016-12-27,2017-01-02,394.24,0.02,392.4,406.75,0.04,0.01,-0.01,0.04,2017-01-02,2017-01-06,410.87,0.02,406.75,419.55,0.03,0.01,-0.01,0.03
CERA,165,132,33,2016-12-27,2017-01-02,1977.86,0.02,1893.05,1998.7,0.05,0.01,-0.01,0.04,2017-01-02,2017-01-06,2044.68,0.01,1998.7,2079.85,0.04,0.01,0.0,0.02
NAUKRI,480,448,32,2016-12-27,2017-01-02,904.79,0.01,909.45,890.25,-0.02,-0.01,-0.02,0.01,2017-01-02,2017-01-06,874.21,0.02,890.25,874.45,-0.02,-0.0,-0.03,0.01
SAIL,214,183,31,2016-12-27,2017-01-02,49.19,0.01,48.5,50.5,0.04,0.01,-0.01,0.02,2017-01-02,2017-01-06,51.33,0.02,50.5,52.0,0.03,0.01,-0.02,0.03
BALKRISIND,322,292,30,2016-12-27,2017-01-02,1082.63,0.01,1068.3,1087.55,0.02,0.0,-0.01,0.02,2017-01-02,2017-01-06,1094.75,0.01,1087.55,1096.3,0.01,0.0,-0.01,0.01
COFFEEDAY,370,341,29,2016-12-27,2017-01-02,196.31,0.01,192.3,196.55,0.02,0.01,-0.01,0.02,2017-01-02,2017-01-06,197.75,0.01,196.55,196.75,0.0,0.0,-0.01,0.01
PIDILITIND,234,205,29,2016-12-27,2017-01-02,591.13,0.01,583.6,604.5,0.04,0.01,0.0,0.02,2017-01-02,2017-01-06,608.92,0.0,604.5,614.7,0.02,0.0,0.0,0.01
LITL,127,98,29,2016-12-27,2017-01-02,3.57,0.01,3.5,3.7,0.06,0.01,0.0,0.03,2017-01-02,2017-01-06,3.84,0.02,3.7,3.85,0.04,0.01,-0.01,0.04
UNITECH,49,23,26,2016-12-27,2017-01-02,4.04,0.04,3.95,4.3,0.08,0.02,-0.04,0.07,2017-01-02,2017-01-06,4.49,0.03,4.3,4.65,0.08,0.02,-0.02,0.07
COLPAL,365,342,23,2016-12-27,2017-01-02,894.78,0.01,886.1,900.3,0.02,0.0,-0.0,0.01,2017-01-02,2017-01-06,898.81,0.0,900.3,899.15,-0.0,-0.0,-0.0,0.0
ATUL,310,287,23,2016-12-27,2017-01-02,2050.83,0.01,2008.15,2047.65,0.02,0.0,-0.01,0.02,2017-01-02,2017-01-06,2055.39,0.01,2047.65,2076.9,0.01,0.0,-0.0,0.01
SIEMENS,148,126,22,2016-12-27,2017-01-02,1089.08,0.01,1061.8,1120.0,0.05,0.01,0.0,0.02,2017-01-02,2017-01-06,1131.25,0.01,1120.0,1164.15,0.04,0.01,-0.01,0.02
OMAXE,390,369,21,2016-12-27,2017-01-02,157.97,0.0,157.5,159.25,0.01,0.0,-0.0,0.01,2017-01-02,2017-01-06,159.92,0.0,159.25,159.75,0.0,0.0,-0.01,0.0
BALMLAWRIE,458,438,20,2016-12-27,2017-01-02,232.87,0.02,234.3,234.5,0.0,0.0,-0.01,0.03,2017-01-02,2017-01-06,231.16,0.01,234.5,228.8,-0.02,-0.01,-0.02,0.01
ANANTRAJ,53,35,18,2016-12-27,2017-01-02,38.99,0.02,38.05,41.2,0.08,0.02,0.0,0.04,2017-01-02,2017-01-06,44.21,0.04,41.2,44.0,0.07,0.02,-0.04,0.08
ZENSARTECH,352,334,18,2016-12-27,2017-01-02,937.45,0.01,923.4,943.0,0.02,0.01,-0.01,0.02,2017-01-02,2017-01-06,943.07,0.01,943.0,939.2,-0.0,-0.0,-0.01,0.01
RDEL,304,286,18,2016-12-27,2017-01-02,54.8,0.01,53.9,55.3,0.03,0.01,-0.0,0.02,2017-01-02,2017-01-06,55.71,0.0,55.3,55.85,0.01,0.0,0.0,0.01
CHENNPETRO,20,3,17,2016-12-27,2017-01-02,269.35,0.02,256.05,282.85,0.1,0.02,-0.0,0.06,2017-01-02,2017-01-06,308.81,0.03,282.85,321.6,0.13,0.03,0.01,0.07
SJVN,386,370,16,2016-12-27,2017-01-02,30.11,0.01,30.1,30.3,0.01,0.0,-0.0,0.01,2017-01-02,2017-01-06,30.24,0.01,30.3,30.15,-0.0,-0.0,-0.01,0.01
JPASSOCIAT,16,0,16,2016-12-27,2017-01-02,7.75,0.03,7.4,8.3,0.11,0.03,-0.01,0.08,2017-01-02,2017-01-06,9.45,0.08,8.3,10.4,0.23,0.06,-0.01,0.18
TRENT,389,373,16,2016-12-27,2017-01-02,200.82,0.0,199.95,201.8,0.01,0.0,-0.0,0.01,2017-01-02,2017-01-06,200.61,0.0,201.8,200.0,-0.01,-0.0,-0.01,0.0
FAGBEARING,413,397,16,2016-12-27,2017-01-02,3849.26,0.01,3853.7,3911.15,0.01,0.0,-0.01,0.01,2017-01-02,2017-01-06,3903.54,0.0,3911.15,3888.75,-0.01,-0.0,-0.01,0.0
PRAJIND,191,176,15,2016-12-27,2017-01-02,80.06,0.0,78.7,81.75,0.04,0.01,0.0,0.02,2017-01-02,2017-01-06,83.98,0.02,81.75,83.9,0.03,0.01,-0.01,0.03
JKIL,35,22,13,2016-12-27,2017-01-02,203.23,0.02,193.1,211.4,0.09,0.02,-0.0,0.04,2017-01-02,2017-01-06,218.22,0.02,211.4,228.55,0.08,0.02,-0.0,0.05
KPIT,405,393,12,2016-12-27,2017-01-02,134.51,0.01,134.5,135.5,0.01,0.0,-0.01,0.01,2017-01-02,2017-01-06,136.1,0.01,135.5,134.7,-0.01,-0.0,-0.02,0.01
KSBPUMPS,404,392,12,2016-12-27,2017-01-02,622.99,0.02,620.4,625.75,0.01,0.0,-0.02,0.03,2017-01-02,2017-01-06,618.5,0.01,625.75,617.0,-0.01,-0.0,-0.01,0.01
SFCL,288,277,11,2016-12-27,2017-01-02,96.78,0.01,95.55,98.9,0.03,0.01,-0.0,0.02,2017-01-02,2017-01-06,99.25,0.0,98.9,99.5,0.01,0.0,-0.0,0.0
CROMPGREAV,177,166,11,2016-12-27,2017-01-02,58.66,0.01,57.0,59.95,0.05,0.01,-0.01,0.03,2017-01-02,2017-01-06,61.12,0.01,59.95,61.75,0.03,0.01,-0.0,0.01
SITINET,387,377,10,2016-12-27,2017-01-02,37.56,0.01,37.3,37.55,0.01,0.0,-0.02,0.02,2017-01-02,2017-01-06,37.33,0.01,37.55,37.15,-0.01,-0.0,-0.01,0.01
EIDPARRY,54,44,10,2016-12-27,2017-01-02,252.12,0.01,245.15,264.55,0.08,0.02,0.0,0.04,2017-01-02,2017-01-06,271.47,0.02,264.55,280.9,0.06,0.01,-0.01,0.05
JMTAUTOLTD,391,385,6,2016-12-27,2017-01-02,19.14,0.01,18.95,19.05,0.01,0.0,-0.01,0.01,2017-01-02,2017-01-06,19.05,0.01,19.05,18.8,-0.01,-0.0,-0.02,0.01
JBFIND,208,202,6,2016-12-27,2017-01-02,206.41,0.01,203.1,211.35,0.04,0.01,-0.01,0.02,2017-01-02,2017-01-06,213.41,0.01,211.35,214.9,0.02,0.0,-0.01,0.02
TATAMTRDVR,178,172,6,2016-12-27,2017-01-02,298.3,0.02,296.7,308.55,0.04,0.01,-0.02,0.03,2017-01-02,2017-01-06,313.77,0.02,308.55,318.7,0.03,0.01,-0.01,0.04
TATAMOTORS,204,199,5,2016-12-27,2017-01-02,472.05,0.01,466.95,487.05,0.04,0.01,-0.01,0.03,2017-01-02,2017-01-06,490.94,0.02,487.05,497.75,0.02,0.01,-0.01,0.03
RECLTD,150,145,5,2016-12-27,2017-01-02,122.27,0.01,118.75,124.55,0.05,0.01,-0.0,0.02,2017-01-02,2017-01-06,126.28,0.01,124.55,128.5,0.03,0.01,-0.01,0.02
MRPL,13,10,3,2016-12-27,2017-01-02,95.99,0.03,88.1,99.15,0.12,0.03,-0.0,0.09,2017-01-02,2017-01-06,105.51,0.02,99.15,108.8,0.09,0.02,-0.01,0.05
IRB,58,56,2,2016-12-27,2017-01-02,194.55,0.01,189.1,204.15,0.08,0.02,0.0,0.04,2017-01-02,2017-01-06,209.02,0.01,204.15,214.1,0.05,0.01,0.0,0.03
INFRATEL,190,188,2,2016-12-27,2017-01-02,340.06,0.01,331.85,344.2,0.04,0.01,0.0,0.02,2017-01-02,2017-01-06,348.48,0.02,344.2,354.25,0.03,0.01,-0.01,0.03
KARURVYSYA,489,489,0,2016-11-10,2016-11-16,315.47,0.7,466.15,91.03,-1.63,-0.41,-1.62,0.0,2016-11-10,2016-11-16,315.47,0.7,466.15,91.03,-1.63,-0.41,-1.62,0.0
NIITTECH,411,412,-1,2016-12-27,2017-01-02,424.78,0.0,423.75,426.35,0.01,0.0,-0.0,0.0,2017-01-02,2017-01-06,429.46,0.01,426.35,422.65,-0.01,-0.0,-0.02,0.01
CEATLTD,250,253,-3,2016-12-27,2017-01-02,1154.32,0.01,1143.05,1180.15,0.03,0.01,-0.01,0.02,2017-01-02,2017-01-06,1188.78,0.01,1180.15,1197.45,0.01,0.0,-0.01,0.01
TUBEINVEST,380,384,-4,2016-12-27,2017-01-02,580.1,0.01,571.85,578.9,0.01,0.0,-0.01,0.02,2017-01-02,2017-01-06,577.95,0.01,578.9,575.05,-0.01,-0.0,-0.01,0.01
RELAXO,420,425,-5,2016-12-27,2017-01-02,402.92,0.01,402.1,405.5,0.01,0.0,-0.01,0.01,2017-01-02,2017-01-06,401.82,0.01,405.5,401.2,-0.01,-0.0,-0.02,0.0
BEML,312,318,-6,2016-12-27,2017-01-02,986.61,0.01,975.7,996.3,0.02,0.01,-0.0,0.01,2017-01-02,2017-01-06,1001.31,0.01,996.3,993.55,-0.0,-0.0,-0.01,0.01
REPCOHOME,32,38,-6,2016-12-27,2017-01-02,544.84,0.01,516.9,564.9,0.09,0.02,0.01,0.04,2017-01-02,2017-01-06,581.28,0.01,564.9,602.25,0.06,0.02,0.0,0.03
DLF,36,42,-6,2016-12-27,2017-01-02,111.25,0.03,108.25,118.7,0.09,0.02,-0.01,0.06,2017-01-02,2017-01-06,123.29,0.02,118.7,126.55,0.06,0.02,-0.0,0.05
BRITANNIA,357,364,-7,2016-12-27,2017-01-02,2864.47,0.01,2826.85,2886.45,0.02,0.01,0.0,0.02,2017-01-02,2017-01-06,2874.37,0.01,2886.45,2894.95,0.0,0.0,-0.01,0.01
CAPF,64,71,-7,2016-12-27,2017-01-02,552.26,0.02,531.95,571.85,0.07,0.02,-0.0,0.04,2017-01-02,2017-01-06,595.33,0.02,571.85,602.1,0.05,0.01,-0.01,0.03
GRINDWELL,423,431,-8,2016-12-27,2017-01-02,324.73,0.01,321.9,326.0,0.01,0.0,-0.01,0.02,2017-01-02,2017-01-06,325.24,0.01,326.0,319.95,-0.02,-0.0,-0.01,0.01
INOXLEISUR,392,401,-9,2016-12-27,2017-01-02,229.73,0.0,227.8,230.3,0.01,0.0,-0.0,0.01,2017-01-02,2017-01-06,230.49,0.01,230.3,228.2,-0.01,-0.0,-0.02,0.01
DABUR,331,340,-9,2016-12-27,2017-01-02,274.86,0.01,270.5,277.15,0.02,0.01,-0.0,0.01,2017-01-02,2017-01-06,276.93,0.01,277.15,276.6,-0.0,-0.0,-0.01,0.01
BIRLACORPN,116,125,-9,2016-12-27,2017-01-02,634.37,0.03,628.35,670.35,0.06,0.02,-0.01,0.06,2017-01-02,2017-01-06,678.97,0.01,670.35,700.5,0.04,0.01,-0.0,0.03
HINDPETRO,103,113,-10,2016-12-27,2017-01-02,432.96,0.02,424.45,450.0,0.06,0.01,-0.01,0.03,2017-01-02,2017-01-06,462.98,0.02,450.0,466.7,0.04,0.01,-0.01,0.03
GSFC,51,61,-10,2016-12-27,2017-01-02,95.85,0.01,91.25,99.0,0.08,0.02,0.0,0.04,2017-01-02,2017-01-06,102.2,0.02,99.0,103.8,0.05,0.01,-0.02,0.03
TORNTPOWER,303,315,-12,2016-12-27,2017-01-02,176.79,0.01,173.45,177.95,0.03,0.01,-0.01,0.01,2017-01-02,2017-01-06,179.18,0.01,177.95,179.1,0.01,0.0,-0.01,0.01
ORISSAMINE,46,58,-12,2016-12-27,2017-01-02,2152.53,0.04,2134.3,2306.95,0.08,0.02,-0.01,0.09,2017-01-02,2017-01-06,2312.8,0.03,2306.95,2426.6,0.05,0.01,-0.02,0.06
IBREALEST,50,63,-13,2016-12-27,2017-01-02,71.5,0.03,69.9,75.8,0.08,0.02,-0.01,0.06,2017-01-02,2017-01-06,78.22,0.03,75.8,79.7,0.05,0.01,-0.01,0.05
JINDALSTEL,96,110,-14,2016-12-27,2017-01-02,68.66,0.01,66.35,70.35,0.06,0.01,-0.01,0.02,2017-01-02,2017-01-06,72.2,0.03,70.35,73.55,0.04,0.01,-0.03,0.06
PFC,119,133,-14,2016-12-27,2017-01-02,120.72,0.01,117.15,124.0,0.06,0.01,0.01,0.02,2017-01-02,2017-01-06,126.16,0.02,124.0,129.45,0.04,0.01,-0.01,0.04
CORPBANK,329,344,-15,2016-12-27,2017-01-02,41.38,0.01,41.05,41.8,0.02,0.0,-0.0,0.01,2017-01-02,2017-01-06,41.86,0.01,41.8,41.9,0.0,0.0,-0.01,0.01
RELINFRA,142,157,-15,2016-12-27,2017-01-02,462.44,0.01,456.15,478.7,0.05,0.01,-0.01,0.02,2017-01-02,2017-01-06,484.7,0.01,478.7,492.7,0.03,0.01,-0.0,0.02
DALMIABHA,19,36,-17,2016-12-27,2017-01-02,1356.04,0.03,1308.45,1453.75,0.11,0.03,0.01,0.07,2017-01-02,2017-01-06,1542.34,0.04,1453.75,1538.2,0.06,0.01,-0.02,0.07
MARUTI,153,173,-20,2016-12-27,2017-01-02,5311.12,0.01,5224.0,5466.0,0.05,0.01,0.0,0.03,2017-01-02,2017-01-06,5545.41,0.01,5466.0,5615.55,0.03,0.01,-0.0,0.02
ASTRAZEN,311,332,-21,2016-12-27,2017-01-02,932.56,0.01,927.1,943.5,0.02,0.0,-0.01,0.02,2017-01-02,2017-01-06,943.18,0.01,943.5,939.4,-0.0,-0.0,-0.01,0.01
WABAG,268,289,-21,2016-12-27,2017-01-02,467.54,0.01,459.85,476.0,0.03,0.01,0.0,0.02,2017-01-02,2017-01-06,478.96,0.0,476.0,479.75,0.01,0.0,-0.0,0.01
SHOPERSTOP,309,333,-24,2016-12-27,2017-01-02,284.04,0.03,286.9,292.6,0.02,0.0,-0.05,0.04,2017-01-02,2017-01-06,293.55,0.01,292.6,292.2,-0.0,-0.0,-0.01,0.01
PGHH,421,449,-28,2016-12-27,2017-01-02,7020.34,0.02,6927.25,6994.7,0.01,0.0,-0.01,0.03,2017-01-02,2017-01-06,6928.4,0.01,6994.7,6861.45,-0.02,-0.0,-0.01,0.0
SRTRANSFIN,38,67,-29,2016-12-27,2017-01-02,838.58,0.01,808.35,884.4,0.09,0.02,0.01,0.04,2017-01-02,2017-01-06,906.37,0.01,884.4,927.85,0.05,0.01,0.0,0.02
FLFL,39,68,-29,2016-12-27,2017-01-02,127.14,0.01,122.4,133.8,0.09,0.02,0.01,0.03,2017-01-02,2017-01-06,136.23,0.03,133.8,141.05,0.05,0.01,-0.02,0.06
BRIGADE,333,363,-30,2016-12-27,2017-01-02,150.11,0.01,149.3,152.05,0.02,0.0,-0.01,0.01,2017-01-02,2017-01-06,152.79,0.01,152.05,152.7,0.0,0.0,-0.01,0.01
CONCOR,199,230,-31,2016-12-27,2017-01-02,1109.73,0.01,1098.8,1141.05,0.04,0.01,-0.01,0.03,2017-01-02,2017-01-06,1162.24,0.02,1141.05,1167.75,0.02,0.01,-0.02,0.03
COALINDIA,200,231,-31,2016-12-27,2017-01-02,296.57,0.01,288.95,300.05,0.04,0.01,0.0,0.02,2017-01-02,2017-01-06,305.2,0.01,300.05,306.2,0.02,0.01,-0.01,0.02
CAPLIPOINT,395,429,-34,2016-12-27,2017-01-02,340.02,0.01,335.5,340.05,0.01,0.0,-0.01,0.02,2017-01-02,2017-01-06,339.95,0.01,340.05,335.6,-0.01,-0.0,-0.02,0.01
KTKBANK,157,191,-34,2016-12-27,2017-01-02,110.87,0.02,108.25,113.45,0.05,0.01,-0.01,0.04,2017-01-02,2017-01-06,115.56,0.01,113.45,116.5,0.03,0.01,-0.01,0.02
MUTHOOTFIN,141,175,-34,2016-12-27,2017-01-02,279.31,0.01,272.3,285.2,0.05,0.01,0.0,0.03,2017-01-02,2017-01-06,289.34,0.01,285.2,295.15,0.03,0.01,0.0,0.02
INDHOTEL,435,472,-37,2016-12-27,2017-01-02,98.21,0.01,98.6,98.35,-0.0,-0.0,-0.01,0.01,2017-01-02,2017-01-06,96.59,0.01,98.35,95.75,-0.03,-0.01,-0.02,0.01
BIOCON,223,260,-37,2016-12-27,2017-01-02,938.24,0.01,916.95,951.95,0.04,0.01,0.0,0.02,2017-01-02,2017-01-06,947.38,0.01,951.95,959.55,0.01,0.0,-0.01,0.01
PETRONET,213,254,-41,2016-12-27,2017-01-02,365.53,0.01,357.9,370.85,0.04,0.01,-0.0,0.02,2017-01-02,2017-01-06,375.72,0.02,370.85,373.75,0.01,0.0,-0.02,0.03
INFY,433,475,-42,2016-12-27,2017-01-02,1000.3,0.01,998.95,1001.1,0.0,0.0,-0.01,0.02,2017-01-02,2017-01-06,992.22,0.01,1001.1,972.25,-0.03,-0.01,-0.02,0.0
JSWENERGY,30,74,-44,2016-12-27,2017-01-02,59.65,0.01,56.7,62.25,0.09,0.02,0.02,0.03,2017-01-02,2017-01-06,62.17,0.03,62.25,65.3,0.05,0.01,-0.03,0.06
OFSS,402,446,-44,2016-12-27,2017-01-02,3138.59,0.01,3153.3,3188.7,0.01,0.0,-0.01,0.02,2017-01-02,2017-01-06,3188.48,0.02,3188.7,3139.45,-0.02,-0.0,-0.02,0.02
TATASPONGE,149,194,-45,2016-12-27,2017-01-02,562.12,0.01,551.05,576.65,0.05,0.01,0.0,0.02,2017-01-02,2017-01-06,589.81,0.01,576.65,595.2,0.03,0.01,-0.01,0.02
RIIL,154,200,-46,2016-12-27,2017-01-02,381.85,0.01,373.65,391.25,0.05,0.01,-0.0,0.04,2017-01-02,2017-01-06,397.28,0.01,391.25,400.65,0.02,0.01,-0.0,0.02
MAGMA,257,304,-47,2016-12-27,2017-01-02,100.16,0.02,99.9,103.15,0.03,0.01,-0.02,0.02,2017-01-02,2017-01-06,104.12,0.0,103.15,104.6,0.01,0.0,0.0,0.01
NAVKARCORP,140,187,-47,2016-12-27,2017-01-02,162.3,0.02,159.7,167.6,0.05,0.01,-0.01,0.03,2017-01-02,2017-01-06,170.65,0.01,167.6,173.3,0.03,0.01,-0.01,0.03
JISLJALEQS,63,111,-48,2016-12-27,2017-01-02,86.18,0.01,83.05,88.75,0.07,0.02,0.01,0.02,2017-01-02,2017-01-06,91.62,0.02,88.75,91.95,0.04,0.01,-0.01,0.03
CARERATING,364,418,-54,2016-12-27,2017-01-02,1303.88,0.01,1296.1,1321.4,0.02,0.0,-0.01,0.02,2017-01-02,2017-01-06,1314.04,0.0,1321.4,1305.85,-0.01,-0.0,-0.0,-0.0
CENTRALBK,356,411,-55,2016-12-27,2017-01-02,83.27,0.01,82.85,84.6,0.02,0.01,-0.0,0.01,2017-01-02,2017-01-06,83.91,0.0,84.6,83.45,-0.01,-0.0,-0.01,0.0
GUJGASLTD,350,405,-55,2016-12-27,2017-01-02,521.71,0.0,518.1,529.9,0.02,0.01,-0.0,0.01,2017-01-02,2017-01-06,532.66,0.01,529.9,527.0,-0.01,-0.0,-0.02,0.01
SYNGENE,99,154,-55,2016-12-27,2017-01-02,559.76,0.03,535.35,566.95,0.06,0.01,-0.02,0.07,2017-01-02,2017-01-06,578.75,0.01,566.95,582.55,0.03,0.01,-0.0,0.02
LALPATHLAB,156,211,-55,2016-12-27,2017-01-02,1061.62,0.01,1031.55,1088.65,0.05,0.01,0.0,0.02,2017-01-02,2017-01-06,1093.46,0.01,1088.65,1115.8,0.02,0.01,-0.02,0.01
DBREALTY,173,229,-56,2016-12-27,2017-01-02,36.24,0.02,35.65,37.6,0.05,0.01,-0.0,0.04,2017-01-02,2017-01-06,38.39,0.02,37.6,38.4,0.02,0.01,-0.03,0.02
BBTC,74,130,-56,2016-12-27,2017-01-02,511.05,0.02,490.15,524.4,0.07,0.02,-0.01,0.03,2017-01-02,2017-01-06,530.71,0.01,524.4,544.75,0.04,0.01,-0.0,0.02
INOXWIND,401,459,-58,2016-12-27,2017-01-02,183.29,0.02,184.65,186.8,0.01,0.0,-0.01,0.03,2017-01-02,2017-01-06,185.0,0.01,186.8,183.3,-0.02,-0.0,-0.02,0.01
IGL,271,330,-59,2016-12-27,2017-01-02,902.57,0.01,891.4,919.35,0.03,0.01,-0.0,0.02,2017-01-02,2017-01-06,930.98,0.02,919.35,922.9,0.0,0.0,-0.01,0.03
APOLLOHOSP,224,285,-61,2016-12-27,2017-01-02,1165.07,0.0,1141.1,1189.2,0.04,0.01,0.0,0.02,2017-01-02,2017-01-06,1203.87,0.01,1189.2,1196.5,0.01,0.0,-0.01,0.01
NH,360,422,-62,2016-12-27,2017-01-02,338.99,0.01,338.85,344.35,0.02,0.0,-0.02,0.02,2017-01-02,2017-01-06,339.6,0.01,344.35,339.65,-0.01,-0.0,-0.01,0.01
RELCAPITAL,143,207,-64,2016-12-27,2017-01-02,426.23,0.01,418.8,439.9,0.05,0.01,-0.0,0.02,2017-01-02,2017-01-06,443.65,0.0,439.9,447.8,0.02,0.0,0.0,0.01
DELTACORP,0,64,-64,2016-12-27,2017-01-02,108.09,0.04,96.15,116.15,0.19,0.05,-0.01,0.11,2017-01-02,2017-01-06,119.27,0.02,116.15,122.7,0.05,0.01,-0.01,0.04
AUROPHARMA,168,236,-68,2016-12-27,2017-01-02,657.69,0.01,644.7,675.5,0.05,0.01,-0.01,0.03,2017-01-02,2017-01-06,678.66,0.01,675.5,692.4,0.02,0.01,-0.01,0.03
SUNDARMFIN,145,214,-69,2016-12-27,2017-01-02,1143.68,0.01,1113.6,1173.3,0.05,0.01,-0.0,0.02,2017-01-02,2017-01-06,1180.44,0.01,1173.3,1201.0,0.02,0.01,-0.01,0.01
NLCINDIA,133,204,-71,2016-12-27,2017-01-02,75.71,0.01,74.05,77.95,0.05,0.01,0.0,0.02,2017-01-02,2017-01-06,79.18,0.01,77.95,79.9,0.02,0.01,-0.0,0.01
JETAIRWAYS,90,163,-73,2016-12-27,2017-01-02,347.34,0.02,343.4,362.9,0.06,0.01,-0.01,0.04,2017-01-02,2017-01-06,368.7,0.01,362.9,372.25,0.03,0.01,-0.0,0.02
MANAPPURAM,28,101,-73,2016-12-27,2017-01-02,66.26,0.02,62.7,68.95,0.1,0.02,0.01,0.05,2017-01-02,2017-01-06,70.75,0.03,68.95,71.65,0.04,0.01,-0.04,0.05
UPL,272,346,-74,2016-12-27,2017-01-02,642.28,0.01,636.45,658.65,0.03,0.01,-0.01,0.02,2017-01-02,2017-01-06,663.14,0.02,658.65,659.9,0.0,0.0,-0.02,0.02
DIVISLAB,406,487,-81,2016-12-27,2017-01-02,796.77,0.03,788.45,797.85,0.01,0.0,-0.04,0.04,2017-01-02,2017-01-06,765.88,0.02,797.85,737.4,-0.08,-0.02,-0.04,0.02
DISHMAN,88,169,-81,2016-12-27,2017-01-02,213.27,0.01,208.65,220.45,0.06,0.01,0.0,0.03,2017-01-02,2017-01-06,226.76,0.02,220.45,227.8,0.03,0.01,-0.02,0.04
CANFINHOME,12,95,-83,2016-12-27,2017-01-02,1531.66,0.03,1460.1,1650.5,0.12,0.03,-0.01,0.07,2017-01-02,2017-01-06,1675.9,0.0,1650.5,1712.5,0.04,0.01,0.0,0.01
PNCINFRA,233,319,-86,2016-12-27,2017-01-02,103.91,0.02,101.2,105.0,0.04,0.01,-0.01,0.04,2017-01-02,2017-01-06,104.79,0.0,105.0,104.65,-0.0,-0.0,-0.0,0.0
CASTROLIND,167,256,-89,2016-12-27,2017-01-02,377.0,0.0,367.0,385.5,0.05,0.01,0.01,0.02,2017-01-02,2017-01-06,387.79,0.01,385.5,390.2,0.01,0.0,-0.0,0.01
BERGEPAINT,45,137,-92,2016-12-27,2017-01-02,206.44,0.02,195.75,211.55,0.08,0.02,0.0,0.05,2017-01-02,2017-01-06,214.61,0.01,211.55,219.45,0.04,0.01,-0.0,0.03
JKTYRE,160,252,-92,2016-12-27,2017-01-02,112.9,0.01,110.0,115.8,0.05,0.01,-0.0,0.02,2017-01-02,2017-01-06,116.27,0.0,115.8,116.4,0.01,0.0,-0.0,0.01
VTL,285,378,-93,2016-12-27,2017-01-02,1101.57,0.01,1077.6,1110.3,0.03,0.01,-0.0,0.03,2017-01-02,2017-01-06,1111.99,0.01,1110.3,1097.7,-0.01,-0.0,-0.01,0.01
AEGISCHEM,336,430,-94,2016-12-27,2017-01-02,128.77,0.01,128.35,131.15,0.02,0.01,-0.01,0.02,2017-01-02,2017-01-06,131.54,0.01,131.15,130.45,-0.01,-0.0,-0.01,0.01
MAHLIFE,261,357,-96,2016-12-27,2017-01-02,352.6,0.01,348.95,358.2,0.03,0.01,0.0,0.02,2017-01-02,2017-01-06,359.1,0.01,358.2,359.2,0.0,0.0,-0.01,0.01
CYIENT,295,391,-96,2016-12-27,2017-01-02,490.47,0.02,475.75,492.25,0.03,0.01,-0.03,0.03,2017-01-02,2017-01-06,490.89,0.0,492.25,486.95,-0.01,-0.0,-0.01,-0.0
VAKRANGEE,275,372,-97,2016-12-27,2017-01-02,271.78,0.01,266.5,274.55,0.03,0.01,0.0,0.02,2017-01-02,2017-01-06,274.3,0.01,274.55,270.5,-0.01,-0.0,-0.02,0.0
KSCL,203,300,-97,2016-12-27,2017-01-02,403.73,0.01,393.55,411.05,0.04,0.01,0.0,0.03,2017-01-02,2017-01-06,415.74,0.01,411.05,416.55,0.01,0.0,-0.01,0.02
ROLTA,237,336,-99,2016-12-27,2017-01-02,60.75,0.02,60.35,63.05,0.04,0.01,-0.01,0.04,2017-01-02,2017-01-06,63.41,0.02,63.05,63.3,0.0,0.0,-0.01,0.02
GODREJPROP,212,311,-99,2016-12-27,2017-01-02,305.15,0.02,301.6,313.7,0.04,0.01,-0.01,0.03,2017-01-02,2017-01-06,319.94,0.02,313.7,316.15,0.01,0.0,-0.03,0.02
BHARATFORG,325,426,-101,2016-12-27,2017-01-02,909.59,0.01,909.4,924.5,0.02,0.0,-0.01,0.02,2017-01-02,2017-01-06,918.96,0.01,924.5,912.1,-0.01,-0.0,-0.01,0.01
PFIZER,314,416,-102,2016-12-27,2017-01-02,1812.03,0.01,1800.45,1828.2,0.02,0.0,-0.01,0.01,2017-01-02,2017-01-06,1811.13,0.01,1828.2,1807.65,-0.01,-0.0,-0.01,0.01
GODREJIND,118,220,-102,2016-12-27,2017-01-02,422.19,0.01,408.3,433.35,0.06,0.01,0.01,0.03,2017-01-02,2017-01-06,435.56,0.01,433.35,442.55,0.02,0.01,-0.0,0.02
3MINDIA,113,217,-104,2016-12-27,2017-01-02,10828.9,0.01,10433.1,11056.5,0.06,0.01,-0.01,0.02,2017-01-02,2017-01-06,11036.92,0.02,11056.5,11305.0,0.02,0.01,-0.01,0.03
RELIANCE,321,428,-107,2016-12-27,2017-01-02,1069.47,0.01,1064.7,1085.1,0.02,0.0,-0.01,0.02,2017-01-02,2017-01-06,1078.8,0.01,1085.1,1074.95,-0.01,-0.0,-0.02,0.01
SRF,247,355,-108,2016-12-27,2017-01-02,1529.41,0.01,1511.0,1558.4,0.03,0.01,-0.01,0.02,2017-01-02,2017-01-06,1561.56,0.01,1558.4,1565.25,0.0,0.0,-0.01,0.02
RAMCOCEM,81,193,-112,2016-12-27,2017-01-02,537.9,0.0,517.95,558.25,0.07,0.02,0.02,0.02,2017-01-02,2017-01-06,571.6,0.01,558.25,577.75,0.03,0.01,0.0,0.02
TCS,353,466,-113,2016-12-27,2017-01-02,2343.08,0.01,2323.4,2361.35,0.02,0.0,-0.0,0.02,2017-01-02,2017-01-06,2344.98,0.01,2361.35,2281.4,-0.03,-0.01,-0.02,0.0
COROMANDEL,17,131,-114,2016-12-27,2017-01-02,286.2,0.01,270.75,302.35,0.11,0.03,0.02,0.03,2017-01-02,2017-01-06,306.49,0.01,302.35,313.5,0.04,0.01,-0.01,0.03
BLISSGVS,241,358,-117,2016-12-27,2017-01-02,155.01,0.01,153.8,158.4,0.03,0.01,-0.01,0.02,2017-01-02,2017-01-06,158.99,0.01,158.4,158.95,0.0,0.0,-0.01,0.01
SONATSOFTW,229,347,-118,2016-12-27,2017-01-02,191.37,0.02,189.45,197.05,0.04,0.01,-0.02,0.03,2017-01-02,2017-01-06,200.92,0.03,197.05,197.2,0.0,0.0,-0.05,0.03
IIFL,342,461,-119,2016-12-27,2017-01-02,261.15,0.0,257.7,262.85,0.02,0.0,-0.0,0.01,2017-01-02,2017-01-06,259.89,0.02,262.85,255.95,-0.03,-0.01,-0.02,0.02
MPHASIS,366,486,-120,2016-12-27,2017-01-02,559.47,0.01,548.5,557.65,0.02,0.0,-0.01,0.02,2017-01-02,2017-01-06,538.96,0.02,557.65,527.15,-0.06,-0.01,-0.04,0.01
SREINFRA,57,179,-122,2016-12-27,2017-01-02,74.31,0.02,71.9,78.05,0.08,0.02,0.0,0.05,2017-01-02,2017-01-06,79.25,0.02,78.05,80.6,0.03,0.01,-0.02,0.02
GSPL,307,432,-125,2016-12-27,2017-01-02,137.71,0.01,135.35,140.15,0.03,0.01,0.0,0.02,2017-01-02,2017-01-06,139.43,0.01,140.15,137.4,-0.02,-0.0,-0.02,-0.0
NETWORK18,21,147,-126,2016-12-27,2017-01-02,33.04,0.04,30.7,33.95,0.1,0.03,-0.01,0.09,2017-01-02,2017-01-06,34.88,0.01,33.95,35.1,0.03,0.01,-0.02,0.02
NTPC,244,371,-127,2016-12-27,2017-01-02,162.85,0.01,160.4,164.8,0.03,0.01,0.0,0.02,2017-01-02,2017-01-06,164.82,0.0,164.8,164.0,-0.0,-0.0,-0.01,0.0
INTELLECT,68,198,-130,2016-12-27,2017-01-02,137.97,0.01,132.6,142.5,0.07,0.02,0.0,0.03,2017-01-02,2017-01-06,143.86,0.01,142.5,146.0,0.02,0.01,-0.01,0.02
SANOFI,313,443,-130,2016-12-27,2017-01-02,4268.74,0.01,4216.0,4295.6,0.02,0.0,-0.0,0.02,2017-01-02,2017-01-06,4248.85,0.01,4295.6,4210.3,-0.02,-0.01,-0.02,0.0
HDIL,18,151,-133,2016-12-27,2017-01-02,57.54,0.03,55.05,61.7,0.11,0.03,0.0,0.07,2017-01-02,2017-01-06,62.7,0.01,61.7,63.4,0.03,0.01,-0.0,0.01
MHRIL,248,387,-139,2016-12-27,2017-01-02,394.93,0.0,388.6,399.85,0.03,0.01,0.0,0.01,2017-01-02,2017-01-06,399.76,0.01,399.85,394.9,-0.01,-0.0,-0.02,0.01
HONAUT,102,243,-141,2016-12-27,2017-01-02,8733.75,0.01,8498.9,9063.2,0.06,0.02,0.0,0.04,2017-01-02,2017-01-06,9189.9,0.0,9063.2,9288.8,0.02,0.01,0.0,0.01
TATACHEM,195,338,-143,2016-12-27,2017-01-02,495.91,0.01,486.9,506.95,0.04,0.01,0.0,0.02,2017-01-02,2017-01-06,507.55,0.01,506.95,507.8,0.0,0.0,-0.01,0.01
ADANITRANS,184,327,-143,2016-12-27,2017-01-02,56.13,0.0,55.0,57.1,0.04,0.01,0.01,0.01,2017-01-02,2017-01-06,57.43,0.02,57.1,57.15,0.0,0.0,-0.02,0.02
JKLAKSHMI,301,445,-144,2016-12-27,2017-01-02,353.98,0.02,352.75,365.0,0.03,0.01,-0.0,0.04,2017-01-02,2017-01-06,361.84,0.0,365.0,356.9,-0.02,-0.01,-0.01,-0.0
UFLEX,82,227,-145,2016-12-27,2017-01-02,264.95,0.01,256.3,275.1,0.07,0.02,0.01,0.04,2017-01-02,2017-01-06,279.72,0.02,275.1,279.35,0.02,0.0,-0.02,0.02
SUPREMEIND,155,301,-146,2016-12-27,2017-01-02,888.51,0.02,855.8,897.25,0.05,0.01,-0.01,0.03,2017-01-02,2017-01-06,897.59,0.01,897.25,904.85,0.01,0.0,-0.01,0.03
MOTHERSUMI,122,268,-146,2016-12-27,2017-01-02,321.25,0.02,310.25,327.85,0.06,0.01,-0.0,0.04,2017-01-02,2017-01-06,326.48,0.01,327.85,331.65,0.01,0.0,-0.01,0.02
HFCL,105,251,-146,2016-12-27,2017-01-02,12.37,0.01,12.1,12.9,0.06,0.02,0.0,0.03,2017-01-02,2017-01-06,13.06,0.01,12.9,13.2,0.02,0.01,-0.0,0.02
ARVIND,91,237,-146,2016-12-27,2017-01-02,340.42,0.02,332.75,352.15,0.06,0.01,-0.01,0.06,2017-01-02,2017-01-06,359.55,0.02,352.15,360.9,0.02,0.01,-0.01,0.02
BLUESTARCO,87,233,-146,2016-12-27,2017-01-02,464.93,0.01,450.05,481.7,0.07,0.02,0.0,0.03,2017-01-02,2017-01-06,489.19,0.01,481.7,492.0,0.02,0.01,-0.0,0.02
CUMMINSIND,294,442,-148,2016-12-27,2017-01-02,812.79,0.01,798.25,826.15,0.03,0.01,-0.0,0.02,2017-01-02,2017-01-06,820.15,0.02,826.15,808.5,-0.02,-0.01,-0.04,0.02
CESC,258,409,-151,2016-12-27,2017-01-02,636.29,0.0,627.95,645.05,0.03,0.01,0.0,0.01,2017-01-02,2017-01-06,644.55,0.01,645.05,640.2,-0.01,-0.0,-0.01,0.0
HCLTECH,279,433,-154,2016-12-27,2017-01-02,817.54,0.01,804.85,828.5,0.03,0.01,0.0,0.02,2017-01-02,2017-01-06,835.93,0.02,828.5,814.4,-0.02,-0.0,-0.04,0.03
BALRAMCHIN,24,178,-154,2016-12-27,2017-01-02,123.02,0.01,117.6,130.25,0.1,0.03,0.01,0.04,2017-01-02,2017-01-06,130.84,0.02,130.25,134.6,0.03,0.01,-0.02,0.04
GODREJCP,175,331,-156,2016-12-27,2017-01-02,1488.57,0.0,1454.15,1521.9,0.05,0.01,0.01,0.02,2017-01-02,2017-01-06,1526.59,0.0,1521.9,1522.3,0.0,0.0,-0.0,0.01
ECLERX,194,354,-160,2016-12-27,2017-01-02,1387.17,0.01,1358.3,1416.7,0.04,0.01,0.0,0.02,2017-01-02,2017-01-06,1414.42,0.01,1416.7,1415.2,-0.0,-0.0,-0.01,0.01
AKZOINDIA,253,414,-161,2016-12-27,2017-01-02,1405.55,0.02,1377.65,1417.25,0.03,0.01,-0.02,0.03,2017-01-02,2017-01-06,1418.71,0.01,1417.25,1409.05,-0.01,-0.0,-0.01,0.01
JYOTHYLAB,293,455,-162,2016-12-27,2017-01-02,334.94,0.03,327.8,339.05,0.03,0.01,-0.03,0.04,2017-01-02,2017-01-06,335.49,0.0,339.05,332.9,-0.02,-0.0,-0.01,-0.0
RALLIS,125,288,-163,2016-12-27,2017-01-02,193.02,0.03,191.3,202.8,0.06,0.01,-0.01,0.06,2017-01-02,2017-01-06,203.53,0.01,202.8,204.1,0.01,0.0,-0.01,0.01
TRIDENT,144,309,-165,2016-12-27,2017-01-02,56.65,0.01,55.45,58.45,0.05,0.01,0.0,0.03,2017-01-02,2017-01-06,59.25,0.02,58.45,58.8,0.01,0.0,-0.02,0.03
CENTURYPLY,66,232,-166,2016-12-27,2017-01-02,165.58,0.01,161.1,172.15,0.07,0.02,0.01,0.03,2017-01-02,2017-01-06,175.67,0.01,172.15,176.5,0.02,0.01,-0.02,0.02
LUPIN,202,368,-166,2016-12-27,2017-01-02,1472.2,0.0,1446.1,1505.75,0.04,0.01,0.01,0.01,2017-01-02,2017-01-06,1504.88,0.01,1505.75,1512.05,0.0,0.0,-0.01,0.02
GATI,170,339,-169,2016-12-27,2017-01-02,112.81,0.01,111.0,116.6,0.05,0.01,0.0,0.03,2017-01-02,2017-01-06,117.1,0.02,116.6,116.85,0.0,0.0,-0.03,0.02
SKFINDIA,207,379,-172,2016-12-27,2017-01-02,1255.14,0.0,1232.75,1285.35,0.04,0.01,0.01,0.02,2017-01-02,2017-01-06,1284.15,0.0,1285.35,1275.0,-0.01,-0.0,-0.01,0.0
ACC,239,415,-176,2016-12-27,2017-01-02,1316.5,0.01,1294.8,1351.9,0.04,0.01,0.0,0.02,2017-01-02,2017-01-06,1336.32,0.01,1351.9,1333.9,-0.01,-0.0,-0.02,0.01
KWALITY,33,210,-177,2016-12-27,2017-01-02,123.28,0.02,116.5,126.85,0.09,0.02,0.0,0.05,2017-01-02,2017-01-06,129.86,0.02,126.85,129.5,0.02,0.01,-0.01,0.03
PVR,31,209,-178,2016-12-27,2017-01-02,1117.92,0.02,1053.5,1155.45,0.09,0.02,0.01,0.05,2017-01-02,2017-01-06,1173.13,0.01,1155.45,1179.75,0.02,0.01,-0.01,0.01
DHFL,171,351,-180,2016-12-27,2017-01-02,243.71,0.01,238.6,249.9,0.05,0.01,-0.01,0.03,2017-01-02,2017-01-06,247.02,0.01,249.9,248.75,-0.0,-0.0,-0.02,0.02
AHLUCONT,297,479,-182,2016-12-27,2017-01-02,258.76,0.01,254.4,260.9,0.03,0.01,-0.0,0.01,2017-01-02,2017-01-06,254.22,0.01,260.9,251.75,-0.04,-0.01,-0.02,0.0
DYNAMATECH,210,394,-184,2016-12-27,2017-01-02,2852.76,0.01,2821.2,2939.0,0.04,0.01,-0.01,0.03,2017-01-02,2017-01-06,2962.46,0.02,2939.0,2922.0,-0.01,-0.0,-0.02,0.03
BHARATFIN,4,190,-186,2016-12-27,2017-01-02,576.08,0.04,519.4,602.25,0.15,0.04,-0.02,0.1,2017-01-02,2017-01-06,622.44,0.02,602.25,621.65,0.03,0.01,-0.03,0.03
HATHWAY,221,407,-186,2016-12-27,2017-01-02,34.62,0.02,34.35,35.8,0.04,0.01,-0.0,0.04,2017-01-02,2017-01-06,36.23,0.02,35.8,35.4,-0.01,-0.0,-0.03,0.02
GREAVESCOT,216,403,-187,2016-12-27,2017-01-02,120.63,0.01,118.8,123.85,0.04,0.01,-0.0,0.03,2017-01-02,2017-01-06,123.24,0.01,123.85,122.5,-0.01,-0.0,-0.02,0.01
JBCHEPHARM,209,398,-189,2016-12-27,2017-01-02,345.61,0.01,338.65,351.0,0.04,0.01,-0.0,0.02,2017-01-02,2017-01-06,350.08,0.01,351.0,348.75,-0.01,-0.0,-0.01,0.01
GDL,108,298,-190,2016-12-27,2017-01-02,240.42,0.01,233.2,246.7,0.06,0.01,0.0,0.03,2017-01-02,2017-01-06,249.62,0.02,246.7,248.65,0.01,0.0,-0.02,0.03
BAJFINANCE,80,271,-191,2016-12-27,2017-01-02,835.11,0.01,809.75,870.05,0.07,0.02,0.01,0.03,2017-01-02,2017-01-06,880.83,0.02,870.05,878.45,0.01,0.0,-0.02,0.03
TRITURBINE,180,375,-195,2016-12-27,2017-01-02,117.79,0.01,114.4,119.5,0.04,0.01,0.0,0.03,2017-01-02,2017-01-06,119.46,0.01,119.5,118.45,-0.01,-0.0,-0.01,0.01
RENUKA,8,203,-195,2016-12-27,2017-01-02,13.47,0.02,12.85,14.7,0.13,0.03,0.0,0.06,2017-01-02,2017-01-06,14.83,0.01,14.7,14.95,0.02,0.0,-0.0,0.02
TATACOFFEE,152,348,-196,2016-12-27,2017-01-02,112.23,0.01,109.7,115.3,0.05,0.01,0.0,0.02,2017-01-02,2017-01-06,115.56,0.01,115.3,114.9,-0.0,-0.0,-0.01,0.01
BFUTILITIE,120,316,-196,2016-12-27,2017-01-02,386.92,0.01,372.1,393.9,0.06,0.01,0.0,0.03,2017-01-02,2017-01-06,393.63,0.0,393.9,394.25,0.0,0.0,-0.01,0.01
ADANIENT,42,240,-198,2016-12-27,2017-01-02,73.65,0.02,70.9,76.95,0.08,0.02,-0.0,0.05,2017-01-02,2017-01-06,77.82,0.01,76.95,78.65,0.02,0.01,-0.01,0.02
MOTILALOFS,252,450,-198,2016-12-27,2017-01-02,517.14,0.01,509.15,523.5,0.03,0.01,0.0,0.02,2017-01-02,2017-01-06,517.74,0.0,523.5,513.7,-0.02,-0.0,-0.01,0.0
ESCORTS,26,226,-200,2016-12-27,2017-01-02,297.79,0.03,288.95,320.75,0.1,0.03,0.0,0.08,2017-01-02,2017-01-06,325.3,0.02,320.75,328.25,0.02,0.01,-0.02,0.03
BAJAJFINSV,86,290,-204,2016-12-27,2017-01-02,2852.2,0.01,2743.55,2949.65,0.07,0.02,0.01,0.03,2017-01-02,2017-01-06,2984.83,0.02,2949.65,2978.55,0.01,0.0,-0.02,0.02
ASHOKA,270,476,-206,2016-12-27,2017-01-02,157.03,0.01,153.95,159.4,0.03,0.01,-0.01,0.03,2017-01-02,2017-01-06,159.51,0.02,159.4,155.0,-0.03,-0.01,-0.03,0.03
RTNPOWER,72,278,-206,2016-12-27,2017-01-02,6.84,0.01,6.65,7.15,0.07,0.02,0.01,0.04,2017-01-02,2017-01-06,7.18,0.01,7.15,7.25,0.01,0.0,-0.01,0.02
JAICORPLTD,60,267,-207,2016-12-27,2017-01-02,70.0,0.03,66.8,72.3,0.08,0.02,0.0,0.07,2017-01-02,2017-01-06,73.65,0.02,72.3,73.25,0.01,0.0,-0.01,0.03
MTNL,259,468,-209,2016-12-27,2017-01-02,20.19,0.02,19.7,20.25,0.03,0.01,-0.01,0.03,2017-01-02,2017-01-06,19.93,0.01,20.25,19.6,-0.03,-0.01,-0.02,0.01
INGERRAND,188,402,-214,2016-12-27,2017-01-02,671.61,0.01,652.5,682.15,0.04,0.01,-0.0,0.03,2017-01-02,2017-01-06,682.59,0.01,682.15,676.7,-0.01,-0.0,-0.02,0.01
SUVEN,89,303,-214,2016-12-27,2017-01-02,168.27,0.01,163.55,172.9,0.06,0.01,0.0,0.04,2017-01-02,2017-01-06,174.72,0.01,172.9,174.0,0.01,0.0,-0.01,0.02
TIMKEN,104,320,-216,2016-12-27,2017-01-02,600.46,0.02,585.2,620.5,0.06,0.01,-0.02,0.04,2017-01-02,2017-01-06,630.64,0.02,620.5,619.3,-0.0,-0.0,-0.02,0.04
EIHOTEL,179,395,-216,2016-12-27,2017-01-02,94.47,0.01,93.8,97.2,0.04,0.01,-0.01,0.02,2017-01-02,2017-01-06,96.56,0.01,97.2,96.6,-0.01,-0.0,-0.01,0.0
INDIACEM,25,245,-220,2016-12-27,2017-01-02,114.91,0.02,111.45,122.65,0.1,0.02,-0.0,0.05,2017-01-02,2017-01-06,123.7,0.01,122.65,125.4,0.02,0.01,-0.0,0.03
SOMANYCERA,240,464,-224,2016-12-27,2017-01-02,482.39,0.01,475.85,488.75,0.03,0.01,-0.0,0.02,2017-01-02,2017-01-06,483.81,0.01,488.75,475.3,-0.03,-0.01,-0.02,0.0
ZYDUSWELL,161,386,-225,2016-12-27,2017-01-02,861.92,0.02,834.7,875.3,0.05,0.01,-0.01,0.04,2017-01-02,2017-01-06,870.68,0.0,875.3,867.95,-0.01,-0.0,-0.01,0.01
OCL,34,259,-225,2016-12-27,2017-01-02,702.97,0.02,682.45,745.55,0.09,0.02,0.01,0.05,2017-01-02,2017-01-06,756.87,0.01,745.55,755.9,0.01,0.0,-0.01,0.02
SHRIRAMCIT,147,376,-229,2016-12-27,2017-01-02,1809.18,0.01,1769.55,1862.65,0.05,0.01,0.0,0.03,2017-01-02,2017-01-06,1855.43,0.02,1862.65,1836.45,-0.01,-0.0,-0.03,0.02
LAKSHVILAS,245,481,-236,2016-12-27,2017-01-02,140.98,0.01,138.5,142.2,0.03,0.01,-0.0,0.02,2017-01-02,2017-01-06,139.21,0.0,142.2,136.55,-0.04,-0.01,-0.01,-0.01
EICHERMOT,55,291,-236,2016-12-27,2017-01-02,21480.82,0.01,20701.1,22523.9,0.08,0.02,0.01,0.03,2017-01-02,2017-01-06,22452.64,0.01,22523.9,22717.8,0.01,0.0,-0.01,0.02
IFCI,27,270,-243,2016-12-27,2017-01-02,26.42,0.06,24.8,27.4,0.1,0.02,-0.03,0.13,2017-01-02,2017-01-06,27.64,0.01,27.4,27.75,0.01,0.0,-0.01,0.01
EDELWEISS,193,437,-244,2016-12-27,2017-01-02,96.59,0.01,95.25,98.7,0.04,0.01,-0.01,0.03,2017-01-02,2017-01-06,98.69,0.01,98.7,96.95,-0.02,-0.0,-0.02,0.01
BAJAJCORP,174,419,-245,2016-12-27,2017-01-02,364.68,0.01,355.7,373.85,0.05,0.01,0.0,0.03,2017-01-02,2017-01-06,373.38,0.01,373.85,370.6,-0.01,-0.0,-0.01,0.01
PHOENIXLTD,232,477,-245,2016-12-27,2017-01-02,370.63,0.01,366.0,379.75,0.04,0.01,-0.0,0.02,2017-01-02,2017-01-06,374.87,0.01,379.75,366.1,-0.04,-0.01,-0.02,-0.0
CCL,121,367,-246,2016-12-27,2017-01-02,262.1,0.02,250.6,266.7,0.06,0.02,-0.0,0.04,2017-01-02,2017-01-06,266.11,0.01,266.7,267.5,0.0,0.0,-0.02,0.02
AJANTPHARM,162,413,-251,2016-12-27,2017-01-02,1776.05,0.01,1735.6,1823.85,0.05,0.01,-0.01,0.02,2017-01-02,2017-01-06,1797.8,0.01,1823.85,1798.8,-0.01,-0.0,-0.01,0.01
RCOM,211,463,-252,2016-12-27,2017-01-02,33.77,0.01,33.3,34.75,0.04,0.01,0.0,0.02,2017-01-02,2017-01-06,34.33,0.01,34.75,33.8,-0.03,-0.01,-0.02,0.01
ALLCARGO,231,485,-254,2016-12-27,2017-01-02,176.87,0.01,174.4,181.2,0.04,0.01,-0.01,0.02,2017-01-02,2017-01-06,177.62,0.02,181.2,171.45,-0.06,-0.01,-0.03,0.02
SIMPLEXINF,77,335,-258,2016-12-27,2017-01-02,276.52,0.04,266.9,286.35,0.07,0.02,-0.02,0.08,2017-01-02,2017-01-06,286.12,0.01,286.35,285.95,-0.0,-0.0,-0.01,0.01
MARKSANS,183,444,-261,2016-12-27,2017-01-02,39.89,0.01,39.45,40.95,0.04,0.01,-0.01,0.03,2017-01-02,2017-01-06,40.74,0.01,40.95,40.3,-0.02,-0.0,-0.01,0.0
ASTRAL,169,434,-265,2016-12-27,2017-01-02,388.53,0.01,380.35,398.3,0.05,0.01,0.0,0.02,2017-01-02,2017-01-06,393.91,0.01,398.3,390.85,-0.02,-0.0,-0.01,0.01
BOSCHLTD,97,362,-265,2016-12-27,2017-01-02,20585.36,0.01,19958.8,21096.1,0.06,0.01,0.0,0.02,2017-01-02,2017-01-06,20849.32,0.02,21096.1,21111.3,0.0,0.0,-0.02,0.03
EVEREADY,41,306,-265,2016-12-27,2017-01-02,211.01,0.02,202.65,219.2,0.08,0.02,-0.0,0.06,2017-01-02,2017-01-06,221.61,0.01,219.2,222.05,0.01,0.0,-0.01,0.01
TATAELXSI,112,381,-269,2016-12-27,2017-01-02,1376.16,0.01,1330.1,1412.75,0.06,0.02,0.01,0.02,2017-01-02,2017-01-06,1411.93,0.02,1412.75,1392.15,-0.01,-0.0,-0.03,0.01
SADBHAV,137,406,-269,2016-12-27,2017-01-02,272.08,0.01,262.9,275.05,0.05,0.01,0.0,0.04,2017-01-02,2017-01-06,274.33,0.0,275.05,273.35,-0.01,-0.0,-0.01,0.0
TTKPRESTIG,107,380,-273,2016-12-27,2017-01-02,5635.01,0.01,5393.55,5739.95,0.06,0.02,0.0,0.04,2017-01-02,2017-01-06,5707.55,0.0,5739.95,5665.95,-0.01,-0.0,-0.01,0.0
RAYMOND,146,421,-275,2016-12-27,2017-01-02,496.12,0.02,491.55,515.35,0.05,0.01,-0.0,0.04,2017-01-02,2017-01-06,516.18,0.03,515.35,511.35,-0.01,-0.0,-0.04,0.02
KALPATPOWR,29,307,-278,2016-12-27,2017-01-02,246.68,0.01,236.35,258.1,0.09,0.02,0.0,0.04,2017-01-02,2017-01-06,261.32,0.02,258.1,259.75,0.01,0.0,-0.01,0.03
AIAENG,197,478,-281,2016-12-27,2017-01-02,1281.98,0.01,1263.3,1319.25,0.04,0.01,-0.01,0.03,2017-01-02,2017-01-06,1295.42,0.01,1319.25,1271.65,-0.04,-0.01,-0.02,0.01
KAJARIACER,23,308,-285,2016-12-27,2017-01-02,455.26,0.03,441.1,487.7,0.1,0.03,-0.0,0.06,2017-01-02,2017-01-06,490.02,0.01,487.7,492.2,0.01,0.0,-0.01,0.02
MMTC,3,293,-290,2016-12-27,2017-01-02,54.39,0.07,52.35,61.7,0.16,0.04,-0.01,0.16,2017-01-02,2017-01-06,62.3,0.02,61.7,62.25,0.01,0.0,-0.03,0.04
FDC,166,460,-294,2016-12-27,2017-01-02,219.12,0.01,213.45,223.55,0.05,0.01,-0.0,0.02,2017-01-02,2017-01-06,220.94,0.0,223.55,217.35,-0.03,-0.01,-0.01,-0.0
TECHM,187,482,-295,2016-12-27,2017-01-02,480.39,0.01,468.2,488.0,0.04,0.01,-0.0,0.02,2017-01-02,2017-01-06,487.6,0.02,488.0,469.75,-0.04,-0.01,-0.04,0.02
ULTRACEMCO,84,382,-298,2016-12-27,2017-01-02,3230.76,0.01,3156.55,3371.35,0.07,0.02,0.0,0.04,2017-01-02,2017-01-06,3341.01,0.02,3371.35,3322.75,-0.01,-0.0,-0.02,0.02
MFSL,151,451,-300,2016-12-27,2017-01-02,542.55,0.01,531.3,557.55,0.05,0.01,0.0,0.02,2017-01-02,2017-01-06,554.42,0.01,557.55,546.45,-0.02,-0.01,-0.01,0.01
EQUITAS,95,396,-301,2016-12-27,2017-01-02,145.02,0.02,141.7,149.9,0.06,0.01,-0.02,0.03,2017-01-02,2017-01-06,149.18,0.01,149.9,147.95,-0.01,-0.0,-0.01,0.01
NCC,43,345,-302,2016-12-27,2017-01-02,79.83,0.01,76.75,83.55,0.08,0.02,0.01,0.04,2017-01-02,2017-01-06,84.54,0.02,83.55,83.2,-0.0,-0.0,-0.04,0.02
WABCOINDIA,61,374,-313,2016-12-27,2017-01-02,5083.04,0.05,4835.2,5241.85,0.08,0.02,-0.02,0.11,2017-01-02,2017-01-06,5244.07,0.01,5241.85,5206.1,-0.01,-0.0,-0.01,0.0
BAJAJHIND,11,325,-314,2016-12-27,2017-01-02,13.59,0.03,13.05,14.75,0.12,0.03,-0.01,0.06,2017-01-02,2017-01-06,14.96,0.02,14.75,14.75,0.0,0.0,-0.02,0.02
GULFOILLUB,22,337,-315,2016-12-27,2017-01-02,636.08,0.01,600.0,664.8,0.1,0.03,0.01,0.04,2017-01-02,2017-01-06,672.11,0.02,664.8,665.7,0.0,0.0,-0.02,0.03
AMBUJACEM,93,417,-324,2016-12-27,2017-01-02,205.79,0.02,202.9,214.6,0.06,0.01,-0.01,0.04,2017-01-02,2017-01-06,213.78,0.01,214.6,212.6,-0.01,-0.0,-0.01,0.01
JUBLFOOD,131,456,-325,2016-12-27,2017-01-02,837.64,0.01,813.2,859.9,0.06,0.01,-0.0,0.03,2017-01-02,2017-01-06,858.0,0.01,859.9,839.05,-0.02,-0.01,-0.03,0.01
HEIDELBERG,109,441,-332,2016-12-27,2017-01-02,107.9,0.01,104.75,111.45,0.06,0.02,0.01,0.02,2017-01-02,2017-01-06,111.37,0.01,111.45,109.6,-0.02,-0.0,-0.02,0.0
RAIN,124,457,-333,2016-12-27,2017-01-02,53.54,0.01,52.0,54.95,0.06,0.01,0.0,0.03,2017-01-02,2017-01-06,54.63,0.01,54.95,53.7,-0.02,-0.01,-0.02,0.0
GRUH,62,404,-342,2016-12-27,2017-01-02,320.46,0.01,308.4,329.35,0.07,0.02,0.0,0.03,2017-01-02,2017-01-06,327.59,0.01,329.35,327.3,-0.01,-0.0,-0.01,0.01
BLUEDART,85,427,-342,2016-12-27,2017-01-02,4323.83,0.0,4181.35,4467.9,0.07,0.02,0.01,0.02,2017-01-02,2017-01-06,4461.52,0.0,4467.9,4442.3,-0.01,-0.0,-0.01,0.0
MINDTREE,126,470,-344,2016-12-27,2017-01-02,511.71,0.02,486.2,516.7,0.06,0.02,-0.01,0.05,2017-01-02,2017-01-06,514.98,0.03,516.7,500.2,-0.03,-0.01,-0.05,0.04
MANPASAND,128,474,-346,2016-12-27,2017-01-02,534.06,0.02,522.3,553.3,0.06,0.01,-0.0,0.05,2017-01-02,2017-01-06,547.91,0.02,553.3,537.65,-0.03,-0.01,-0.02,0.02
IBULHSGFIN,101,462,-361,2016-12-27,2017-01-02,650.69,0.02,637.15,678.65,0.06,0.02,-0.0,0.04,2017-01-02,2017-01-06,659.15,0.02,678.65,657.45,-0.03,-0.01,-0.03,0.02
GREENPLY,111,473,-362,2016-12-27,2017-01-02,249.54,0.02,242.15,256.95,0.06,0.01,-0.01,0.05,2017-01-02,2017-01-06,250.61,0.02,256.95,248.35,-0.03,-0.01,-0.04,0.01
GRASIM,71,435,-364,2016-12-27,2017-01-02,840.41,0.01,811.4,873.3,0.07,0.02,-0.0,0.04,2017-01-02,2017-01-06,866.09,0.0,873.3,855.25,-0.02,-0.01,-0.01,-0.0
HIMATSEIDE,44,410,-366,2016-12-27,2017-01-02,290.49,0.02,276.15,299.65,0.08,0.02,-0.01,0.04,2017-01-02,2017-01-06,298.95,0.0,299.65,297.45,-0.01,-0.0,-0.01,0.0
PAGEIND,83,453,-370,2016-12-27,2017-01-02,13458.3,0.03,12941.5,13938.5,0.07,0.02,-0.01,0.06,2017-01-02,2017-01-06,13814.92,0.01,13938.5,13704.0,-0.02,-0.0,-0.01,0.0
BRFL,70,440,-370,2016-12-27,2017-01-02,143.35,0.05,138.25,148.8,0.07,0.02,-0.03,0.11,2017-01-02,2017-01-06,148.0,0.01,148.8,145.45,-0.02,-0.01,-0.03,0.01
GAYAPROJ,65,436,-371,2016-12-27,2017-01-02,647.2,0.02,615.7,662.05,0.07,0.02,-0.01,0.05,2017-01-02,2017-01-06,657.41,0.01,662.05,650.45,-0.02,-0.0,-0.02,0.01
HEXAWARE,106,480,-374,2016-12-27,2017-01-02,204.47,0.0,198.55,210.15,0.06,0.01,0.01,0.02,2017-01-02,2017-01-06,208.83,0.02,210.15,201.1,-0.04,-0.01,-0.04,0.01
SHREECEM,78,454,-376,2016-12-27,2017-01-02,14074.1,0.03,13527.9,14517.6,0.07,0.02,-0.01,0.06,2017-01-02,2017-01-06,14244.82,0.01,14517.6,14298.5,-0.02,-0.0,-0.03,0.01
STCINDIA,1,383,-382,2016-12-27,2017-01-02,209.0,0.05,189.4,229.7,0.19,0.05,0.0,0.1,2017-01-02,2017-01-06,220.31,0.05,229.7,228.55,-0.01,-0.0,-0.05,0.05
ABIRLANUVO,37,424,-387,2016-12-27,2017-01-02,1236.75,0.02,1181.7,1290.1,0.09,0.02,0.01,0.05,2017-01-02,2017-01-06,1287.45,0.01,1290.1,1271.25,-0.01,-0.0,-0.02,0.0
BASF,75,465,-390,2016-12-27,2017-01-02,1120.96,0.01,1075.15,1155.7,0.07,0.02,-0.0,0.03,2017-01-02,2017-01-06,1145.95,0.01,1155.7,1123.6,-0.03,-0.01,-0.02,0.0
ITDCEM,5,400,-395,2016-12-27,2017-01-02,150.25,0.04,144.1,165.9,0.14,0.04,0.01,0.11,2017-01-02,2017-01-06,164.11,0.02,165.9,163.45,-0.01,-0.0,-0.03,0.02
HCC,9,408,-399,2016-12-27,2017-01-02,38.71,0.02,36.95,41.9,0.13,0.03,0.0,0.06,2017-01-02,2017-01-06,42.45,0.02,41.9,41.6,-0.01,-0.0,-0.04,0.01
JAGRAN,59,458,-399,2016-12-27,2017-01-02,173.22,0.01,165.55,179.45,0.08,0.02,0.0,0.03,2017-01-02,2017-01-06,178.66,0.01,179.45,175.4,-0.02,-0.01,-0.02,0.01
OBEROIRLTY,48,447,-399,2016-12-27,2017-01-02,295.83,0.02,288.35,311.9,0.08,0.02,0.01,0.05,2017-01-02,2017-01-06,310.28,0.01,311.9,305.65,-0.02,-0.01,-0.02,0.01
IDEA,67,469,-402,2016-12-27,2017-01-02,72.65,0.0,70.0,74.95,0.07,0.02,0.01,0.02,2017-01-02,2017-01-06,74.04,0.02,74.95,72.9,-0.03,-0.01,-0.03,0.01
HINDCOPPER,47,452,-405,2016-12-27,2017-01-02,59.98,0.02,58.45,63.5,0.08,0.02,0.0,0.06,2017-01-02,2017-01-06,62.71,0.02,63.5,62.25,-0.02,-0.0,-0.02,0.02
NILKAMAL,14,420,-406,2016-12-27,2017-01-02,1286.53,0.05,1252.9,1407.95,0.12,0.03,-0.01,0.11,2017-01-02,2017-01-06,1419.78,0.02,1407.95,1400.55,-0.01,-0.0,-0.02,0.02
NBCC,15,423,-408,2016-12-27,2017-01-02,236.51,0.02,225.0,253.45,0.12,0.03,0.01,0.06,2017-01-02,2017-01-06,251.11,0.02,253.45,250.95,-0.01,-0.0,-0.03,0.01
SUPRAJIT,52,483,-431,2016-12-27,2017-01-02,190.79,0.03,188.6,204.1,0.08,0.02,-0.02,0.07,2017-01-02,2017-01-06,201.26,0.01,204.1,194.5,-0.05,-0.01,-0.02,0.01
DREDGECORP,7,439,-432,2016-12-27,2017-01-02,395.85,0.06,385.65,441.1,0.13,0.03,-0.01,0.14,2017-01-02,2017-01-06,435.98,0.02,441.1,432.95,-0.02,-0.0,-0.02,0.03
ICIL,40,484,-444,2016-12-27,2017-01-02,161.83,0.01,154.6,169.75,0.09,0.02,0.0,0.04,2017-01-02,2017-01-06,166.51,0.02,169.75,160.95,-0.05,-0.01,-0.03,0.01
NATIONALUM,10,467,-457,2016-12-27,2017-01-02,62.78,0.01,58.6,66.85,0.13,0.03,0.02,0.05,2017-01-02,2017-01-06,66.24,0.02,66.85,65.05,-0.03,-0.01,-0.03,0.02
JKCEMENT,6,471,-465,2016-12-27,2017-01-02,692.47,0.02,639.6,738.0,0.14,0.04,0.01,0.06,2017-01-02,2017-01-06,728.27,0.01,738.0,716.55,-0.03,-0.01,-0.02,0.0
KOLTEPATIL,2,488,-486,2016-12-27,2017-01-02,86.3,0.08,83.3,99.8,0.18,0.05,-0.01,0.18,2017-01-02,2017-01-06,94.25,0.02,99.8,90.95,-0.09,-0.02,-0.06,-0.0
