Symbol,Start_Price,Mean_Price,End_Price,nday_Return,Mean_log_Return,Min_Day_Change,Max_Day_Change,Volatility
JPASSOCIAT.NS,7.4,10.32,14.05,0.64,0.02,-0.05,0.18,0.04
UNITECH.NS,4.05,4.73,6.7,0.5,0.01,-0.04,0.15,0.04
MANAPPURAM.NS,61.0,76.86,98.15,0.48,0.01,-0.04,0.07,0.03
FLFL.NS,122.95,154.16,197.3,0.47,0.01,-0.04,0.07,0.02
JPPOWER.NS,3.8,4.45,6.0,0.46,0.01,-0.09,0.18,0.05
IDEA.NS,70.8,81.72,110.6,0.45,0.01,-0.05,0.23,0.05
BHARATFIN.NS,519.8,679.94,815.95,0.45,0.01,-0.08,0.1,0.04
JPINFRATEC.NS,7.15,8.39,10.8,0.41,0.01,-0.04,0.14,0.04
SUNTV.NS,489.15,547.28,737.65,0.41,0.01,-0.04,0.21,0.04
WELSPUNIND.NS,63.7,73.55,94.45,0.39,0.01,-0.03,0.09,0.03
RAIN.NS,53.15,62.13,78.0,0.38,0.01,-0.03,0.13,0.03
INDIACEM.NS,112.15,136.26,162.25,0.37,0.01,-0.04,0.09,0.02
INDIANB.NS,209.45,250.13,304.1,0.37,0.01,-0.03,0.06,0.02
BHUSANSTL.NS,40.8,48.87,58.05,0.35,0.01,-0.06,0.16,0.04
RCF.NS,44.95,54.94,63.0,0.34,0.01,-0.03,0.06,0.02
REPCOHOME.NS,522.8,633.19,729.05,0.33,0.01,-0.04,0.09,0.02
DALMIABHA.NS,1399.3,1693.77,1948.6,0.33,0.01,-0.08,0.07,0.03
RKFORGE.NS,297.55,354.46,408.35,0.32,0.01,-0.04,0.09,0.03
HINDPETRO.NS,420.55,495.02,576.9,0.32,0.01,-0.02,0.05,0.02
GEPIL.NS,467.9,548.33,643.4,0.32,0.01,-0.03,0.06,0.02
DCMSHRIRAM.NS,203.65,252.8,279.8,0.32,0.01,-0.04,0.09,0.03
CHENNPETRO.NS,262.7,320.4,361.25,0.32,0.01,-0.02,0.07,0.02
TITAN.NS,314.3,360.93,427.0,0.31,0.01,-0.03,0.08,0.02
DEN.NS,64.2,79.19,87.75,0.31,0.01,-0.06,0.11,0.03
BEML.NS,971.55,1147.54,1330.7,0.31,0.01,-0.02,0.15,0.03
AEGISCHEM.NS,134.35,139.38,182.8,0.31,0.01,-0.03,0.18,0.04
BAJAJFINSV.NS,2620.4,3109.91,3577.0,0.31,0.01,-0.03,0.08,0.02
HIMATSEIDE.NS,276.1,324.56,376.9,0.31,0.01,-0.03,0.12,0.03
OCL.NS,697.25,822.86,946.75,0.31,0.01,-0.06,0.06,0.03
KRBL.NS,277.7,336.64,379.15,0.31,0.01,-0.02,0.04,0.02
JINDALSTEL.NS,68.1,78.32,91.85,0.3,0.01,-0.04,0.09,0.03
MTNL.NS,18.35,20.75,24.7,0.3,0.01,-0.05,0.18,0.04
BGRENERGY.NS,110.25,129.12,149.55,0.3,0.01,-0.04,0.09,0.03
HAVELLS.NS,325.55,383.7,439.75,0.3,0.01,-0.04,0.04,0.02
CERA.NS,1916.45,2122.54,2576.05,0.3,0.01,-0.04,0.04,0.02
ESCORTS.NS,290.2,347.28,393.15,0.3,0.01,-0.04,0.08,0.03
RUCHISOYA.NS,18.95,22.08,25.3,0.29,0.01,-0.05,0.18,0.04
SAIL.NS,49.35,57.77,65.9,0.29,0.01,-0.03,0.06,0.02
NILKAMAL.NS,1262.4,1497.08,1688.1,0.29,0.01,-0.02,0.11,0.03
CESC.NS,620.55,695.89,827.65,0.29,0.01,-0.02,0.05,0.02
BHEL.NS,119.0,131.56,157.2,0.28,0.01,-0.03,0.06,0.02
DELTACORP.NS,98.0,123.39,129.6,0.28,0.01,-0.03,0.11,0.03
SINTEX.NS,72.75,84.05,95.85,0.28,0.01,-0.08,0.07,0.03
CENTURYPLY.NS,163.7,184.92,215.9,0.28,0.01,-0.02,0.06,0.02
VIJAYABANK.NS,47.7,52.66,62.8,0.28,0.01,-0.03,0.18,0.04
MANPASAND.NS,529.3,589.76,699.95,0.28,0.01,-0.02,0.05,0.02
VGUARD.NS,163.8,179.68,215.75,0.28,0.01,-0.03,0.06,0.02
DCBBANK.NS,105.75,117.87,137.85,0.27,0.01,-0.03,0.04,0.02
TRENT.NS,196.15,220.37,256.95,0.27,0.01,-0.04,0.16,0.03
DLF.NS,113.75,128.87,148.4,0.27,0.01,-0.08,0.06,0.03
ADANIENT.NS,71.35,81.72,93.65,0.27,0.01,-0.06,0.15,0.03
EQUITAS.NS,143.0,158.55,186.05,0.26,0.01,-0.03,0.04,0.02
FEDERALBNK.NS,65.0,73.97,83.9,0.26,0.01,-0.04,0.06,0.02
NITINFIRE.NS,24.2,28.26,31.35,0.26,0.01,-0.03,0.09,0.02
DHFL.NS,233.9,269.89,303.15,0.26,0.01,-0.03,0.06,0.02
GMDCLTD.NS,91.6,107.96,118.85,0.26,0.01,-0.05,0.06,0.02
BALRAMCHIN.NS,118.95,138.54,154.0,0.26,0.01,-0.02,0.06,0.02
KAJARIACER.NS,450.7,529.57,578.75,0.25,0.01,-0.02,0.06,0.02
RAMCOCEM.NS,529.5,617.44,680.05,0.25,0.01,-0.05,0.05,0.02
IIFL.NS,259.05,278.89,331.55,0.25,0.01,-0.03,0.06,0.02
BAJFINANCE.NS,808.95,935.13,1040.85,0.25,0.01,-0.02,0.07,0.02
IBULHSGFIN.NS,639.25,726.07,820.45,0.25,0.01,-0.03,0.04,0.02
ANANTRAJ.NS,38.05,43.56,48.8,0.25,0.01,-0.04,0.08,0.03
CAPF.NS,528.1,613.08,677.8,0.25,0.01,-0.03,0.06,0.02
BANKINDIA.NS,107.05,115.51,136.85,0.25,0.01,-0.03,0.06,0.02
KWALITY.NS,117.65,135.02,150.45,0.25,0.01,-0.03,0.05,0.02
NATCOPHARM.NS,583.25,646.56,751.75,0.25,0.01,-0.04,0.05,0.02
JKCEMENT.NS,651.75,723.16,840.45,0.25,0.01,-0.02,0.06,0.02
GODREJIND.NS,402.9,442.39,511.6,0.24,0.01,-0.01,0.1,0.02
ASHOKA.NS,155.0,169.75,196.15,0.24,0.01,-0.04,0.05,0.02
DEEPAKFERT.NS,206.85,243.65,262.1,0.24,0.01,-0.05,0.14,0.03
TRIDENT.NS,55.95,63.56,71.3,0.24,0.01,-0.05,0.08,0.03
VINATIORGA.NS,582.2,672.7,740.7,0.24,0.01,-0.02,0.05,0.02
JUBLFOOD.NS,785.25,868.68,1001.1,0.24,0.01,-0.05,0.09,0.02
KOLTEPATIL.NS,84.6,93.28,107.65,0.24,0.01,-0.06,0.18,0.05
GPPL.NS,129.25,138.63,164.05,0.24,0.01,-0.04,0.05,0.02
NLCINDIA.NS,74.85,87.15,95.25,0.24,0.01,-0.04,0.09,0.02
CANFINHOME.NS,1589.6,1737.55,1991.85,0.23,0.01,-0.09,0.07,0.03
CROMPGREAV.NS,57.65,63.71,72.35,0.23,0.01,-0.03,0.04,0.02
CAPLIPOINT.NS,341.45,390.95,428.95,0.23,0.01,-0.03,0.11,0.03
APLAPOLLO.NS,891.15,1001.59,1123.35,0.23,0.01,-0.03,0.04,0.01
SREINFRA.NS,74.25,84.4,93.55,0.23,0.01,-0.04,0.07,0.03
ADANIPOWER.NS,29.15,34.24,36.75,0.23,0.01,-0.12,0.05,0.03
JUSTDIAL.NS,339.25,366.51,427.4,0.23,0.01,-0.05,0.14,0.03
ADANITRANS.NS,53.5,61.0,66.7,0.22,0.01,-0.06,0.06,0.02
RALLIS.NS,192.95,216.29,241.3,0.22,0.01,-0.02,0.06,0.02
GODFRYPHLP.NS,852.35,1033.1,1062.65,0.22,0.01,-0.02,0.18,0.03
MRPL.NS,88.75,103.7,110.55,0.22,0.01,-0.08,0.09,0.03
SOMANYCERA.NS,493.45,542.1,614.35,0.22,0.01,-0.02,0.08,0.02
YESBANK.NS,1124.7,1298.21,1408.2,0.22,0.01,-0.02,0.04,0.02
GODREJPROP.NS,293.75,331.12,366.2,0.22,0.01,-0.03,0.07,0.02
BAJAJELEC.NS,211.1,231.66,263.1,0.22,0.01,-0.03,0.05,0.02
CORPBANK.NS,41.05,43.77,51.35,0.22,0.01,-0.03,0.08,0.02
ITC.NS,224.7,253.12,277.65,0.21,0.01,-0.03,0.04,0.01
INDHOTEL.NS,95.25,104.27,117.6,0.21,0.01,-0.02,0.05,0.02
HINDZINC.NS,258.45,284.17,317.9,0.21,0.01,-0.03,0.05,0.02
INDUSINDBK.NS,1062.0,1201.39,1304.0,0.21,0.01,-0.02,0.06,0.02
COROMANDEL.NS,275.5,318.16,341.3,0.21,0.01,-0.03,0.05,0.02
GMRINFRA.NS,11.7,12.67,14.4,0.21,0.01,-0.04,0.06,0.02
MMTC.NS,51.4,63.57,63.35,0.21,0.01,-0.05,0.16,0.04
IOC.NS,313.25,355.91,387.45,0.21,0.01,-0.03,0.05,0.02
KEC.NS,134.2,146.44,166.2,0.21,0.01,-0.02,0.05,0.02
BLUESTARCO.NS,450.15,505.99,556.35,0.21,0.01,-0.03,0.05,0.02
TECHNO.NS,299.2,336.85,368.05,0.21,0.01,-0.03,0.06,0.02
TATACOMM.NS,625.15,677.2,774.6,0.21,0.01,-0.04,0.06,0.02
MUTHOOTFIN.NS,275.0,304.15,339.0,0.21,0.01,-0.05,0.07,0.03
APARINDS.NS,571.15,627.49,704.45,0.21,0.01,-0.06,0.1,0.02
BBTC.NS,486.65,551.05,601.25,0.21,0.01,-0.02,0.04,0.01
CCL.NS,254.05,283.08,310.9,0.2,0.01,-0.02,0.05,0.01
GDL.NS,223.25,244.59,273.4,0.2,0.01,-0.05,0.03,0.02
GVKPIL.NS,5.5,5.86,6.75,0.2,0.01,-0.04,0.07,0.02
ASHOKLEY.NS,77.7,86.42,95.3,0.2,0.01,-0.02,0.07,0.02
JUBILANT.NS,588.75,679.02,717.2,0.2,0.01,-0.06,0.11,0.03
PRISMCEM.NS,80.85,90.08,98.4,0.2,0.01,-0.05,0.07,0.03
DENABANK.NS,32.9,34.92,40.05,0.2,0.01,-0.03,0.07,0.02
SUZLON.NS,13.95,15.61,17.1,0.2,0.01,-0.05,0.09,0.02
IDBI.NS,67.8,75.06,82.6,0.2,0.01,-0.03,0.05,0.02
CHAMBLFERT.NS,65.85,79.63,80.75,0.2,0.01,-0.05,0.11,0.03
PVR.NS,1051.6,1213.59,1282.9,0.2,0.01,-0.04,0.05,0.02
UNIONBANK.NS,126.55,139.01,153.9,0.2,0.01,-0.08,0.1,0.03
ALBK.NS,60.55,65.59,74.0,0.2,0.01,-0.05,0.04,0.02
SUNDRMFAST.NS,278.25,310.16,339.8,0.2,0.01,-0.04,0.07,0.02
PTC.NS,72.0,81.01,88.2,0.2,0.01,-0.03,0.06,0.02
VSTIND.NS,2221.35,2442.72,2677.5,0.19,0.01,-0.03,0.07,0.02
TATAGLOBAL.NS,118.85,128.52,143.9,0.19,0.01,-0.03,0.06,0.02
KSCL.NS,392.1,446.69,476.4,0.19,0.01,-0.04,0.05,0.02
ULTRACEMCO.NS,3107.1,3463.29,3752.45,0.19,0.01,-0.02,0.04,0.01
HDIL.NS,58.05,62.66,69.85,0.19,0.01,-0.07,0.07,0.03
SEQUENT.NS,109.4,124.09,131.85,0.19,0.01,-0.04,0.11,0.03
PNB.NS,120.0,128.84,144.65,0.19,0.01,-0.04,0.05,0.02
RENUKA.NS,13.2,15.0,16.0,0.19,0.01,-0.04,0.12,0.03
GRANULES.NS,108.55,112.57,131.05,0.19,0.01,-0.1,0.1,0.03
GSPL.NS,137.65,147.23,165.6,0.18,0.01,-0.05,0.06,0.02
IRB.NS,198.55,216.98,236.65,0.18,0.01,-0.05,0.05,0.02
BANKBARODA.NS,153.0,161.24,184.05,0.18,0.01,-0.04,0.05,0.02
ABB.NS,1026.4,1099.57,1225.6,0.18,0.01,-0.04,0.13,0.03
LITL.NS,3.55,3.81,4.25,0.18,0.01,-0.03,0.09,0.02
ABIRLANUVO.NS,1198.4,1310.18,1435.3,0.18,0.01,-0.06,0.05,0.02
GUJGASLTD.NS,516.8,551.95,616.65,0.18,0.01,-0.02,0.05,0.02
ZEELEARN.NS,39.25,44.24,47.05,0.18,0.01,-0.03,0.06,0.02
IFCI.NS,25.9,28.37,31.1,0.18,0.01,-0.06,0.13,0.03
AMBUJACEM.NS,200.05,219.03,238.4,0.18,0.01,-0.02,0.04,0.02
HEIDELBERG.NS,105.45,116.52,125.75,0.18,0.01,-0.05,0.07,0.02
MCLEODRUSS.NS,142.65,151.08,171.2,0.18,0.01,-0.03,0.06,0.02
HFCL.NS,12.25,13.39,14.6,0.18,0.01,-0.02,0.09,0.02
RECLTD.NS,122.75,136.08,146.5,0.18,0.01,-0.04,0.04,0.02
BATAINDIA.NS,424.9,470.52,509.2,0.18,0.01,-0.02,0.04,0.01
CONCOR.NS,1102.2,1183.09,1313.1,0.18,0.01,-0.02,0.04,0.01
NMDC.NS,123.1,139.0,147.75,0.18,0.01,-0.03,0.04,0.02
CENTURYTEX.NS,773.4,835.4,929.7,0.18,0.01,-0.03,0.04,0.02
EDELWEISS.NS,98.2,107.3,118.0,0.18,0.01,-0.07,0.07,0.03
PEL.NS,1468.3,1690.04,1765.8,0.18,0.01,-0.04,0.04,0.02
BOMDYEING.NS,48.75,53.48,58.55,0.18,0.01,-0.04,0.06,0.02
BHARTIARTL.NS,295.55,323.02,355.25,0.18,0.01,-0.02,0.07,0.02
SMLISUZU.NS,1044.95,1175.86,1249.25,0.18,0.01,-0.03,0.04,0.02
SUNDARMFIN.NS,1139.4,1250.58,1368.95,0.18,0.01,-0.02,0.04,0.01
TORNTPOWER.NS,174.0,188.56,208.3,0.18,0.01,-0.04,0.06,0.02
EXIDEIND.NS,173.3,190.81,207.6,0.18,0.01,-0.03,0.03,0.01
BPCL.NS,610.9,670.2,726.85,0.17,0.01,-0.03,0.04,0.02
AVANTIFEED.NS,485.35,545.45,573.35,0.17,0.0,-0.04,0.07,0.02
ANDHRABANK.NS,48.5,50.22,57.7,0.17,0.01,-0.04,0.06,0.02
SCI.NS,57.55,64.86,68.55,0.17,0.01,-0.03,0.05,0.02
ZEEL.NS,442.65,477.13,522.6,0.17,0.0,-0.02,0.04,0.02
MARUTI.NS,5197.15,5716.37,6157.1,0.17,0.0,-0.01,0.05,0.01
MFSL.NS,529.2,563.67,627.35,0.17,0.01,-0.01,0.03,0.01
SRTRANSFIN.NS,803.65,922.18,952.5,0.17,0.0,-0.03,0.04,0.02
EMAMILTD.NS,961.15,1038.8,1139.85,0.17,0.01,-0.03,0.07,0.02
BAJAJHIND.NS,13.3,14.63,15.75,0.17,0.0,-0.03,0.08,0.03
INFIBEAM.NS,1160.75,1210.01,1374.15,0.17,0.0,-0.03,0.1,0.02
PUNJLLOYD.NS,18.65,20.29,22.0,0.17,0.0,-0.02,0.05,0.02
IGL.NS,877.1,937.66,1027.7,0.16,0.0,-0.02,0.03,0.01
HONAUT.NS,8503.85,9264.61,9948.65,0.16,0.0,-0.02,0.04,0.01
VTL.NS,1098.5,1174.85,1295.25,0.16,0.0,-0.03,0.04,0.01
KALPATPOWR.NS,241.5,267.59,283.3,0.16,0.0,-0.03,0.04,0.02
KESORAMIND.NS,123.95,138.71,145.2,0.16,0.0,-0.08,0.06,0.03
TATASTEEL.NS,390.85,441.4,459.85,0.16,0.0,-0.03,0.04,0.02
RADICO.NS,110.65,117.65,129.25,0.16,0.0,-0.02,0.05,0.02
UPL.NS,627.0,697.04,738.45,0.16,0.0,-0.02,0.04,0.02
EIDPARRY.NS,243.65,277.93,286.8,0.16,0.0,-0.02,0.05,0.02
VIPIND.NS,115.65,125.08,136.0,0.16,0.0,-0.02,0.05,0.02
TATACHEM.NS,486.5,523.86,570.3,0.16,0.0,-0.03,0.04,0.01
NHPC.NS,26.2,28.4,30.9,0.16,0.0,-0.07,0.09,0.03
ASTRAL.NS,385.05,395.75,449.9,0.16,0.0,-0.02,0.07,0.02
BIOCON.NS,930.6,996.35,1089.8,0.16,0.0,-0.04,0.05,0.02
SHREECEM.NS,13628.5,15006.69,16009.4,0.16,0.0,-0.03,0.06,0.02
NATIONALUM.NS,57.8,69.67,68.05,0.16,0.0,-0.06,0.07,0.03
GRASIM.NS,828.55,885.93,974.65,0.16,0.0,-0.06,0.04,0.02
ORIENTBANK.NS,108.25,114.61,125.6,0.15,0.0,-0.04,0.05,0.02
NETWORK18.NS,32.5,35.4,37.75,0.15,0.0,-0.04,0.09,0.02
ADANIPORTS.NS,262.9,289.71,304.8,0.15,0.0,-0.04,0.04,0.02
AHLUCONT.NS,250.0,267.28,290.15,0.15,0.0,-0.02,0.04,0.02
STAR.NS,1040.35,1117.02,1205.35,0.15,0.0,-0.02,0.1,0.02
EVEREADY.NS,213.7,232.09,248.25,0.15,0.0,-0.04,0.06,0.02
SRF.NS,1493.95,1631.14,1743.4,0.15,0.0,-0.02,0.05,0.01
GREAVESCOT.NS,119.7,129.95,139.7,0.15,0.0,-0.03,0.04,0.02
GREENPLY.NS,247.5,258.6,286.75,0.15,0.0,-0.04,0.05,0.02
VRLLOG.NS,264.6,284.29,306.0,0.15,0.0,-0.02,0.03,0.01
DREDGECORP.NS,394.5,445.91,459.95,0.15,0.0,-0.03,0.14,0.03
GRUH.NS,311.15,334.61,360.9,0.15,0.0,-0.03,0.05,0.02
BOSCHLTD.NS,19715.9,21512.53,22966.1,0.15,0.0,-0.02,0.05,0.02
GSFC.NS,93.55,107.68,108.75,0.15,0.0,-0.05,0.04,0.02
EROSMEDIA.NS,162.15,173.4,188.0,0.15,0.0,-0.05,0.12,0.03
ACC.NS,1296.3,1367.57,1485.5,0.14,0.0,-0.03,0.04,0.02
ASIANPAINT.NS,874.0,943.07,1002.85,0.14,0.0,-0.02,0.03,0.01
STCINDIA.NS,143.5,199.94,165.55,0.14,0.0,-0.05,0.18,0.05
FINPIPE.NS,436.2,457.87,501.8,0.14,0.0,-0.03,0.05,0.02
WHIRLPOOL.NS,868.1,935.89,995.1,0.14,0.0,-0.04,0.04,0.02
VEDL.NS,216.65,238.51,249.3,0.14,0.0,-0.04,0.05,0.02
SYNDIBANK.NS,61.65,65.64,70.8,0.14,0.0,-0.03,0.06,0.02
JKIL.NS,196.95,224.02,227.4,0.14,0.0,-0.04,0.06,0.02
ATUL.NS,2020.15,2169.7,2321.8,0.14,0.0,-0.04,0.04,0.02
ALOKTEXT.NS,3.1,3.44,3.55,0.14,0.0,-0.04,0.12,0.03
ITDCEM.NS,142.75,159.69,163.6,0.14,0.0,-0.03,0.11,0.02
HINDALCO.NS,159.3,174.26,183.7,0.14,0.0,-0.05,0.06,0.03
HINDCOPPER.NS,58.55,65.24,67.55,0.14,0.0,-0.04,0.06,0.02
DBREALTY.NS,37.7,39.77,43.2,0.14,0.0,-0.04,0.05,0.02
SOUTHBANK.NS,20.05,21.0,23.05,0.14,0.0,-0.06,0.04,0.02
OFSS.NS,3202.25,3294.59,3687.1,0.14,0.0,-0.02,0.06,0.02
ICIL.NS,158.35,173.53,181.65,0.14,0.0,-0.04,0.05,0.02
JBFIND.NS,208.85,223.93,240.15,0.14,0.0,-0.04,0.08,0.02
SUNTECK.NS,216.85,238.39,250.35,0.14,0.0,-0.04,0.05,0.02
JISLJALEQS.NS,84.85,92.49,96.6,0.13,0.0,-0.06,0.04,0.02
JSWHL.NS,1336.7,1446.1,1529.9,0.13,0.0,-0.02,0.02,0.01
ORIENTCEM.NS,119.55,130.13,135.95,0.13,0.0,-0.03,0.05,0.02
POLARIS.NS,143.8,157.53,163.25,0.13,0.0,-0.03,0.03,0.01
MOTILALOFS.NS,519.1,540.27,593.1,0.13,0.0,-0.04,0.05,0.02
3MINDIA.NS,10301.5,11721.49,11790.2,0.13,0.0,-0.02,0.07,0.02
GAIL.NS,431.55,455.73,490.35,0.13,0.0,-0.03,0.05,0.02
COFFEEDAY.NS,197.3,199.14,224.6,0.13,0.0,-0.02,0.1,0.02
CUB.NS,131.25,142.89,150.15,0.13,0.0,-0.06,0.04,0.02
CUMMINSIND.NS,797.75,841.33,906.0,0.13,0.0,-0.04,0.06,0.02
CASTROLIND.NS,366.55,395.68,418.35,0.13,0.0,-0.03,0.03,0.01
EICHERMOT.NS,20921.9,22685.45,23893.2,0.13,0.0,-0.03,0.04,0.02
SNOWMAN.NS,51.15,56.43,58.2,0.13,0.0,-0.04,0.06,0.02
BRITANNIA.NS,2831.2,3025.76,3225.95,0.13,0.0,-0.02,0.03,0.01
SKFINDIA.NS,1245.25,1288.77,1411.95,0.13,0.0,-0.02,0.04,0.01
SJVN.NS,29.7,31.56,33.9,0.13,0.0,-0.03,0.07,0.02
FINCABLES.NS,404.15,425.21,462.45,0.13,0.0,-0.03,0.04,0.01
BRIGADE.NS,148.0,155.42,169.05,0.13,0.0,-0.03,0.05,0.01
BRFL.NS,138.2,149.81,158.0,0.13,0.0,-0.03,0.11,0.02
SIEMENS.NS,1070.85,1155.79,1224.2,0.13,0.0,-0.03,0.03,0.01
SWANENERGY.NS,150.15,170.21,170.25,0.13,0.0,-0.12,0.06,0.03
HDFC.NS,1224.85,1286.6,1396.9,0.13,0.0,-0.04,0.04,0.01
HTMEDIA.NS,73.15,77.98,83.05,0.13,0.0,-0.03,0.05,0.02
IBREALEST.NS,70.65,78.17,80.7,0.13,0.0,-0.04,0.06,0.02
BAJAJHLDNG.NS,1806.85,1908.9,2058.55,0.13,0.0,-0.03,0.03,0.01
RTNPOWER.NS,6.65,7.11,7.6,0.13,0.0,-0.05,0.06,0.02
TATAELXSI.NS,1323.35,1431.39,1501.05,0.13,0.0,-0.03,0.06,0.02
SYMPHONY.NS,1181.9,1219.66,1349.6,0.13,0.0,-0.03,0.11,0.02
RELINFRA.NS,477.75,503.86,543.3,0.13,0.0,-0.07,0.03,0.02
MAYURUNIQ.NS,339.45,356.97,382.95,0.12,0.0,-0.02,0.04,0.01
ALKEM.NS,1601.2,1678.12,1812.2,0.12,0.0,-0.04,0.04,0.01
CAIRN.NS,243.95,263.5,274.35,0.12,0.0,-0.03,0.04,0.02
BEL.NS,1384.95,1485.5,1564.35,0.12,0.0,-0.03,0.04,0.02
AMTEKAUTO.NS,32.9,34.1,36.95,0.12,0.0,-0.04,0.11,0.02
TATACOFFEE.NS,113.7,119.66,128.65,0.12,0.0,-0.04,0.06,0.02
BALKRISIND.NS,1048.95,1116.23,1184.5,0.12,0.0,-0.03,0.08,0.02
BIRLACORPN.NS,641.1,697.58,725.6,0.12,0.0,-0.03,0.06,0.02
RELCAPITAL.NS,437.55,453.86,493.25,0.12,0.0,-0.06,0.04,0.02
RAJESHEXPO.NS,441.6,488.61,497.4,0.12,0.0,-0.02,0.04,0.01
SIMPLEXINF.NS,275.1,293.23,311.35,0.12,0.0,-0.04,0.09,0.03
PFS.NS,37.2,40.65,41.8,0.12,0.0,-0.04,0.05,0.02
ICICIBANK.NS,251.85,265.36,285.0,0.12,0.0,-0.02,0.05,0.02
PIDILITIND.NS,587.0,636.68,663.1,0.12,0.0,-0.02,0.05,0.02
SOBHA.NS,247.0,260.76,277.7,0.12,0.0,-0.02,0.03,0.01
PFC.NS,119.7,130.73,135.45,0.12,0.0,-0.04,0.04,0.02
MOTHERSUMI.NS,309.1,329.36,348.85,0.12,0.0,-0.03,0.04,0.01
WABCOINDIA.NS,4910.5,5281.08,5533.85,0.12,0.0,-0.02,0.11,0.03
NCC.NS,78.0,82.66,87.4,0.11,0.0,-0.04,0.04,0.02
TIDEWATER.NS,5510.95,5876.42,6170.05,0.11,0.0,-0.03,0.07,0.02
ARVIND.NS,339.6,362.99,379.95,0.11,0.0,-0.04,0.06,0.02
KARURVYSYA.NS,82.55,84.42,92.3,0.11,0.0,-0.02,0.03,0.01
WONDERLA.NS,340.45,357.21,379.5,0.11,0.0,-0.03,0.03,0.02
TV18BRDCST.NS,36.25,37.4,40.35,0.11,0.0,-0.03,0.07,0.02
JAGRAN.NS,168.2,179.55,186.85,0.11,0.0,-0.02,0.03,0.01
MHRIL.NS,393.55,409.51,438.25,0.11,0.0,-0.03,0.05,0.01
AARTIIND.NS,701.4,712.99,786.45,0.11,0.0,-0.03,0.03,0.01
LT.NS,1337.45,1420.01,1490.7,0.11,0.0,-0.02,0.03,0.01
COALINDIA.NS,287.85,308.58,322.15,0.11,0.0,-0.03,0.05,0.02
THERMAX.NS,769.8,806.37,859.8,0.11,0.0,-0.03,0.04,0.02
BHARATFORG.NS,911.95,938.11,1017.75,0.11,0.0,-0.03,0.05,0.02
CARBORUNIV.NS,240.85,253.83,268.15,0.11,0.0,-0.02,0.04,0.01
SUVEN.NS,163.45,174.5,181.75,0.11,0.0,-0.03,0.04,0.02
TRITURBINE.NS,114.85,119.29,128.5,0.11,0.0,-0.04,0.05,0.02
JMFINANCIL.NS,66.7,70.89,74.7,0.11,0.0,-0.04,0.09,0.02
BERGEPAINT.NS,202.6,213.51,225.4,0.11,0.0,-0.05,0.05,0.02
JKLAKSHMI.NS,339.25,365.74,380.55,0.11,0.0,-0.02,0.04,0.01
RPOWER.NS,41.2,43.71,45.65,0.1,0.0,-0.04,0.02,0.01
POWERGRID.NS,182.3,194.9,202.15,0.1,0.0,-0.02,0.04,0.01
SHRIRAMCIT.NS,1770.75,1896.75,1959.7,0.1,0.0,-0.07,0.06,0.02
TATAMOTORS.NS,465.65,510.63,512.85,0.1,0.0,-0.04,0.04,0.02
TATAPOWER.NS,73.95,78.12,81.6,0.1,0.0,-0.02,0.03,0.01
TATASPONGE.NS,559.95,601.05,617.35,0.1,0.0,-0.03,0.03,0.01
SUPRAJIT.NS,188.4,194.79,207.6,0.1,0.0,-0.02,0.07,0.02
SOLARINDS.NS,660.65,700.05,727.7,0.1,0.0,-0.02,0.05,0.01
SBIN.NS,249.15,256.78,275.85,0.1,0.0,-0.03,0.04,0.01
VAKRANGEE.NS,273.95,289.63,303.2,0.1,0.0,-0.02,0.04,0.01
CANBK.NS,279.7,280.52,309.45,0.1,0.0,-0.06,0.04,0.02
GULFOILLUB.NS,635.55,658.94,700.05,0.1,0.0,-0.07,0.06,0.02
IPAPPM.NS,295.85,313.26,326.05,0.1,0.0,-0.04,0.05,0.02
EIHOTEL.NS,94.95,98.32,104.55,0.1,0.0,-0.03,0.03,0.01
WELCORP.NS,79.45,80.84,88.05,0.1,0.0,-0.08,0.07,0.02
AXISBANK.NS,438.1,463.66,485.25,0.1,0.0,-0.07,0.04,0.02
TVSMOTOR.NS,370.65,382.79,408.0,0.1,0.0,-0.04,0.05,0.02
KTKBANK.NS,108.45,116.76,119.15,0.09,0.0,-0.05,0.04,0.02
IDFC.NS,51.7,56.09,56.8,0.09,0.0,-0.04,0.06,0.02
BFUTILITIE.NS,386.6,388.24,421.95,0.09,0.0,-0.04,0.04,0.02
AUROPHARMA.NS,647.55,688.12,706.75,0.09,0.0,-0.04,0.03,0.02
GODREJCP.NS,1433.6,1544.69,1564.75,0.09,0.0,-0.02,0.03,0.01
SHOPERSTOP.NS,296.55,293.27,324.65,0.09,0.0,-0.05,0.05,0.02
SFCL.NS,95.5,98.21,104.5,0.09,0.0,-0.04,0.04,0.01
SHARDACROP.NS,446.9,471.64,490.45,0.09,0.0,-0.02,0.06,0.02
JAICORPLTD.NS,65.6,71.61,71.55,0.09,0.0,-0.03,0.07,0.02
FAGBEARING.NS,3827.6,3933.5,4173.65,0.09,0.0,-0.01,0.03,0.01
UCOBANK.NS,33.45,34.29,36.7,0.09,0.0,-0.02,0.06,0.01
APOLLOHOSP.NS,1136.4,1198.62,1240.7,0.09,0.0,-0.02,0.04,0.01
MAHINDCIE.NS,177.75,191.01,195.3,0.09,0.0,-0.04,0.04,0.02
LINDEINDIA.NS,354.75,359.47,390.05,0.09,0.0,-0.03,0.07,0.02
HDFCBANK.NS,1186.25,1243.04,1297.65,0.09,0.0,-0.01,0.02,0.01
ABAN.NS,224.15,242.64,245.9,0.09,0.0,-0.03,0.04,0.02
DHANUKA.NS,713.65,748.28,779.3,0.09,0.0,-0.06,0.05,0.02
MARICO.NS,245.4,257.14,267.8,0.09,0.0,-0.03,0.05,0.02
TATAMTRDVR.NS,293.7,322.29,319.9,0.09,0.0,-0.03,0.04,0.02
HCC.NS,38.15,41.78,41.85,0.09,0.0,-0.06,0.06,0.02
SUPREMEIND.NS,897.55,910.86,985.8,0.09,0.0,-0.03,0.03,0.01
CENTRALBK.NS,83.05,84.45,90.0,0.08,0.0,-0.02,0.03,0.01
RDEL.NS,54.55,57.11,59.35,0.08,0.0,-0.02,0.08,0.02
JSWENERGY.NS,58.35,61.71,63.25,0.08,0.0,-0.05,0.06,0.02
VOLTAS.NS,316.2,334.27,342.65,0.08,0.0,-0.04,0.04,0.02
TNPL.NS,332.05,342.73,359.55,0.08,0.0,-0.03,0.04,0.01
CADILAHC.NS,336.85,357.97,366.25,0.08,0.0,-0.07,0.04,0.02
DBCORP.NS,353.65,367.22,383.75,0.08,0.0,-0.05,0.03,0.01
HATHWAY.NS,33.75,36.37,36.7,0.08,0.0,-0.03,0.04,0.02
IGARASHI.NS,699.55,725.98,759.3,0.08,0.0,-0.03,0.03,0.01
JYOTHYLAB.NS,329.05,342.72,356.2,0.08,0.0,-0.03,0.04,0.01
CHOLAFIN.NS,934.8,985.42,1016.7,0.08,0.0,-0.04,0.05,0.02
FORTIS.NS,179.15,186.94,194.7,0.08,0.0,-0.04,0.04,0.02
LAKSHVILAS.NS,141.55,140.07,154.05,0.08,0.0,-0.03,0.05,0.01
AKZOINDIA.NS,1372.3,1420.71,1486.6,0.08,0.0,-0.02,0.04,0.01
OBEROIRLTY.NS,302.2,312.8,327.55,0.08,0.0,-0.03,0.06,0.02
IOB.NS,24.9,25.55,27.1,0.08,0.0,-0.03,0.04,0.02
KOTAKBANK.NS,711.75,738.74,769.65,0.08,0.0,-0.02,0.07,0.01
ICRA.NS,3966.45,4058.84,4317.15,0.08,0.0,-0.01,0.06,0.01
KANSAINER.NS,324.7,337.98,352.65,0.08,0.0,-0.03,0.03,0.01
RAYMOND.NS,472.2,506.28,506.45,0.07,0.0,-0.04,0.06,0.02
SBBJ.NS,684.3,691.47,736.2,0.07,0.0,-0.02,0.03,0.01
RELAXO.NS,399.65,418.61,427.1,0.07,0.0,-0.03,0.05,0.01
RIIL.NS,376.95,397.22,405.3,0.07,0.0,-0.02,0.04,0.01
HINDUNILVR.NS,789.5,840.07,850.75,0.07,0.0,-0.02,0.03,0.01
HEROMOTOCO.NS,3040.1,3118.57,3265.1,0.07,0.0,-0.02,0.04,0.01
THOMASCOOK.NS,181.45,191.29,193.95,0.07,0.0,-0.03,0.04,0.01
DISHMAN.NS,211.3,230.17,226.55,0.07,0.0,-0.05,0.1,0.03
JKTYRE.NS,111.0,121.2,119.25,0.07,0.0,-0.04,0.05,0.02
PRESTIGE.NS,171.95,169.93,184.4,0.07,0.0,-0.03,0.05,0.02
ORISSAMINE.NS,2106.6,2294.01,2258.1,0.07,0.0,-0.03,0.09,0.02
TUBEINVEST.NS,569.35,581.49,609.1,0.07,0.0,-0.03,0.04,0.01
DYNAMATECH.NS,2880.85,2972.95,3075.65,0.07,0.0,-0.04,0.07,0.02
NAVINFLUOR.NS,2465.3,2671.01,2653.4,0.07,0.0,-0.04,0.04,0.02
WABAG.NS,452.8,484.61,488.05,0.07,0.0,-0.02,0.02,0.01
SADBHAV.NS,259.7,274.76,277.25,0.07,0.0,-0.02,0.04,0.01
SHK.NS,296.0,314.33,318.3,0.07,0.0,-0.04,0.09,0.02
JINDALPOLY.NS,325.1,338.72,349.65,0.07,0.0,-0.05,0.04,0.02
JETAIRWAYS.NS,349.1,382.63,374.3,0.07,0.0,-0.03,0.04,0.02
IDFCBANK.NS,58.75,61.94,62.45,0.06,0.0,-0.05,0.08,0.02
PGHH.NS,6621.8,6912.15,7014.65,0.06,0.0,-0.03,0.03,0.01
JBCHEPHARM.NS,327.0,345.3,348.55,0.06,0.0,-0.02,0.05,0.02
MYSOREBANK.NS,539.6,540.96,572.95,0.06,0.0,-0.03,0.03,0.01
GUJFLUORO.NS,468.2,477.27,495.35,0.06,0.0,-0.02,0.06,0.02
PIIND.NS,833.7,851.88,881.75,0.06,0.0,-0.03,0.07,0.02
GATI.NS,114.95,119.02,122.6,0.06,0.0,-0.04,0.03,0.02
SBT.NS,537.9,540.2,573.1,0.06,0.0,-0.03,0.04,0.01
OMAXE.NS,158.5,162.51,168.75,0.06,0.0,-0.01,0.02,0.01
BASF.NS,1082.0,1170.87,1151.7,0.06,0.0,-0.03,0.06,0.02
REDINGTON.NS,96.75,100.48,102.75,0.06,0.0,-0.05,0.03,0.01
UFLEX.NS,257.6,273.82,272.5,0.06,0.0,-0.03,0.04,0.02
KITEX.NS,406.45,420.89,432.5,0.06,0.0,-0.03,0.06,0.02
SITINET.NS,37.1,38.14,39.1,0.05,0.0,-0.03,0.04,0.01
ECLERX.NS,1345.35,1447.42,1413.25,0.05,0.0,-0.04,0.02,0.01
SUNPHARMA.NS,623.5,639.96,655.5,0.05,0.0,-0.02,0.04,0.01
DISHTV.NS,83.3,85.87,87.6,0.05,0.0,-0.05,0.03,0.01
OIL.NS,327.79,340.17,344.25,0.05,0.0,-0.05,0.03,0.02
MRF.NS,48996.5,51546.02,51685.7,0.05,0.0,-0.03,0.04,0.02
AIAENG.NS,1275.2,1333.27,1342.55,0.05,0.0,-0.03,0.06,0.02
NAVKARCORP.NS,161.8,171.07,170.3,0.05,0.0,-0.03,0.03,0.01
RAMCOSYS.NS,339.25,369.5,357.8,0.05,0.0,-0.07,0.09,0.03
LALPATHLAB.NS,1021.35,1088.49,1074.9,0.05,0.0,-0.02,0.02,0.01
TVTODAY.NS,259.1,270.68,271.6,0.05,0.0,-0.03,0.08,0.02
INGERRAND.NS,662.2,674.14,697.9,0.05,0.0,-0.02,0.03,0.01
BALLARPUR.NS,16.0,15.94,16.85,0.05,0.0,-0.02,0.05,0.02
PETRONET.NS,357.6,371.66,376.45,0.05,0.0,-0.03,0.05,0.02
UBL.NS,762.85,803.91,804.95,0.05,0.0,-0.03,0.02,0.01
PAGEIND.NS,13565.8,14044.84,14192.2,0.05,0.0,-0.05,0.06,0.02
ROLTA.NS,61.95,63.74,64.65,0.04,0.0,-0.05,0.04,0.02
TTKPRESTIG.NS,5379.8,5739.52,5619.5,0.04,0.0,-0.03,0.05,0.01
NTPC.NS,161.05,168.72,168.2,0.04,0.0,-0.02,0.05,0.02
BAJAJCORP.NS,357.15,376.83,373.45,0.04,0.0,-0.02,0.03,0.01
HMVL.NS,267.75,270.95,277.45,0.04,0.0,-0.05,0.03,0.01
UNICHEMLAB.NS,257.8,269.01,268.8,0.04,0.0,-0.02,0.03,0.01
TECHM.NS,467.1,475.48,485.0,0.04,0.0,-0.04,0.04,0.02
INDOCO.NS,258.5,268.12,268.8,0.04,0.0,-0.02,0.05,0.01
MOIL.NS,352.55,376.82,365.75,0.04,0.0,-0.05,0.05,0.02
SCHNEIDER.NS,138.55,142.76,144.85,0.04,0.0,-0.04,0.07,0.02
TIMKEN.NS,582.0,625.84,607.45,0.04,0.0,-0.05,0.04,0.02
WOCKPHARMA.NS,661.9,674.75,685.4,0.03,0.0,-0.04,0.05,0.02
AJANTPHARM.NS,1753.75,1762.04,1804.4,0.03,0.0,-0.04,0.03,0.01
CARERATING.NS,1340.6,1367.24,1387.35,0.03,0.0,-0.04,0.04,0.02
MONSANTO.NS,2255.2,2270.87,2313.65,0.03,0.0,-0.02,0.02,0.01
HSIL.NS,280.75,287.64,289.95,0.03,0.0,-0.03,0.04,0.01
PRAJIND.NS,80.95,82.59,83.2,0.03,0.0,-0.04,0.03,0.01
INOXLEISUR.NS,222.6,228.65,230.1,0.03,0.0,-0.04,0.03,0.02
LUPIN.NS,1445.8,1486.77,1491.35,0.03,0.0,-0.03,0.03,0.01
LICHSGFIN.NS,541.8,540.62,557.9,0.03,0.0,-0.05,0.04,0.02
GESHIP.NS,358.4,380.73,368.6,0.03,0.0,-0.03,0.04,0.01
GLENMARK.NS,925.7,901.84,955.8,0.03,0.0,-0.04,0.04,0.01
GSKCONS.NS,4951.15,5073.14,5122.6,0.03,0.0,-0.02,0.03,0.01
HCLTECH.NS,793.75,829.99,819.7,0.03,0.0,-0.04,0.03,0.01
INDIGO.NS,825.05,867.65,846.45,0.03,0.0,-0.08,0.03,0.02
ASTRAZEN.NS,916.95,950.05,939.85,0.02,0.0,-0.02,0.02,0.01
PCJEWELLER.NS,391.1,391.03,398.0,0.02,0.0,-0.03,0.05,0.02
PERSISTENT.NS,601.2,617.9,615.85,0.02,0.0,-0.03,0.03,0.01
PNCINFRA.NS,103.55,105.14,105.25,0.02,0.0,-0.01,0.04,0.01
WIPRO.NS,458.75,470.68,466.0,0.02,0.0,-0.02,0.02,0.01
SPARC.NS,310.15,313.19,316.4,0.02,0.0,-0.03,0.05,0.02
RCOM.NS,34.75,33.31,35.45,0.02,0.0,-0.05,0.11,0.03
FDC.NS,206.85,217.14,210.2,0.02,0.0,-0.08,0.05,0.02
SONATSOFTW.NS,188.9,198.89,190.4,0.01,0.0,-0.05,0.04,0.03
GRINDWELL.NS,325.7,324.82,329.9,0.01,0.0,-0.02,0.03,0.01
CIPLA.NS,582.3,579.99,587.65,0.01,0.0,-0.05,0.04,0.01
LAOPALA.NS,476.95,469.26,483.95,0.01,0.0,-0.05,0.04,0.02
DABUR.NS,262.05,274.82,265.75,0.01,0.0,-0.02,0.04,0.01
DRREDDY.NS,2998.55,3030.05,3023.1,0.01,0.0,-0.03,0.03,0.01
NAUKRI.NS,826.25,859.62,831.7,0.01,0.0,-0.05,0.07,0.02
MAHLIFE.NS,349.4,358.83,352.6,0.01,0.0,-0.03,0.02,0.01
MERCK.NS,969.75,968.27,981.75,0.01,0.0,-0.02,0.05,0.01
MPHASIS.NS,559.3,544.96,564.6,0.01,0.0,-0.05,0.04,0.02
TCS.NS,2288.1,2301.12,2317.3,0.01,0.0,-0.05,0.02,0.02
VIDEOIND.NS,103.75,104.11,104.0,0.0,0.0,-0.0,0.0,0.0
TVSSRICHAK.NS,3223.15,3241.88,3218.85,-0.0,-0.0,-0.04,0.06,0.01
ZYDUSWELL.NS,841.45,861.93,844.3,0.0,0.0,-0.02,0.04,0.01
TAKE.NS,136.35,139.5,136.3,-0.0,-0.0,-0.04,0.04,0.02
BLUEDART.NS,4280.75,4410.89,4282.9,0.0,0.0,-0.02,0.02,0.01
MARKSANS.NS,40.4,39.64,40.45,0.0,0.0,-0.03,0.04,0.01
FSL.NS,34.75,34.75,34.75,0.0,0.0,0.0,0.0,0.0
ONGC.NS,192.95,197.51,192.9,-0.0,-0.0,-0.03,0.02,0.01
KSBPUMPS.NS,616.25,621.51,618.2,0.0,0.0,-0.03,0.05,0.02
CEATLTD.NS,1143.65,1179.93,1144.2,0.0,0.0,-0.03,0.04,0.02
IPCALAB.NS,529.8,537.95,527.95,-0.0,-0.0,-0.02,0.04,0.01
GLAXO.NS,2727.0,2728.75,2735.85,0.0,0.0,-0.01,0.01,0.01
ABFRL.NS,220.35,220.35,220.35,0.0,0.0,0.0,0.0,0.0
JCHAC.NS,1403.45,1412.35,1396.1,-0.01,-0.0,-0.02,0.03,0.01
AMARAJABAT.NS,887.05,894.62,880.3,-0.01,-0.0,-0.03,0.03,0.02
HEXAWARE.NS,204.25,200.48,202.3,-0.01,-0.0,-0.04,0.03,0.02
ESSELPACK.NS,247.35,247.75,245.7,-0.01,-0.0,-0.03,0.04,0.02
MAGMA.NS,99.45,99.77,98.85,-0.01,-0.0,-0.05,0.04,0.02
KPRMILL.NS,607.05,578.47,601.6,-0.01,-0.0,-0.03,0.03,0.01
GILLETTE.NS,4293.05,4230.74,4207.05,-0.02,-0.0,-0.01,0.01,0.0
KPIT.NS,136.8,136.12,133.5,-0.02,-0.0,-0.05,0.02,0.01
INOXWIND.NS,185.05,184.91,180.75,-0.02,-0.0,-0.04,0.06,0.02
LAXMIMACH.NS,3926.1,3913.63,3847.85,-0.02,-0.0,-0.02,0.02,0.01
COLPAL.NS,902.15,896.91,884.2,-0.02,-0.0,-0.02,0.01,0.01
NIITTECH.NS,429.9,427.09,423.45,-0.02,-0.0,-0.05,0.04,0.02
TORNTPHARM.NS,1282.25,1309.61,1257.0,-0.02,-0.0,-0.03,0.03,0.01
RELIANCE.NS,1057.3,1052.8,1032.75,-0.02,-0.0,-0.03,0.02,0.01
SANOFI.NS,4219.4,4183.31,4143.15,-0.02,-0.0,-0.02,0.02,0.01
APOLLOTYRE.NS,189.35,186.52,183.6,-0.03,-0.0,-0.04,0.04,0.02
CYIENT.NS,483.15,478.46,466.75,-0.03,-0.0,-0.03,0.03,0.01
INTELLECT.NS,136.25,142.3,131.75,-0.03,-0.0,-0.07,0.06,0.03
NH.NS,339.65,337.4,330.45,-0.03,-0.0,-0.02,0.02,0.01
PFIZER.NS,1826.9,1796.29,1764.4,-0.03,-0.0,-0.01,0.01,0.01
CRISIL.NS,2141.35,2147.73,2059.8,-0.04,-0.0,-0.03,0.03,0.01
ZENSARTECH.NS,945.3,919.77,911.2,-0.04,-0.0,-0.03,0.02,0.01
BLISSGVS.NS,161.2,153.92,155.15,-0.04,-0.0,-0.06,0.04,0.02
INFY.NS,988.45,963.64,946.0,-0.04,-0.0,-0.02,0.03,0.01
SYNGENE.NS,539.4,565.12,511.1,-0.05,-0.0,-0.04,0.07,0.02
ALLCARGO.NS,176.95,175.97,167.75,-0.05,-0.0,-0.03,0.03,0.02
SHILPAMED.NS,753.05,703.48,713.8,-0.05,-0.0,-0.08,0.04,0.02
RELIGARE.NS,251.2,248.25,239.65,-0.05,-0.0,-0.04,0.05,0.02
INFRATEL.NS,336.4,337.15,319.0,-0.05,-0.0,-0.11,0.03,0.03
PHOENIXLTD.NS,373.15,361.38,351.8,-0.06,-0.0,-0.03,0.02,0.01
8KMILES.NS,656.05,647.37,617.7,-0.06,-0.0,-0.04,0.05,0.02
MINDTREE.NS,496.9,483.95,457.6,-0.08,-0.0,-0.05,0.05,0.02
JMTAUTOLTD.NS,19.15,19.15,17.55,-0.09,-0.0,-0.04,0.11,0.02
APLLTD.NS,614.5,589.17,558.15,-0.1,-0.0,-0.03,0.01,0.01
DIVISLAB.NS,861.5,743.06,757.05,-0.13,-0.0,-0.12,0.06,0.03
TEXRAIL.NS,112.2,108.84,95.8,-0.16,-0.0,-0.07,0.05,0.02
NBCC.NS,334.88,318.14,280.95,-0.18,-0.01,-0.4,0.06,0.07
ENGINERSIN.NS,323.5,172.17,158.95,-0.71,-0.02,-0.68,0.05,0.12
BALMLAWRIE.NS,1050.65,251.75,218.55,-1.57,-0.05,-1.49,0.05,0.25
GAYAPROJ.NS,3143.5,2857.61,144.56,-3.08,-0.09,-1.61,0.05,0.38
JSWSTEEL.NS,15680.5,913.74,193.65,-4.39,-0.13,-2.33,0.07,0.55
